horse_id,sire,dam_sire
2023105347,リアルスティール,American Pharoah
2023105277,シスキン,ハービンジャー
2023103400,マインドユアビスケッツ,ステイゴールド
2023105558,シスキン,ヴィクトワールピサ
2023109031,セイウンコウセイ,オルフェーヴル
2023100772,ヘンリーバローズ,キングカメハメハ
2023100986,マテラスカイ,アグネスタキオン
2023105359,ダイワメジャー,ヘニーヒューズ
2023105738,モズアスコット,アグネスデジタル
2023100344,ジャスタウェイ,カネヒキリ
2023100672,ミッキーアイル,ゼンノロブロイ
2023104705,サンダースノー,スペシャルウィーク
2022110064,Nyquist,Tiznow
2022102799,フォーウィールドライブ,Galileo
2022106194,ミスターメロディ,ステイゴールド
2022101204,リオンディーズ,ストロングリターン
2022102103,シニスターミニスター,ワイルドラッシュ
2022102967,タワーオブロンドン,ロックオブジブラルタル
2022110124,Mitole,Mr. Greeley
2022105228,ナダル,アグネスタキオン
2022110019,Too Darn Hot,Dawn Approach
2022107411,タワーオブロンドン,ゴールドヘイロー
2022104131,リアルスティール,Mineshaft
2022100595,フリオーソ,グラスワンダー
2022102905,シニスターミニスター,Seattle Fitz
2022100997,ホッコータルマエ,キングヘイロー
2022101234,ルヴァンスレーヴ,フリオーソ
2022106614,マジェスティックウォリアー,Ghostzapper
2022102567,ノヴェリスト,ダイワメジャー
2022101769,エスケンデレヤ,エスポワールシチー
2022105547,サートゥルナーリア,Tapit
2022105487,ニューイヤーズデイ,ハーツクライ
2022107059,ミッキーアイル,ヴィクトワールピサ
2022104404,サンダースノー,ディープインパクト
2022102728,ロゴタイプ,ゴールドアリュール
2022104381,ディーマジェスティ,Medicean
2022102356,フォーウィールドライブ,ネオユニヴァース
2022101090,リアルスティール,クロフネ
2022104198,リオンディーズ,ブライアンズタイムBrian'
2022101412,グレーターロンドン,Holy Roman Emperor
2022105126,エピファネイア,ハーツクライ
2022101487,ブリックスアンドモルタル,エイシンフラッシュ
2022105561,ブリックスアンドモルタル,Galileo
2022100662,ロードカナロア,Medaglia d'Oro
2022106845,ゴールドアクター,ハービンジャー
2022105327,スワーヴリチャード,Indian Charlie
2022103631,サトノダイヤモンド,フレンチデピュティ
2022104641,エピファネイア,Ruler of The World
2022106590,デクラレーションオブウォー,ブラックタイド
2022107313,リオンディーズ,ハーツクライ
2022105264,ブリックスアンドモルタル,ディープインパクト
2022104170,キズナ,クロフネ
2023102583,ルヴァンスレーヴ,サウスヴィグラス
2023104151,ホッコータルマエ,ヘニーヒューズ
2023102592,モーリス,Tale of the Cat
2023105786,ルヴァンスレーヴ,クロフネ
2023105351,クリソベリル,War Front
2023105032,ナダル,スズカマンボ
2023105555,ルヴァンスレーヴ,ハーツクライ
2023105220,ナダル,ハーツクライ
2023105329,ナダル,ディープインパクト
2023103477,ジャスタウェイ,キングカメハメハ
2023104275,エスポワールシチー,ヘニーヒューズ
2023100707,ベストウォーリア,ハーツクライ
2023106950,ルヴァンスレーヴ,ルーラーシップ
2022105477,リオンディーズ,ディープインパクト
2022106213,スクリーンヒーロー,ステイゴールド
2022102722,ドゥラメンテ,ハービンジャー
2022104399,マクフィ,チチカステナンゴ
2022100263,アルアイン,シンボリクリスエス
2022105531,ダイワメジャー,War Front
2022105330,トーセンラー,ワークフォース
2022103147,ハービンジャー,アドマイヤムーン
2022106781,ダノンバラード,Southern Image
2022100715,フィエールマン,ゼンノロブロイ
2022105366,ナダル,デュランダル
2022104785,ハービンジャー,ディープインパクト
2022105581,エピファネイア,After Market
2022104905,オルフェーヴル,Malibu Moon
2021105260,ロードカナロア,Le Havre
2022104920,ビッグアーサー,フジキセキ
2021102717,ハービンジャー,ディープインパクト
2021103535,サトノクラウン,ファスリエフ
2020103975,タリスマニック,アグネスデジタル
2020101920,ディーマジェスティ,トウカイテイオー
2022103154,ビッグアーサー,クロフネ
2022101265,スクリーンヒーロー,キンシャサノキセキ
2022105801,サートゥルナーリア,ディープインパクト
2022104207,ドゥラメンテ,Frankel
2022106813,ダノンバラード,タイキシャトル
2020100621,ダノンバラード,ロージズインメイ
2022101969,ノヴェリスト,サムライハート
2022104605,ニューイヤーズデイ,キングカメハメハ
2022103644,モーニン,シンボリクリスエス
2022101465,ルヴァンスレーヴ,エンパイアメーカー
2022104897,レイデオロ,Union Rags
2020100948,ルーラーシップ,マンハッタンカフェ
2022106785,マインドユアビスケッツ,ゴールドアリュール
2019103204,アポロキングダム,ジェニュイン
2022103515,マインドユアビスケッツ,アイルハヴアナザーI'
2020103378,ルーラーシップ,アグネスタキオン
2019106972,フリオーソ,ストリートセンス
2022106673,ディスクリートキャット,サウスヴィグラス
2021107168,ブリックスアンドモルタル,ワイルドラッシュ
2022105253,マインドユアビスケッツ,ディープインパクト
2021105438,ドレフォン,ハーツクライ
2021106211,キタサンブラック,ロージズインメイ
2019105877,ディーマジェスティ,フォーティナイナー
2021105285,ビーチパトロール,ダンスインザダーク
2020106694,ゴールドシップ,アドマイヤムーン
2021102577,メイショウサムソン,マンハッタンカフェ
2021103033,バゴ,ステイゴールド
2020104259,ハービンジャー,キングカメハメハ
2020105733,ヤマカツエース,ダンスインザダーク
2021106472,ビーチパトロール,ブラックタイド
2020103154,モーリス,フジキセキ
2020110151,Union Rags,Pure Prize
2020103554,シルバーステート,キングカメハメハ
2022104960,シュヴァルグラン,ロードカナロア
2020104194,ダイワメジャー,Fastnet Rock
2021105202,ダイワメジャー,Rail Link
2021105039,レッドファルクス,ステイゴールド
2020103280,ロードカナロア,ハーツクライ
2019105760,マツリダゴッホ,フレンチデピュティ
2021103092,ミッキーアイル,ヨハネスブルグ
2020101517,ビッグアーサー,グラスワンダー
2022100490,モズアスコット,アグネスデジタル
2019103692,ザファクター,タイキシャトル
2019102747,ビッグアーサー,マリエンバード
2021100157,ロードカナロア,ディープインパクト
2021104416,カリフォルニアクローム,ディープインパクト
2021106192,ビーチパトロール,フレンチデピュティ
2021104411,マインドユアビスケッツ,ハービンジャー
2020104215,パイロ,クロフネ
2021106689,ドレフォン,ハーツクライ
2021103502,ドレフォン,ハーツクライ
2017103184,フリオーソ,アドマイヤジャパン
2018110086,Tapit,Unbridled's Song
2019106573,サトノアラジン,Medicean
2021105262,クリエイター,ゼンノロブロイ
2020101258,ダノンバラード,アイルハヴアナザーI'
2020103414,ハーツクライ,Mineshaft
2021105276,ニューイヤーズデイ,ルーラーシップ
2021105971,ドレフォン,フジキセキ
2022103228,マインドユアビスケッツ,キングカメハメハ
2022102952,リアルスティール,キングカメハメハ
2022104317,マインドユアビスケッツ,ディープインパクト
2022102035,ルヴァンスレーヴ,スマートファルコン
2022102292,レイデオロ,ディープインパクト
2022105571,ミスターメロディ,マンハッタンカフェ
2022105568,レイデオロ,マンハッタンカフェ
2022105025,レイデオロ,ゼンノロブロイ
2022102653,リアルスティール,クロフネ
2022105148,ルーラーシップ,ディープインパクト
2022105392,ブリックスアンドモルタル,Frankel
2022105986,サートゥルナーリア,ステイゴールド
2022103993,マクフィ,サクラバクシンオー
2022106219,サンダースノー,ステイゴールド
2022101402,ロードカナロア,マンハッタンカフェ
2022104316,ビッグアーサー,ディープインパクト
2022100614,オルフェーヴル,クロフネ
2022110031,Dark Angel,Invincible Spirit
2022105339,ブリックスアンドモルタル,Refuse to Bend
2022100656,ロードカナロア,ハーツクライ
2022100280,ビーチパトロール,ネオユニヴァース
2022103488,マインドユアビスケッツ,マツリダゴッホ
2022104514,モズアスコット,アグネスタキオン
2022106233,イスラボニータ,Astronomer Royal
2022106295,サトノクラウン,アグネスタキオン
2022103570,エイシンフラッシュ,ローエングリン
2022105593,ミッキーアイル,エイシンフラッシュ
2022100624,ロードカナロア,オルフェーヴル
2022103235,フォーウィールドライブ,アイルハヴアナザーI'
2022102611,フサイチセブン,New Approach
2022106754,ラニ,Raven's Pass
2022101347,ブラックタイド,サウスヴィグラス
2022103551,マジェスティックウォリアー,スペシャルウィーク
2022103156,ラブリーデイ,タイキシャトル
2022103336,ダノンバラード,フレンチデピュティ
2022102798,リオンディーズ,アッミラーレ
2022106961,イスラボニータ,キングカメハメハ
2022103916,ルヴァンスレーヴ,ダイワメジャー
2022106201,ニューイヤーズデイ,Bernardini
2022106678,ミッキーアイル,ハービンジャー
2022103999,デクラレーションオブウォー,Milt's Overture
2022103608,マスクゾロ,シンボリクリスエス
2022105166,キズナ,Tiz Wonderful
2022103712,ルーラーシップ,ディープインパクト
2022103590,エピファネイア,キングカメハメハ
2022104164,ゴールドシップ,ダノンシャンティ
2022104834,サートゥルナーリア,ハービンジャー
2022105400,キンシャサノキセキ,アグネスタキオン
2022103524,ノヴェリスト,Danehill Dancer
2022101570,エピファネイア,Dream Ahead
2022106903,オルフェーヴル,オペラハウス
2023105394,キズナ,キングカメハメハ
2023100207,リオンディーズ,Sinndar
2023100794,ノーブルミッション,ブラックタイド
2023101557,サングレーザー,オルフェーヴル
2023106577,タワーオブロンドン,エイシンフラッシュ
2023102706,シスキン,フジキセキ
2022101536,モズアスコット,ダイワメジャー
2022110110,City of Light,Union Rags
2021106347,ブラックタイド,アフリート
2022101936,ナダル,トウカイテイオー
2021100906,バンブーエール,マルカシェンク
2019100234,エスポワールシチー,クロフネ
2022110111,Mitole,ヘニーヒューズ
2017104266,ジョーカプチーノ,ウイニングチケット
2021105128,エピファネイア,キングカメハメハ
2021107262,アニマルキングダム,ヨハネスブルグ
2022102435,リアルスティール,キングカメハメハ
2020105167,オルフェーヴル,サクラバクシンオー
2021103232,レイデオロ,Street Cry
2022106593,アドマイヤマーズ,クロフネ
2021101533,ドレフォン,オレハマッテルゼ
2020104855,ドレフォン,ゴールドアリュール
2022101706,ニューイヤーズデイ,Kingmambo
2021104850,ディーマジェスティ,クロフネ
2022103619,タワーオブロンドン,ゴールドアリュール
2022105145,ナダル,ハーツクライ
2022105452,イスラボニータ,Awesome Again
2022100629,ダノンレジェンド,エンパイアメーカー
2022100201,フォーウィールドライブ,ディープインパクト
2020103655,ハービンジャー,アドマイヤベガ
2022105431,サトノダイヤモンド,Reliable Man
2022105766,オルフェーヴル,Scat Daddy
2022104592,シルバーステート,キングカメハメハ
2020102802,ハーツクライ,Dubawi
2021103267,ダノンバラード,ジャングルポケット
2021103238,サトノダイヤモンド,Petionville
2022103042,フィエールマン,ケイムホーム
2021100564,エピファネイア,ダイワメジャー
2022105233,ブリックスアンドモルタル,Quality Road
2022100905,モズアスコット,ゴールドアリュール
2021101100,オルフェーヴル,ストラヴィンスキー
2020105897,ヤマカツエース,アグネスデジタル
2022100737,アドマイヤマーズ,Acclamation
2021110079,Pivotal,デクラレーションオブウォー
2021103145,レッドファルクス,ダイワメジャー
2021102009,パイロ,ゴールドアリュール
2021105182,キンシャサノキセキ,Monsun
2021110103,Liam's Map,Tapit
2021105272,イスラボニータ,Smart Strike
2021106157,モーニン,キングヘイロー
2021105120,ロードカナロア,ファルブラヴ
2019106414,キングカメハメハ,Galileo
2019104056,ドゥラメンテ,Petionville
2021105829,キズナ,Not for Sale
2020105656,キズナ,Malibu Moon
2020105798,ゴールドシップ,Linamix
2018104638,ジャスタウェイ,High Chaparral
2021104882,キズナ,Monsun
2020103666,エピファネイア,ディープインパクト
2019103850,バゴ,ディープインパクト
2020103945,ゴールドシップ,コンデュイット
2020103794,ハーツクライ,スウェプトオーヴァーボード
2020103792,ハービンジャー,キングカメハメハ
2020102734,ハーツクライ,フレンチデピュティ
2019100572,キタサンブラック,スウェプトオーヴァーボード
2020105809,ゴールドシップ,グラスワンダー
2020102907,ハービンジャー,ディープインパクト
2020103969,サトノアラジン,ファンタスティックライト
2020103701,ドレフォン,アグネスタキオン
2020102718,オルフェーヴル,More Than Ready
2019106700,ダノンレジェンド,ゴールドアリュール
2023101090,デクラレーションオブウォー,ディープインパクト
2023103901,ハービンジャー,ダイワメジャー
2023106595,ダノンバラード,ヴィクトワールピサ
2023105919,アルアイン,エイシンフラッシュ
2023102965,デクラレーションオブウォー,ルーラーシップ
2023105940,マクマホン,メイショウサムソン
2023102642,オルフェーヴル,ノヴェリスト
2023105712,エイシンフラッシュ,オレハマッテルゼ
2022104370,ルヴァンスレーヴ,デヒア
2022103482,ベストウォーリア,フジキセキ
2022107246,タワーオブロンドン,Storm Cat
2022104343,ゴールドドリーム,サウスヴィグラス
2022102555,オーヴァルエース,タニノギムレット
2022106643,ドレフォン,ハーツクライ
2022106939,ブルドッグボス,キンシャサノキセキ
2022100423,アドミラブル,キングズベストKing'
2022102873,サングラス,エピファネイア
2022100651,ロードカナロア,オルフェーヴル
2022107243,モズアスコット,シンボリクリスエス
2022102793,ダノンレジェンド,ブラックタイド
2022102269,スワーヴリチャード,Acclamation
2022106722,Saxon Warrior,Casamento
2022104724,レイデオロ,ダイワメジャー
2022107362,オルフェーヴル,ダイワメジャー
2022101273,サートゥルナーリア,American Post
2022110071,American Pharoah,More Than Ready
2022101645,アメリカンペイトリオット,Doyen
2022106538,ブリックスアンドモルタル,Street Cry
2022103508,ビーチパトロール,ブラックタイド
2022102779,ロゴタイプ,プリサイスエンド
2022106182,ドレフォン,ブラックタイド
2022110097,Practical Joke,Tiznow
2022110030,Masar,Monsun
2022105297,パドトロワ,サンデーサイレンス
2022104906,エピファネイア,キングカメハメハ
2022103353,トーセンラー,ヴィクトワールピサ
2022104624,レイデオロ,ディープインパクト
2022105083,ロードカナロア,ダンスインザダーク
2022106645,オルフェーヴル,Curlin
2022101430,フィエールマン,Sinndar
2022104308,American Pharoah,Easing Along
2022104726,ハービンジャー,ダイワメジャー
2022100489,ルーラーシップ,エンパイアメーカー
2022103548,キズナ,Shamardal
2022102777,レイデオロ,ブラックタイド
2022105504,ゴールドシップ,ディープインパクト
2022102903,キタサンブラック,Scat Daddy
2022105252,ブリックスアンドモルタル,キングカメハメハ
2022104823,リオンディーズ,ウォーエンブレム
2022104630,サトノダイヤモンド,Sebring
2023103980,サトノクラウン,エピファネイア
2023106619,レッドファルクス,ダイワメジャー
2023105292,エピファネイア,ディープインパクト
2023107235,シルバーステート,Australia
2023101315,カリフォルニアクローム,ダイワメジャー
2023107206,ゴールドシップ,Seeking the Gold
2023103097,ディーマジェスティ,ファスリエフ
2023106665,タワーオブロンドン,ローレルゲレイロ
2023104933,ダノンスマッシュ,ジャイアントレッカー
2023107412,サンダースノー,クロフネ
2023102180,ダノンスマッシュ,ファスリエフ
2022102057,ミッキーアイル,ケイムホーム
2022103151,ミスターメロディ,ファスリエフ
2021100614,ホッコータルマエ,ブラックタイド
2022105909,フリオーソ,サウスヴィグラス
2021100074,ニューイヤーズデイ,ダンスインザダーク
2019101462,ドゥラメンテ,Dashing Blade
2021104589,シャンハイボビー,ダイワメジャー
2022105549,ロードカナロア,Majesticperfection
2022105345,トーセンラー,Smart Strike
2022105394,ブリックスアンドモルタル,Doyen
2022103651,ノーブルミッション,Singspiel
2021104832,ロードカナロア,Scat Daddy
2021105742,エピファネイア,キングカメハメハ
2022105421,ドゥラメンテ,Scat Daddy
2021105244,ブリックスアンドモルタル,サンデーサイレンス
2022101618,バゴ,ディープインパクト
2022105702,American Pharoah,Smiling Tiger
2022106259,マインドユアビスケッツ,Hard Spun
2022107011,シルバーステート,グランデラ
2021106180,ホッコータルマエ,Bernardini
2021102813,アジアエクスプレス,メイショウオウドウ
2017105392,ルーラーシップ,シンボリクリスエス
2021106003,モーニン,ゴールドアリュール
2019106520,ロードカナロア,クロフネ
2022101044,ヘニーヒューズ,ネオユニヴァース
2022105458,サトノクラウン,Monsun
2022103592,スクリーンヒーロー,ロージズインメイ
2021110033,Iffraaj,Frankel
2021106559,ルーラーシップ,シンボリクリスエス
2022110012,Catholic Boy,Distorted Humor
2022106647,キズナ,War Front
2021105491,アルアイン,Medaglia d'Oro
2020104415,サクラオリオン,サクラバクシンオー
2020100759,ドレフォン,メジロベイリー
2022110112,Frosted,Reload
2021102164,シルバーステート,アドマイヤムーン
2021103519,スクリーンヒーロー,アグネスデジタル
2020100177,ロードカナロア,Shirocco
2022104784,キズナ,ハービンジャー
2020106966,ダノンバラード,キャプテンスティーヴ
2022100084,ヘンリーバローズ,ルーラーシップ
2022103345,ウォータービルド,キングヘイロー
2021106993,Saxon Warrior,Dark Angel
2021102115,オルフェーヴル,シンボリクリスエス
2021106827,エピファネイア,ステイゴールド
2020105183,ゴールドシップ,ボストンハーバー
2018105199,ディープブリランテ,ディープスカイ
2021104978,ハービンジャー,クロフネ
2021106826,ダノンバラード,コンデュイット
2020101184,ダノンバラード,ダイタクリーヴァ
2018106314,キズナ,アドマイヤコジーン
2021100789,シルバーステート,ホワイトマズル
2021102246,リアルスティール,ハービンジャー
2021105011,キズナ,Pure Prize
2021102510,スワーヴリチャード,ルーラーシップ
2020100809,ダノンバラード,タイキシャトル
2019105462,ハーツクライ,Concorde's Tune
2021105442,Saxon Warrior,Siyouni
2020103920,エピファネイア,ジャングルポケット
2021101724,サトノダイヤモンド,ヴィクトワールピサ
2020103009,キズナ,Lord of England
2020106667,サトノクラウン,ディープインパクト
2022104812,シスキン,マンハッタンカフェ
2019107025,オルフェーヴル,サクラバクシンオー
2019101612,ディープインパクト,Curlin
2020103279,マインドユアビスケッツ,ディープインパクト
2020102187,シニスターミニスター,ヴァーミリアン
2020100387,ホッコータルマエ,アグネスタキオン
2022100098,ナダル,ヴァーミリアン
2021105789,レイデオロ,フジキセキ
2022106609,シニスターミニスター,ディープインパクト
2021103209,ゴールドシップ,メイショウボーラー
2019104592,キタサンブラック,フレンチデピュティ
2020103967,ラニ,スキャターザゴールド
2021104777,ダイワメジャー,Harlan's Holiday
2022107288,リアルスティール,ハービンジャー
2021103268,ダノンレジェンド,スペシャルウィーク
2021101219,ミッキーアイル,トワイニング
2019100620,キズナ,Perfect Soul
2021103480,スクリーンヒーロー,マツリダゴッホ
2023110007,カラヴァッジオ,アグネスゴールド
2023106141,サンダースノー,ストリートセンス
2023106359,タワーオブロンドン,Street Cry
2023103693,ニューイヤーズデイ,ハーツクライ
2023102459,レイデオロ,シニスターミニスター
2023103065,ダノンプレミアム,American Pharoah
2023105448,ガルボ,サウスヴィグラス
2023103809,ルヴァンスレーヴ,ワイルドラッシュ
2023103000,ルヴァンスレーヴ,ジャスタウェイ
2023104689,ミッキーアイル,Dawn Approach
2023103671,タワーオブロンドン,スウェプトオーヴァーボード
2023100150,マテラスカイ,フリオーソ
2022106851,ルヴァンスレーヴ,キングカメハメハ
2022102263,ゴールドアクター,Shirocco
2022101217,ホークビル,キングカメハメハ
2022103348,モズアスコット,スペシャルウィーク
2022105305,ドレフォン,サウスヴィグラス
2022102631,ディスクリートキャット,ディープスカイ
2022105574,サトノダイヤモンド,シンボリクリスエス
2022103575,エピファネイア,ブラックタイド
2022105826,ハービンジャー,ダイワメジャー
2022100094,エピファネイア,キングカメハメハ
2022105800,ドレフォン,ゼンノロブロイ
2022106608,シャンハイボビー,ディープインパクト
2022104676,モーリス,ロードカナロア
2022100178,サトノダイヤモンド,ハービンジャー
2022103233,ロードカナロア,ヴィクトワールピサ
2022103816,サートゥルナーリア,マンハッタンカフェ
2022101495,ウインブライト,アグネスタキオン
2022110076,Kingman,Mastercraftsman
2022100325,シルポート,タニノギムレット
2022102733,ハービンジャー,クロフネ
2022106886,アドマイヤマーズ,チチカステナンゴ
2022103586,ラブリーデイ,スペシャルウィーク
2022110002,Frankel,Cape Cross
2022105464,サトノクラウン,ノヴェリスト
2022105114,レイデオロ,ディープインパクト
2022109028,シニスターミニスター,ハーツクライ
2022105328,ハービンジャー,ステイゴールド
2022104374,デクラレーションオブウォー,ファルブラヴ
2022104008,ダイシンサンダー,ワークフォース
2022101681,ハービンジャー,キングズベストKing'
2022102929,マジェスティックウォリアー,フジキセキ
2022105688,ダイワメジャー,Danehill Dancer
2022102713,フォーウィールドライブ,キャプテンスティーヴ
2022107233,エポカドーロ,オウケンブルースリ
2022104305,ルヴァンスレーヴ,キズナ
2022100368,American Pharoah,Giant's Causeway
2022102756,ディープブリランテ,フジキセキ
2022102860,エピファネイア,ハーツクライ
2022103068,ルヴァンスレーヴ,ディープインパクト
2022104297,シャンハイボビー,ディープインパクト
2022106938,バゴ,アグネスデジタル
2022103177,ブリックスアンドモルタル,エピファネイア
2022101742,シニスターミニスター,サクラバクシンオー
2022106733,サトノアラジン,ゴールドシップ
2023106925,リオンディーズ,ディープインパクト
2023106887,キタサンブラック,キングカメハメハ
2023103680,モーリス,アグネスタキオン
2023104418,コントレイル,Cozzene
2023104945,サトノダイヤモンド,Posse
2023101459,スワーヴリチャード,タニノギムレット
2023101374,ダノンスマッシュ,Tiznow
2023105001,アメリカンペイトリオット,ブラックタイド
2022106229,モーリス,ゼンノロブロイ
2022102978,バゴ,ディープインパクト
2022105426,エピファネイア,ロードカナロア
2022110101,Trapeze Artist,Hallowed Crown
2022103518,ブリックスアンドモルタル,スウェプトオーヴァーボード
2022103911,ドレフォン,キンシャサノキセキ
2022104621,ロードカナロア,ディープインパクト
2022105819,ジャスタウェイ,ワークフォース
2022103679,ノーブルミッション,マンハッタンカフェ
2022101297,モーリス,Unbridled's Song
2022100242,シルバーステート,Shamardal
2022105644,ハイランドリール,Frankel
2022102502,サートゥルナーリア,ロックオブジブラルタル
2022104932,エピファネイア,ロードカナロア
2022105262,ドレフォン,ノヴェリスト
2022104419,ドレフォン,ブラックタイド
2022104310,リアルスティール,シンボリクリスエス
2020104750,エピファネイア,アルデバラン
2021100387,パイロ,ゴールドアリュール
2021102276,レッドファルクス,Cairo Prince
2021106091,オルフェーヴル,アジュディケーティング
2020103625,モーリス,フレンチデピュティ
2022100497,オーヴァルエース,ワイルドラッシュ
2022100216,スワーヴリチャード,バンブーエール
2018104598,ロードカナロア,アグネスタキオン
2022105201,トーセンラー,Saint Liam
2022106322,ゴールドアクター,ヘニーヒューズ
2022105060,モーリス,ディープインパクト
2022100781,キズナ,ロードカナロア
2021101488,スワーヴリチャード,ネオユニヴァース
2021100443,タリスマニック,エイシンワシントン
2022103705,ルーラーシップ,スペシャルウィーク
2020102785,ハービンジャー,キングカメハメハ
2020102982,ダイワメジャー,Successful Appeal
2020103441,ミッキーロケット,ファルブラヴ
2021105532,ブリックスアンドモルタル,アグネスタキオン
2022102550,オルフェーヴル,タニノギムレット
2021103155,アジアエクスプレス,ハーツクライ
2021103242,Gun Runner,More Than Ready
2019103442,エイシンヒカリ,Tale of Ekati
2019106704,ディーマジェスティ,スウェプトオーヴァーボード
2021102399,マクフィ,エスポワールシチー
2022105600,イスラボニータ,Harlan's Holiday
2021107281,ヘニーヒューズ,ディープインパクト
2018110134,Dialed In,Untuttable
2020103074,モーリス,ダイワメジャー
2022100648,ロードカナロア,Distorted Humor
2021105689,スワーヴリチャード,Machiavellian
2019106179,ジョーカプチーノ,クロフネ
2021110039,Invincible Spirit,Dubawi
2021105833,モーリス,ダイワメジャー
2019104818,ミッキーアイル,ジャングルポケット
2021101399,ダイワメジャー,Holy Roman Emperor
2020104780,キタサンブラック,ボストンハーバー
2021103561,キズナ,アドマイヤムーン
2020106987,ディスクリートキャット,サウスヴィグラス
2018103485,トーセンラー,フレンチデピュティ
2020104160,サトノアラジン,Frankel
2020103898,スノードラゴン,ダンスインザダーク
2021105068,ドレフォン,ショウナンカンプ
2020100148,ロードカナロア,ディープインパクト
2020101607,キタサンブラック,キングカメハメハ
2020105795,ゴールドシップ,スペシャルウィーク
2019103588,オルフェーヴル,キングカメハメハ
2021106752,サトノクラウン,ディープインパクト
2020103099,イスラボニータ,Galileo
2020102660,ドゥラメンテ,My Golden Song
2020105655,キズナ,Cozzene
2021105799,キタサンブラック,Blame
2022105346,キズナ,Burning Roma
2021100210,リアルスティール,Malibu Moon
2019101629,ディープインパクト,Storm Cat
2020105626,キズナ,Galileo
2019105768,ベーカバド,ダンスインザダーク
2022102199,レイデオロ,サクラバクシンオー
2021103345,ダノンバラード,ストーミングホーム
2022104725,サトノダイヤモンド,War Front
2022105485,サートゥルナーリア,ゼンノロブロイ
2022106180,シルバーステート,ルーラーシップ
2022103406,トーセンラー,ハービンジャー
2020105796,ゴールドシップ,コンデュイット
2022104500,カリフォルニアクローム,サウスヴィグラス
2023103388,ポエティックフレア,ネオユニヴァース
2023105279,ニューイヤーズデイ,ダイワメジャー
2023110026,Palace Pier,Dubawi
2023102439,シルバーステート,スウェプトオーヴァーボード
2023102473,フィエールマン,ロードカナロア
2023100690,インディチャンプ,Mr. Greeley
2023104838,サトノクラウン,マンハッタンカフェ
2023106086,キズナ,スウェプトオーヴァーボード
2023106063,アルアイン,ヴィクトワールピサ
2023102803,エピファネイア,Country Reel
2022107145,ロジャーバローズ,アドマイヤマックス
2022100146,ワールドエース,キングヘイロー
2022105968,ルヴァンスレーヴ,アフリート
2022106850,ホッコータルマエ,ブライアンズタイムBrian'
2022103940,マインドユアビスケッツ,エスポワールシチー
2022106786,ダノンバラード,サクラバクシンオー
2022100638,シルバーステート,キングカメハメハ
2022100217,サトノダイヤモンド,メジロベイリー
2022104895,ロードカナロア,ダイワメジャー
2022103895,リアルスティール,Medaglia d'Oro
2022101678,ディスクリートキャット,ディープインパクト
2022106835,ビッグアーサー,スパイキュール
2022103899,サートゥルナーリア,ハービンジャー
2022100644,ダイワメジャー,ロードカナロア
2022107056,スクリーンヒーロー,ハービンジャー
2022100075,シルバーステート,キングヘイロー
2022104150,ビッグアーサー,ルーラーシップ
2022105793,ミッキーアイル,ハービンジャー
2022105340,イスラボニータ,Sharp Humor
2022101459,モーリス,ロードカナロア
2022103214,モーリス,ダイワメジャー
2022104133,キンシャサノキセキ,スウェプトオーヴァーボード
2022103142,アメリカンペイトリオット,ヴィクトワールピサ
2022101439,カラヴァッジオ,Pioneerof the Nile
2022103232,ドゥラメンテ,New Approach
2022104969,ブリックスアンドモルタル,キングカメハメハ
2022109092,アドマイヤマーズ,ヨハネスブルグ
2022100239,ハクサンムーン,シンボリクリスエス
2022104201,ロジャーバローズ,ゼンノロブロイ
2022105448,イスラボニータ,Intikhab
2022102133,ミッキーアイル,Hard Spun
2022100427,アドマイヤマーズ,キングカメハメハ
2022104706,サートゥルナーリア,ディープインパクト
2022101326,ディーマジェスティ,アドマイヤムーン
2022101214,サトノダイヤモンド,ロックオブジブラルタル
2023107091,サートゥルナーリア,Sightseeing
2023106288,ホークビル,エイシンフラッシュ
2023103351,ロードカナロア,ディープインパクト
2023102489,サートゥルナーリア,グラスワンダー
2023105200,イスラボニータ,キングヘイロー
2023104948,キズナ,Frankel
2023107085,リオンディーズ,ディープインパクト
2023104603,レイデオロ,オルフェーヴル
2023101001,オルフェーヴル,キングカメハメハ
2023106193,ロジャーバローズ,ロックオブジブラルタル
2023104449,サトノダイヤモンド,タニノギムレット
2023102698,リアルスティール,Unusual Heat
2022105796,ミッキーアイル,ハービンジャー
2022103222,ドゥラメンテ,More Than Ready
2022100068,フィエールマン,ヴィクトワールピサ
2022106195,ルーラーシップ,ハーツクライ
2022104076,ビーチパトロール,サクラバクシンオー
2022101580,ゴールドシップ,ヘニーヒューズ
2022102918,オルフェーヴル,Medicean
2022101397,ドゥラメンテ,Elusive Quality
2022103280,キタサンブラック,Invincible Spirit
2022105270,イスラボニータ,スピニングワールド
2022104968,キズナ,Canadian Frontier
2022100219,ハービンジャー,ルーラーシップ
2022100729,サトノアラジン,サウスヴィグラス
2021110057,City of Light,Bernstein
2022104546,Dandy Man,Sea The Moon
2021101891,レッドファルクス,タニノギムレット
2022110122,Take Charge Indy,Carpe Diem
2021100662,ヘニーヒューズ,ゴールドアリュール
2020104336,ドレフォン,ゼンノロブロイ
2021102550,グレーターロンドン,スタチューオブリバティ
2022103739,スズカコーズウェイ,サウスヴィグラス
2019102950,アーネストリー,スパイキュール
2022102739,ルヴァンスレーヴ,ナリタセンチュリー
2022107254,カリフォルニアクローム,ハイアーゲーム
2022106328,モーニン,ヴィクトワールピサ
2021102303,シャンハイボビー,ネオユニヴァース
2021103217,オルフェーヴル,Scat Daddy
2022103453,コパノリッキー,アグネスデジタル
2021106194,ゴールドシップ,コンデュイット
2021104670,サトノクラウン,ストリートセンス
2020104778,シャンハイボビー,スタチューオブリバティ
2021101395,ジャスタウェイ,Bodemeister
2022104094,サートゥルナーリア,シンボリクリスエス
2021101485,ホークビル,マンハッタンカフェ
2020106677,マクフィ,ディープインパクト
2021106766,ゴールドシップ,ルーラーシップ
2019105908,ジャスタウェイ,キングカメハメハ
2021105453,ラブリーデイ,ディープインパクト
2019103816,エピファネイア,ブライアンズタイムBrian'
2020103955,ビーチパトロール,トーセンダンス
2021103821,ファインニードル,Sadler's Wells
2020101874,ヘニーヒューズ,フジキセキ
2021100169,リオンディーズ,ブライアンズタイムBrian'
2018105431,ダノンレジェンド,キングカメハメハ
2018100829,ミッキーアイル,シンボリクリスエス
2019104245,エスポワールシチー,ワイルドラッシュ
2020106565,ホッコータルマエ,ブライアンズタイムBrian'
2020103626,ドゥラメンテ,オルフェーヴル
2019101324,ドレフォン,ブライアンズタイムBrian'
2020103148,エスケンデレヤ,フジキセキ
2019102437,マクフィ,エンパイアメーカー
2018105164,キングカメハメハ,Bertolini
2021105557,レイデオロ,エンパイアメーカー
2018101267,アジアエクスプレス,フサイチコンコルド
2019105546,モーリス,スペシャルウィーク
2022104594,モーリス,マンハッタンカフェ
2021101383,サトノダイヤモンド,Elusive Quality
2021101304,ディーマジェスティ,アドマイヤムーン
2022101896,エピファネイア,キングカメハメハ
2022100962,ラブリーデイ,キングヘイロー
2022104967,ニューイヤーズデイ,Tiz Wonderful
2022110134,Vekomaヴェコマ,Malibu Moon
2023105748,モーニン,ゼンノロブロイ
2023107280,ナダル,オルフェーヴル
2023103823,ルヴァンスレーヴ,ステイゴールド
2023103877,アニマルキングダム,キズナ
2023105120,デクラレーションオブウォー,ゴールドアリュール
2022102841,マジェスティックウォリアー,ネオユニヴァース
2022103859,ルヴァンスレーヴ,エンパイアメーカー
2022100105,リアルスティール,サクラバクシンオー
2022102871,エイシンヒカリ,キングズベストKing'
2022104986,ニューイヤーズデイ,ゴールドアリュール
2022103198,フィエールマン,Acclamation
2022102975,レイデオロ,サウスヴィグラス
2022104217,サートゥルナーリア,ハーツクライ
2022110072,Mendelssohn,Birdstone
2022102472,トーセンラー,ピルサドスキー
2022105817,イスラボニータ,Orpen
2022105015,リアルスティール,Temple City
2022105927,イスラボニータ,ソングオブウインド
2022105414,ルーラーシップ,スピルバーグ
2022103860,アメリカンペイトリオット,マンハッタンカフェ
2022103517,ゴールドシップ,スマートファルコン
2022105961,サトノクラウン,ディープインパクト
2022104790,エピファネイア,ディープインパクト
2022106655,キズナ,Frankel
2022103537,ビーチパトロール,ジャングルポケット
2022104777,キズナ,Tizway
2022100771,リアルスティール,クロフネ
2022105168,ドレフォン,American Pharoah
2022106809,ダノンバラード,ロージズインメイ
2022102394,アドマイヤマーズ,ロックオブジブラルタル
2022102563,トランセンド,アドマイヤマックス
2022100220,ファインニードル,エピファネイア
2022100015,ドレフォン,ネオユニヴァース
2022104486,シニスターミニスター,スマートファルコン
2022106847,ゴールドアクター,スターリングローズ
2022103539,ウインブライト,Congrats
2022100160,ダノンレジェンド,エピファネイア
2022105482,エピファネイア,ディープインパクト
2022106791,McKinzie,Crimson Tide
2022102445,ファインニードル,ハーツクライ
2023101174,タリスマニック,Gone West
2023103293,モズアスコット,マンハッタンカフェ
2023102608,キズナ,War Front
2023107353,ブリックスアンドモルタル,ゼンノロブロイ
2023105144,モズアスコット,ホワイトマズル
2023106824,モーリス,ディープインパクト
2023101770,ダノンキングリー,エイシンフラッシュ
2023103999,インディチャンプ,ファンタスティックライト
2023107451,サンダースノー,Mount Nelson
2023102457,ハッピースプリント,シンボリクリスエス
2023105116,アドマイヤマーズ,ロードカナロア
2023104435,ルヴァンスレーヴ,Giant's Causeway
2022105839,ルーラーシップ,ディープインパクト
2022106607,サトノクラウン,ディープインパクト
2022103510,ウインブライト,キングカメハメハ
2022104835,サトノダイヤモンド,ジャングルポケット
2022106331,エポカドーロ,スズカマンボ
2022105092,レイデオロ,ディープインパクト
2022110065,Justify,Lemon Drop Kid
2022100860,リアルスティール,キングズベストKing'
2022103181,エピファネイア,キングカメハメハ
2022104661,バゴ,ウォーエンブレム
2022105461,ハービンジャー,ディープインパクト
2022105892,ゴールドアクター,ヤマニンセラフィム
2022105029,サトノクラウン,ハーツクライ
2022105697,ブリックスアンドモルタル,ダイワメジャー
2022104387,キタサンブラック,Kingman
2020102050,モーリス,ディープインパクト
2022102088,ヤングマンパワー,オルフェーヴル
2021103322,ディスクリートキャット,ストーミングホーム
2022105772,ナダル,ドリームジャーニー
2020104739,ディープブリランテ,Gone West
2021102312,ロードカナロア,フジキセキ
2021104217,カリフォルニアクローム,シンボリクリスエス
2022105221,パドトロワ,ハーツクライ
2022102749,デクラレーションオブウォー,ダイワメジャー
2020104824,キンシャサノキセキ,Pivotal
2021100362,マインドユアビスケッツ,ヴィクトワールピサ
2022102828,モズアスコット,マンハッタンカフェ
2021100255,パイロ,ダイワメジャー
2022105844,ドレフォン,ヴィクトワールピサ
2020106995,ホッコータルマエ,ハーツクライ
2021104738,ジャスタウェイ,Dubai Destination
2022101964,マインドユアビスケッツ,スクリーンヒーロー
2022105109,バゴ,ディープインパクト
2020102574,サトノダイヤモンド,Dansili
2022106633,ハービンジャー,マンハッタンカフェ
2022100330,サトノダイヤモンド,シンボリクリスエス
2022105773,オルフェーヴル,マジェスティックウォリアー
2019104843,ハービンジャー,キングカメハメハ
2021104752,キズナ,Acclamation
2019105497,シルバーステート,チチカステナンゴ
2020104083,モーリス,スペシャルウィーク
2020102679,ロードカナロア,ダイワメジャー
2021102653,ダノンバラード,ヘクタープロテクター
2022102744,スワーヴリチャード,キングカメハメハ
2021110003,No Nay Never,War Front
2020100151,ジャスタウェイ,Kingmambo
2019103193,アドマイヤムーン,ネオユニヴァース
2021105779,リアルインパクト,Medaglia d'Oro
2021101924,ファインニードル,サクラバクシンオー
2020101897,ハーツクライ,アグネスデジタル
2020109102,タリスマニック,ワークフォース
2020103356,モーリス,ディープインパクト
2021100522,ドレフォン,キングヘイロー
2021102888,リアルインパクト,Storm Cat
2019104911,イスラボニータ,Fusaichi Pegasus
2020102672,ルーラーシップ,ディープインパクト
2020110114,Zoustar,Pivotal
2018101343,ラブリーデイ,ディープインパクト
2018102155,スクリーンヒーロー,ロージズインメイ
2020101827,ハーツクライ,Dubawi
2021103282,キズナ,Bodemeister
2020103277,ロードカナロア,Dansili
2020101588,グレーターロンドン,アフリート
2020103915,マインドユアビスケッツ,サクラバクシンオー
2022104983,ニューイヤーズデイ,アグネスタキオン
2021101045,キタサンブラック,ノヴェリスト
2022103778,マインドユアビスケッツ,セイントアレックス
2021105849,ニューイヤーズデイ,ハーツクライ
2021103125,コパノリッキー,スタチューオブリバティ
2021100292,レイデオロ,アグネスタキオン
2021100389,ラニ,キングカメハメハ
2021110108,Uncle Mo,Forestry
2018106220,ホッコータルマエ,マーベラスサンデー
2023106919,ルーラーシップ,ハーツクライ
2023105381,リアルスティール,ヘニーヒューズ
2023106048,キセキ,ブラックタイド
2022105267,ミッキーアイル,Fusaichi Pegasus
2022101153,ゴールデンマンデラ,クロフネ
2022105000,ワールドエース,クロフネ
2022104653,ホッコータルマエ,オルフェーヴル
2022105268,マインドユアビスケッツ,ヴィクトワールピサ
2022104707,モーリス,Awesome of Course
2022100183,リオンディーズ,クロフネ
2022104441,シルバーステート,ルーラーシップ
2022101414,エピファネイア,クロフネ
2022104004,ディーマジェスティ,フレンチデピュティ
2022100354,ビッグアーサー,バンブーエール
2022102462,モーニン,ワークフォース
2022102444,タワーオブロンドン,キングカメハメハ
2022105248,ブリックスアンドモルタル,サンデーサイレンス
2022107214,モーニン,スエヒロコマンダー
2022110025,Iffraaj,Invincible Spirit
2022106907,シルバーステート,テレグノシス
2022100631,ロードカナロア,アグネスタキオン
2022106679,モーリス,ロードカナロア
2022102316,スワーヴリチャード,Macho Uno
2023101847,ビッグアーサー,リアルインパクト
2023100202,ダノンプレミアム,ゼンノロブロイ
2023105812,シルバーステート,Dubawi
2023105932,ヴァンキッシュラン,Frankel
2023103929,タワーオブロンドン,ゴールドアリュール
2023106158,ロゴタイプ,ソングオブウインド
2023101092,シュヴァルグラン,ディープブリランテ
2023102907,ミスターメロディ,Grand Slam
2023101975,ミスチヴィアスアレックス,Green Desert
2023106347,ファインニードル,ジャングルポケット
2023107419,アドマイヤムーン,グラスワンダー
2022101684,サンダースノー,スクリーンヒーロー
2022106657,マクフィ,ルーラーシップ
2022105219,マインドユアビスケッツ,シンボリクリスエス
2022106861,ヘニーヒューズ,ブライアンズタイムBrian'
2022102845,ダノンレジェンド,ジャスタウェイ
2022102734,スマートオーディン,ドリームジャーニー
2022106894,メイショウボーラー,ティンバーカントリー
2022105089,レイデオロ,More Than Ready
2022105331,サトノダイヤモンド,シンボリクリスエス
2022105754,アニマルキングダム,ワイルドラッシュ
2021105874,レイデオロ,ディープインパクト
2022106940,ウインブライト,アフリート
2022104794,ドゥラメンテ,Lomitas
2021101088,ゴールドシップ,ルールオブロー
2022103263,スワーヴリチャード,フレンチデピュティ
2022105554,シニスターミニスター,Pioneerof the Nile
2022103785,ゴールドドリーム,コマンズ
2021104039,パイロ,スペシャルウィーク
2020104135,マインドユアビスケッツ,スズカマンボ
2021102406,スワーヴリチャード,Forest Camp
2022103593,ノヴェリスト,アグネスタキオン
2023106400,リオンディーズ,マンハッタンカフェ
2023100840,リーチザクラウン,パイロ
2023104492,ダノンバラード,ナカヤマフェスタ
2023106495,タリスマニック,スウェプトオーヴァーボード
2023103932,サトノクラウン,バンブーエール
2023100108,シルバーステート,ロードカナロア
2022103707,スワーヴリチャード,Shamardal
2020103632,ドゥラメンテ,アルデバラン
2021105863,ハーツクライ,Storm Cat
2022104174,サートゥルナーリア,ヘニーヒューズ
2022100933,カリフォルニアクローム,キングカメハメハ
2022101906,イスラボニータ,ハービンジャー
2020104983,ミッキーアイル,Danehill Dancer
2022106169,ヘニーヒューズ,ディープインパクト
2020104087,エイシンフラッシュ,フジキセキ
2021103306,シニスターミニスター,ハーツクライ
2021104413,サンダースノー,チチカステナンゴ
2021106706,リオンディーズ,クロフネ
2020104632,ダンカーク,カジノドライヴ
2019105188,キンシャサノキセキ,ワイルドラッシュ
2020104738,アジアエクスプレス,Medicean
2019104861,ルーラーシップ,ティンバーカントリー
2021103593,カリフォルニアクローム,ゴールドアリュール
2020103928,スクリーンヒーロー,Shamardal
2021104635,ルーラーシップ,Captain Rio
2019101168,イスラボニータ,ストラヴィンスキー
2020106873,キタサンブラック,Petionville
2022104590,ブリックスアンドモルタル,ディープインパクト
2021104931,レイデオロ,フレンチデピュティ
2022101498,アルアイン,キングカメハメハ
2022102338,キズナ,Frankel
2022104664,レイデオロ,アドマイヤベガ
2021102283,オルフェーヴル,Frankel
2022102426,イスラボニータ,ジャングルポケット
2021103037,ワールドエース,Sea The StarsSea the Stars
2022104503,サトノダイヤモンド,Tapizar
2023101632,ビッグアーサー,スウェプトオーヴァーボード
2023100688,トゥザワールド,メジロライアン
2023104598,インディチャンプ,Dream Ahead
2022101255,ドレフォン,Distorted Humor
2022103053,ブリックスアンドモルタル,マンハッタンカフェ
2022101223,シャンハイボビー,フレンチデピュティ
2022100326,マインドユアビスケッツ,Morning Line
2022109099,ロジャーバローズ,ロードカナロア
2022100727,フィエールマン,ロードカナロア
2022106550,ロジャーバローズ,スペシャルウィーク
2022110045,Kameko,Galileo
2022105034,フィエールマン,Numerous
2022110091,Medaglia d'Oro,Curlin
2022101491,ブラックタイド,クロフネ
2022104559,カリフォルニアクローム,ディープインパクト
2022104385,カリフォルニアクローム,タニノギムレット
2022103851,ミッキースワロー,ダイワメジャー
2022104686,オルフェーヴル,ハーツクライ
2022104657,ブラックタイド,キングカメハメハ
2022105540,イスラボニータ,ディープインパクト
2022104434,オルフェーヴル,カリズマティック
2022103815,ノーブルミッション,ハーツクライ
2022101699,アドマイヤムーン,Gone West
2022102168,リオンディーズ,ハーツクライ
2022105829,サートゥルナーリア,ディープインパクト
2022102087,ヤングマンパワー,サクラバクシンオー
2022102691,モズアスコット,キングズベストKing'
2022102397,シニスターミニスター,コマンズ
2022100030,サングレーザー,ナリタトップロード
2022105048,ハービンジャー,キングカメハメハ
2022100491,ルーラーシップ,エンパイアメーカー
2022100397,ミッキーグローリー,ストーミングホーム
2022104471,マクフィ,ゼンノロブロイ
2022103632,American Pharoah,パレスマリス
2022104364,サトノダイヤモンド,ヘニーヒューズ
2022102818,モーニン,ジャングルポケット
2022101176,ゴールドドリーム,フジキセキ
2022105526,ハービンジャー,スクリーンヒーロー
2023106924,スワーヴリチャード,キングカメハメハ
2023105375,コントレイル,Montjeu
2023106620,サートゥルナーリア,ハーツクライ
2023102602,ドレフォン,スズカマンボ
2023104951,サートゥルナーリア,アグネスタキオン
2022100194,マジェスティックウォリアー,ディープスカイ
2022100757,ミスターメロディ,タイキシャトル
2021102798,エピカリス,キンシャサノキセキ
2019105830,ストロングリターン,アグネスタキオン
2022103425,アメリカンペイトリオット,タイキシャトル
2021105862,ドレフォン,ディープインパクト
2019101340,ディスクリートキャット,スペシャルウィーク
2022101765,サトノダイヤモンド,ストーミングホーム
2022103501,サトノクラウン,ブラックタイド
2021105466,キズナ,Azamour
2022102406,ファインニードル,Broken Vow
2020102965,ノヴェリスト,フジキセキ
2022105813,スワーヴリチャード,ディープブリランテ
2022105569,ダイワメジャー,カジノドライヴ
2021101414,ダイワメジャー,Shirocco
2022104874,シルバーステート,フレンチデピュティ
2021105473,ドゥラメンテ,Firebreak
2022105027,エピファネイア,キングカメハメハ
2022105559,モーリス,ルーラーシップ
2021105772,ロードカナロア,ハーツクライ
2022105343,マインドユアビスケッツ,Mineshaft
2022102966,Authentic,Flat Out
2020102339,コパノリッキー,キングカメハメハ
2022100632,ロードカナロア,Hard Spun
2022100998,キタサンブラック,ジョーカプチーノ
2022110038,Iffraaj,Kodiac
2021102401,シュヴァルグラン,エリシオ
2022102153,タワーオブロンドン,ロードカナロア
2022106818,ミッキーアイル,オルフェーヴル
2022101278,レッドファルクス,スニッツェル
2022102794,ロードカナロア,ステイゴールド
2022106672,ディスクリートキャット,タイキシャトル
2022100627,ロードカナロア,Sea The StarsSea the Stars
2022102427,デクラレーションオブウォー,クロフネ
2021103748,マジェスティックウォリアー,サウスヴィグラス
2021105821,リオンディーズ,アドマイヤベガ
2020101052,ファインニードル,チーフベアハート
2021103172,メイショウボーラー,フレンチデピュティ
2022104216,オーヴァルエース,サウスヴィグラス
2020106402,デクラレーションオブウォー,スピニングワールド
2017104756,キングカメハメハ,ハーツクライ
2019100318,ディープインパクト,Smarty Jones
2021105399,リアルスティール,Danehill Dancer
2020105633,キズナ,Curlin
2019104447,キングカメハメハ,ディープインパクト
2020103941,マインドユアビスケッツ,ルーラーシップ
2019104658,ハーツクライ,Platini
2021106787,アルアイン,Southern Image
2019105252,モーリス,ディープインパクト
2021109070,ウインバリアシオン,シンボリクリスエス
2018101010,ノヴェリスト,スペシャルウィーク
2018104942,ディープインパクト,Sevres Rose
2021105743,エピファネイア,ルーラーシップ
2019105239,ディープインパクト,Mineshaft
2022107282,キタサンブラック,キングカメハメハ
2022105175,キタサンブラック,ロードカナロア
2020105205,ゴールドシップ,ゼンノロブロイ
2022104887,マインドユアビスケッツ,モーリス
2021101554,エイシンヒカリ,キングカメハメハ
2018105086,ディープインパクト,Rossini
2021106904,ハービンジャー,ハーツクライ
2022102982,ニューイヤーズデイ,ジャイアントレッカー
2020104553,ドゥラメンテ,Galileo
2020102559,ルーラーシップ,フレンチデピュティ
2020102664,ロードカナロア,ディープインパクト
2023100337,ロードカナロア,ダイワメジャー
2022104505,ルヴァンスレーヴ,キングカメハメハ
2022102208,コパノリッキー,ヘニーヒューズ
2022100635,リアルスティール,ロードカナロア
2022103930,モズアスコット,ロックオブジブラルタル
2022100301,ストロングリターン,ダイワメジャー
2022102530,デクラレーションオブウォー,シンボリクリスエス
2022102267,フィエールマン,Temple City
2022103105,ルヴァンスレーヴ,ヘニーヒューズ
2022105216,キタサンブラック,ダイワメジャー
2022102851,ワンアンドオンリー,キングカメハメハ
2022107084,ゴールドシップ,キンシャサノキセキ
2022105489,ドレフォン,グラスワンダー
2022104947,サートゥルナーリア,ジャングルポケット
2022103503,リオンディーズ,デュランダル
2022101730,リアルスティール,ヴィクトワールピサ
2022105096,オルフェーヴル,Cairo Prince
2022106924,リアルスティール,ロードカナロア
2022110068,American Pharoah,Invincible Spirit
2022103149,サンダースノー,キングヘイロー
2022102984,マインドユアビスケッツ,ステイゴールド
2022110084,American Pharoah,Elusive Quality
2022104949,サートゥルナーリア,ディープインパクト
2022103887,ダノンレジェンド,ヴィクトワールピサ
2022103176,オルフェーヴル,アドマイヤムーン
2023106883,エピファネイア,No Nay Never
2023101530,シルバーステート,アドマイヤムーン
2023103337,ポエティックフレア,ディープインパクト
2023102812,Sottsass,Awtaad
2023106764,インディチャンプ,Giant's Causeway
2023106968,シスキン,サンデーサイレンス
2023104199,Blame,Harlan's Holiday
2023104972,モズアスコット,サウスヴィグラス
2023104627,リオンディーズ,ヘニーヒューズ
2021105144,リアルインパクト,Anabaa Blue
2020103268,キタサンブラック,Champs Elysees
2021103236,デクラレーションオブウォー,アドマイヤムーン
2022105525,ブリックスアンドモルタル,ディープインパクト
2021105131,サトノクラウン,ローエングリン
2021100165,ドゥラメンテ,ディープインパクト
2022103316,ダノンバラード,アイルハヴアナザーI'
2020100864,サトノクラウン,ダンスインザダーク
2021103493,イスラボニータ,タイキシャトル
2021104918,エピファネイア,ディープインパクト
2022102709,リオンディーズ,ハーツクライ
2021101409,ロードカナロア,Star Dabbler
2021105668,ルーラーシップ,フジキセキ
2020102760,ハービンジャー,ゼンノロブロイ
2022105505,サートゥルナーリア,Sligo Bay
2021105887,ドゥラメンテ,クロフネ
2022104640,レイデオロ,Pure Prize
2022106937,アニマルキングダム,キングカメハメハ
2021103293,ドレフォン,チチカステナンゴ
2019104712,スピルバーグ,Kitten's Joy
2021104754,マインドユアビスケッツ,ハーツクライ
2023103847,ドリームバレンチノ,タイキシャトル
2023103085,ディーマジェスティ,Proudest Romeo
2023105545,タワーオブロンドン,Sea The StarsSea the Stars
2023105815,ロードカナロア,Tapit
2023106544,ホッコータルマエ,アグネスタキオン
2023104095,ロゴタイプ,ダイタクリーヴァ
2019104675,ディーマジェスティ,Unbridled's Song
2022104163,ミスターメロディ,クロフネ
2020102535,ヴァンキッシュラン,Dubai Destination
2022110006,カラヴァッジオ,Sir Prancealot
2021105619,ニューイヤーズデイ,ダイワメジャー
2019109096,ミッキーアイル,Orientate
2020103354,モーリス,スペシャルウィーク
2021105040,イスラボニータ,マンハッタンカフェ
2019106604,リオンディーズ,Smart Strike
2019100768,キングカメハメハ,ダンスインザダーク
2020104912,リアルスティール,Teofilo
2018105996,マジェスティックウォリアー,グラスワンダー
2022101329,ウインブライト,ロードカナロア
2022102896,キズナ,Pivotal
2021101464,リアルスティール,ハービンジャー
2022100557,ウインブライト,ロージズインメイ
2023103696,ミスチヴィアスアレックス,ゴールドアリュール
2023100586,サンダースノー,Flower Alley
2023102476,ロジャーバローズ,キングカメハメハ
2023106170,ベストウォーリア,ネオユニヴァース
2023105139,リオンディーズ,アドマイヤムーン
2023102485,ダノンプレミアム,ハービンジャー
2023101112,タワーオブロンドン,ストーミングホーム
2023100169,ダノンプレミアム,Into Mischief
2023101078,ニューイヤーズデイ,ホワイトマズル
2022100027,レイデオロ,ストリートセンス
2022101968,ストロングリターン,キングカメハメハ
2022101966,イスラボニータ,ホワイトマズル
2022104995,ドゥラメンテ,Galileo
2022103070,スワーヴリチャード,Leroidesanimaux
2022106684,オルフェーヴル,シンボリクリスエス
2022103020,カリフォルニアクローム,デュランダル
2022110079,Wootton Bassett,ハービンジャー
2022104494,オルフェーヴル,Tapit
2022105354,ジャスタウェイ,Almutawakel
2022105039,ドレフォン,Dushyantor
2023110014,Cracksman,Lope de Vega
2023107320,エピファネイア,Style Vendome
2023105289,モーリス,アグネスタキオン
2023103370,コントレイル,Curlin
2023103739,エイシンフラッシュ,ネオユニヴァース
2023103196,キタサンブラック,Teofilo
2023105879,エピファネイア,Fusaichi Pegasus
2023100346,マインドユアビスケッツ,キングカメハメハ
2023100185,アメリカンペイトリオット,ディープインパクト
2023101414,グレーターロンドン,ホワイトマズル
2023102103,ミッキーアイル,キングヘイロー
2022110035,Invincible Spirit,タニノギムレット
2022103702,ブリックスアンドモルタル,キングカメハメハ
2022104935,リアルスティール,Essence of Dubai
2022103804,ヘニーヒューズ,ヴィクトワールピサ
2022104851,オルフェーヴル,マクフィ
2022102649,タワーオブロンドン,ディープインパクト
2022102970,スワーヴリチャード,Singspiel
2022104474,ノーブルミッション,ヘニーヒューズ
2022104921,ブリックスアンドモルタル,キングカメハメハ
2022103998,デクラレーションオブウォー,ゼンノロブロイ
2021100650,リオンディーズ,フレンチデピュティ
2022101607,サンダースノー,ディープインパクト
2020106221,マジェスティックウォリアー,スペシャルウィーク
2021104617,タリスマニック,エンドスウィープ
2020101601,リオンディーズ,シンボリクリスエス
2022105954,ドゥラメンテ,Archarcharch
2022101649,サンダースノー,Oasis Dream
2021100070,ブリックスアンドモルタル,フジキセキ
2020101337,リオンディーズ,マヤノトップガン
2022106828,ダノンバラード,オルフェーヴル
2022101061,ハービンジャー,クロフネ
2020102864,ドゥラメンテ,ハーツクライ
2022103251,カリフォルニアクローム,ディープブリランテ
2022102280,ルヴァンスレーヴ,サウスヴィグラス
2021100260,フリオーソ,サウスヴィグラス
2017106722,ダノンシャンティ,サクラローレル
2020106776,シニスターミニスター,チーフベアハート
2019102794,カレンブラックヒル,ダンスインザダーク
2020102949,マインドユアビスケッツ,ハーツクライ
2022101732,タワーオブロンドン,ヴィクトワールピサ
2021102320,キンシャサノキセキ,ディープインパクト
2022102887,アドマイヤマーズ,Storm Cat
2017101429,スクリーンヒーロー,マイネルラヴ
2020103434,シルバーステート,ロックオブジブラルタル
2019105859,マクフィ,ハーツクライ
2019102273,モーリス,アドマイヤムーン
2022103066,タワーオブロンドン,エンパイアメーカー
2021110027,Too Darn Hot,Clodovil
2021107085,ゴールドアクター,チチカステナンゴ
2022104748,アルアイン,ハービンジャー
2020103168,マインドユアビスケッツ,アグネスデジタル
2020101284,ハーツクライ,ストラヴィンスキー
2023104047,ドレフォン,ディープインパクト
2023107143,ドレフォン,ディープインパクト
2022104598,ハービンジャー,ゼンノロブロイ
2022105734,サトノダイヤモンド,ブライアンズタイムBrian'
2022104140,ジャスタウェイ,マンハッタンカフェ
2022100952,バゴ,ゴールドヘイロー
2022102988,スワーヴリチャード,Redattore
2022104817,モーリス,ディープインパクト
2022103199,アルアイン,Scat Daddy
2022110094,American Pharoah,Speightstown
2022105286,ブリックスアンドモルタル,Rainbow Quest
2022105125,サトノダイヤモンド,Ghostzapper
2022106341,スワーヴリチャード,キングカメハメハ
2022101020,ディーマジェスティ,ケイムホーム
2022106829,ダノンバラード,アイルハヴアナザーI'
2022102875,モズアスコット,マンハッタンカフェ
2022101080,シルバーステート,Majesticperfection
2023102574,ドレフォン,アドマイヤムーン
2023102769,エスポワールシチー,Unbridled's Song
2023103316,マインドユアビスケッツ,ネオユニヴァース
2023100655,ゴールドドリーム,マイネルラヴ
2023107203,ドレフォン,Proud Citizen
2023104040,ゴールドドリーム,ドリームジャーニー
2023106955,クリソベリル,War Front
2023103626,クリソベリル,ルーラーシップ
2023103900,シニスターミニスター,フジキセキ
2023104624,ヘニーヒューズ,サクラバクシンオー
2023105578,ワールドプレミア,クロフネ
2023106099,ドレフォン,Unbridled's Song
2022103003,レイデオロ,エンパイアメーカー
2022103973,ナカヤマフェスタ,マンハッタンカフェ
2022103924,ナダル,ハーツクライ
2022100091,カリフォルニアクローム,キングカメハメハ
2021100526,スクリーンヒーロー,ダンスインザダーク
2021104205,サトノクラウン,アグネスタキオン
2020102772,レッドファルクス,ワイルドラッシュ
2021100730,シニスターミニスター,トワイニング
2019105755,スクリーンヒーロー,ダンスインザダーク
2023102054,アメリカンペイトリオット,フジキセキ
2023110065,American Pharoah,Medaglia d'Oro
2023102872,ストロングリターン,サクラプレジデント
2023100214,フィレンツェファイア,ディープインパクト
2023101285,フォーウィールドライブ,ルーラーシップ
2023100007,イスラボニータ,タイキシャトル
2023104657,ゴルトマイスター,クロフネ
2023101551,グレーターロンドン,エムオーウイナー
2023103107,スマートファルコン,アグネスタキオン
2022101703,パイロ,ディープスカイ
2021110147,Mor Spirit,Put It Back
2021110130,Street Boss,Bernardini
2019102163,パイロ,アドマイヤマックス
2019103158,ドゥラメンテ,ストラヴィンスキー
2021106941,モーニン,アグネスデジタル
2021102993,シニスターミニスター,ルーラーシップ
2021107212,タリスマニック,アドマイヤベガ
2020107084,ルーラーシップ,ハービンジャー
2021103582,サンダースノー,リキアイサイレンス
2018103560,マツリダゴッホ,ショウナンカンプ
2022105552,エピファネイア,Bellamy Road
2019100702,エイシンヒカリ,クロフネ
2021105375,ブラックタイド,キングカメハメハ
2020101216,ヘニーヒューズ,タイキシャトル
2022105623,フィエールマン,ダイワメジャー
2022101039,Saxon Warrior,Nathaniel
2022101683,モーリス,コマンズ
2022105138,ドレフォン,ステイゴールド
2021106690,ルーラーシップ,チチカステナンゴ
2020110051,Dandy Man,Nayef
2022110039,Too Darn Hot,Dark Angel
2020103113,ハービンジャー,シンボリクリスエス
2023101122,ファインニードル,Dubawi
2023103936,ファインニードル,ハービンジャー
2023106108,ミスチヴィアスアレックス,ジャスタウェイ
2022104301,モズアスコット,Hard Spun
2022109090,ルヴァンスレーヴ,ワークフォース
2022102515,オーヴァルエース,フジキセキ
2022103393,モーニン,ティンバーカントリー
2022105423,アルアイン,ヴィクトワールピサ
2022104858,スワーヴリチャード,キンシャサノキセキ
2022103234,ミッキーアイル,タニノギムレット
2022105444,ブリックスアンドモルタル,Successful Appeal
2022104488,ルーラーシップ,Majesticperfection
2022101382,ノーブルミッション,スペシャルウィーク
2022102923,タワーオブロンドン,ゼンノロブロイ
2022101970,ルヴァンスレーヴ,キングカメハメハ
2022102784,リアルスティール,ローズキングダム
2023103908,レイデオロ,メジロベイリー
2023104690,コントレイル,キンシャサノキセキ
2023107244,シルバーステート,オルフェーヴル
2023107450,アメリカンペイトリオット,アドマイヤムーン
2023102814,キズナ,Oratorio
2023101526,サートゥルナーリア,Grand Slam
2023103099,アドマイヤマーズ,タイキシャトル
2023104334,ドレフォン,スペシャルウィーク
2022101389,マインドユアビスケッツ,ディープインパクト
2022103938,ホッコータルマエ,ゴールドアリュール
2022100568,サトノダイヤモンド,クロフネ
2022105004,モーリス,キングカメハメハ
2022104010,マジェスティックウォリアー,ドリームジャーニー
2022101441,モーリス,サクラバクシンオー
2022100345,ナダル,クロフネ
2022102428,ミッキーロケット,ダイワメジャー
2022105478,ロードカナロア,ハービンジャー
2021106811,ゴールドシップ,アドマイヤコジーン
2021100081,ゴールドシップ,ロージズインメイ
2022104509,シゲルカガ,ノヴェリスト
2021100151,キズナ,キングカメハメハ
2022101473,コパノリッキー,シニスターミニスター
2021105895,ドレフォン,オルフェーヴル
2022104688,エピファネイア,ハーツクライ
2022104856,サトノダイヤモンド,シンボリクリスエス
2022102300,サートゥルナーリア,マンハッタンカフェ
2022104761,エピファネイア,ダイワメジャー
2022105395,トーセンラー,エンパイアメーカー
2022101203,ブラックタイド,キングカメハメハ
2021103312,ロードカナロア,ジャングルポケット
2022106351,アドマイヤマーズ,Galileo
2022106603,リオンディーズ,ハービンジャー
2020101217,キズナ,サクラバクシンオー
2021105150,イスラボニータ,Reliable Man
2020106413,リオンディーズ,ディープインパクト
2021104145,アジアエクスプレス,クロフネ
2022102220,サトノアラジン,Sidney's Candy
2020105185,シルバーステート,Arch
2022105830,ワールドエース,クロフネ
2020103672,ドゥラメンテ,Singspiel
2021100557,エピファネイア,Frankel
2019104159,ゴールドシップ,ゼンノエルシド
2021102419,ファインニードル,ディープインパクト
2021105746,モーリス,ディープインパクト
2019107075,マクフィ,マーベラスサンデー
2021103500,キタサンブラック,スウェプトオーヴァーボード
2019102320,コパノリッキー,ジャングルポケット
2023102964,リオンディーズ,ディープインパクト
2023104932,ハッピースプリント,スピルバーグ
2023100441,ガルボ,マイネルセレクト
2023105713,クリソベリル,ハーツクライ
2023102208,ミスチヴィアスアレックス,クロフネ
2023104918,ダノンプレミアム,ルーラーシップ
2023105934,ミラアイトーン,Wild Event
2022104646,ロードカナロア,ハーツクライ
2022105612,マクフィ,ストラヴィンスキー
2022100486,ノーブルミッション,アドマイヤムーン
2022101240,ラブリーデイ,マンハッタンカフェ
2022101249,フィエールマン,キンシャサノキセキ
2023105312,シルバーステート,キングカメハメハ
2023105239,トーセンラー,ノヴェリスト
2023107231,モーリス,Rahy
2023106058,ダノンスマッシュ,ディープインパクト
2023104204,ファインニードル,Henrythenavigator
2023106508,キセキ,ダンスインザダーク
2023105013,アドマイヤマーズ,Petionville
2023110104,Adios Charlie,Uncaptured
2023105777,Dark Angel,Le Havre
2023105219,シルバーステート,Bernardini
2023101580,サートゥルナーリア,ブラックタイド
2022104383,デクラレーションオブウォー,Distorted Humor
2022107014,Omaha Beach,Tapit
2022105163,モーリス,ロードカナロア
2021105765,エピファネイア,ディープインパクト
2022102846,ロードカナロア,マンハッタンカフェ
2022100135,オルフェーヴル,シンボリクリスエス
2019102672,シルバーステート,プリサイスエンド
2021105896,ドレフォン,ディープインパクト
2022104394,シニスターミニスター,アルデバラン
2022101330,アジアエクスプレス,ロードカナロア
2021105709,ドゥラメンテ,Custom for Carlos
2021106193,ゴールドシップ,ボストンハーバー
2022104855,エピファネイア,Kitten's Joy
2020102803,ダイワメジャー,Kalatos
2022103288,エピファネイア,キングカメハメハ
2021104432,ブリックスアンドモルタル,ダイワメジャー
2021100365,オルフェーヴル,キングカメハメハ
2021102468,サトノアラジン,アドマイヤベガ
2021105659,シルバーステート,Tapit
2023105332,ハービンジャー,ハーツクライ
2023104885,コントレイル,Into Mischief
2023107079,エピファネイア,ディープインパクト
2023105223,ハービンジャー,ワークフォース
2023106852,ドレフォン,キングカメハメハ
2023100237,ヴァンゴッホ,ハーツクライ
2022103262,アドマイヤマーズ,シニスターミニスター
2022103909,ショウナンバッハ,Northern Afleet
2023105084,ウインブライト,トーセンラー
2023106443,ダノンバラード,Southern Image
2023103761,シスキン,ハーツクライ
2022103266,ダノンレジェンド,マツリダゴッホ
2022106969,シルバーステート,チチカステナンゴ
2022100277,リオンディーズ,ジャングルポケット
2022100538,ミッキーアイル,ジャングルポケット
2022104122,フォーウィールドライブ,ダイワメジャー
2022105119,アドマイヤマーズ,Harlan's Holiday
2022100129,ラブリーデイ,ディープインパクト
2022100836,サートゥルナーリア,Dubawi
2022101198,イスラボニータ,ロードカナロア
2022103530,ダイワメジャー,Tiz Wonderful
2022102225,モズアスコット,クロフネ
2022103225,ミスターメロディ,ディープインパクト
2022110061,Gun Runner,Pioneerof the Nile
2022104513,サンダースノー,アフリート
2020103513,ロードカナロア,フジキセキ
2022105609,フォーウィールドライブ,ストリートセンス
2020101649,ミッキーアイル,クロフネ
2022104411,アルアイン,ワイルドラッシュ
2019101165,ロードカナロア,アグネスタキオン
2022100724,フィエールマン,キングカメハメハ
2021105577,サトノダイヤモンド,Manhattan Rain
2020103772,ジャスタウェイ,Exceed And Excel
2021107101,ミッキーグローリー,エンパイアメーカー
2021104998,キタサンブラック,Bluegrass Cat
2020100707,ロードカナロア,アドマイヤムーン
2022105398,ダイワメジャー,Shackleford
2022102993,モーリス,アグネスデジタル
2022103039,サンダースノー,デュランダル
2022104197,ロジャーバローズ,War Front
2021105312,キズナ,Luhuk
2021106224,サンダースノー,ジャングルポケット
2022103755,リアルスティール,クロフネ
2022106320,シルバーステート,キングカメハメハ
2022101259,リアルスティール,ハーツクライ
2022103192,タワーオブロンドン,ロードカナロア
2020102468,トーセンホマレボシ,エンパイアメーカー
2020103556,サトノダイヤモンド,ウォーエンブレム
2020102360,ラブリーデイ,ゴールドヘイロー
2018103473,カレンブラックヒル,フサイチコンコルド
2021100739,ワールドエース,サウスヴィグラス
2021100446,ガルボ,サウスヴィグラス
2022105798,Vekomaヴェコマ,Liaison
2021102555,ジャスタウェイ,マリエンバード
2020106811,ハーツクライ,Any Given Saturday
2022106793,ダノンバラード,Shamardal
2022105018,ルーラーシップ,ディープインパクト
2022105777,レイデオロ,ステイゴールド
2021104167,サトノアラジン,ジャングルポケット
2020106909,ゴールドシップ,タニノギムレット
2019103888,トーセンラー,ハービンジャー
2020102873,ハービンジャー,ヴィクトワールピサ
2020103111,オルフェーヴル,マンハッタンカフェ
2021104427,タリスマニック,マンハッタンカフェ
2016102175,マンハッタンカフェ,Singspiel
2020100254,ネロ,コンデュイット
2021105104,キズナ,Scat Daddy
2019101507,ドゥラメンテ,Unbridled's Song
2022102735,シニスターミニスター,サウスヴィグラス
2022106011,ディーマジェスティ,ゴールドアリュール
2021106217,ゴールドシップ,ロージズインメイ
2022100076,トビーズコーナーToby',ノボジャック
2022104221,ビッグアーサー,タイキシャトル
2022101903,アルアイン,スペシャルウィーク
2022106599,マクフィ,オース
2022101740,ハービンジャー,フジキセキ
2022107050,スクリーンヒーロー,フジキセキ
2022101922,モーリス,サクラバクシンオー
2022105989,サトノクラウン,ダイワメジャー
2022102689,ビッグアーサー,デュランダル
2022105818,モーリス,ゴールドシップ
2022106820,アメリカンペイトリオット,ケイムホーム
2022100101,ブリックスアンドモルタル,ネオユニヴァース
2022105457,オルフェーヴル,ティンバーカントリー
2022100780,リアルスティール,アグネスタキオン
2022104435,ブリックスアンドモルタル,タイキシャトル
2022105172,ミッキーアイル,ヘニーヒューズ
2022104090,コパノリッキー,サクラプレジデント
2022103026,イスラボニータ,キングカメハメハ
2022106356,ルヴァンスレーヴ,キングカメハメハ
2022104019,ビッグアーサー,ゼンノロブロイ
2022103758,サートゥルナーリア,クロフネ
2022101773,モズアスコット,Bernardini
2022106305,ロゴタイプ,ディスクリートキャット
2022101367,ラブリーデイ,シンボリクリスエス
2022106231,ウインブライト,ロージズインメイ
2022104092,イスラボニータ,マンハッタンカフェ
2022103493,ダノンバラード,タートルボウル
2022105304,イスラボニータ,ロードカナロア
2022102416,エタリオウ,キングカメハメハ
2022104718,シュヴァルグラン,キングカメハメハ
2023104998,スワーヴリチャード,ロードカナロア
2023107269,ミッキーアイル,Nayef
2023102342,ミスターメロディ,マイネルラヴ
2023109034,タワーオブロンドン,オルフェーヴル
2023106728,ヴァンゴッホ,スクリーンヒーロー
2023103637,ダノンスマッシュ,ディープインパクト
2022101442,ドゥラメンテ,Giant's Causeway
2022100360,スワーヴリチャード,バブルガムフェロー
2022101677,ファインニードル,Pivotal
2022100725,ロードカナロア,Into Mischief
2022100929,ガルボ,サウスヴィグラス
2022107180,アドミラブル,ハーツクライ
2022103863,カレンブラックヒル,アドマイヤベガ
2022105419,サートゥルナーリア,ホワイトマズル
2022107340,タワーオブロンドン,スピルバーグ
2021104074,ダイワメジャー,Dylan Thomas
2021100415,カリフォルニアクローム,Montjeu
2022107295,Improbable,Twirling Candy
2020100289,シルバーステート,Cape Cross
2019105172,エピファネイア,チチカステナンゴ
2021101102,ミッキーアイル,サクラバクシンオー
2022102780,イスラボニータ,フォーティナイナーズサン
2022106261,ヘニーヒューズ,ゴールドアリュール
2021101624,パイロ,アドマイヤムーン
2019101794,アドマイヤムーン,ダンスインザダーク
2021104782,ニューイヤーズデイ,ロードカナロア
2022101616,ブルドッグボス,Shamardal
2022102821,ダノンバラード,エンパイアメーカー
2021103150,ハービンジャー,エンパイアメーカー
2020107017,コパノリチャード,エイシンデピュティ
2021100305,ルーラーシップ,ディープインパクト
2022103514,ブリックスアンドモルタル,キングカメハメハ
2021104189,ロジャーバローズ,Shamardal
2019104761,ハーツクライ,Almutawakel
2018104841,ハーツクライ,American Post
2021110078,Kingman,ハーツクライ
2020103929,ゴールドシップ,クロフネ
2019103742,キズナ,ウォーエンブレム
2020107036,Oscar Performance,Dynaformer
2021104073,ダンカーク,マンハッタンカフェ
2021110099,American Pharoah,Galileo
2020106006,アジアエクスプレス,キングヘイロー
2021110164,Shalaa,Canford Cliffs
2021104556,ファインニードル,マイネルラヴ
2019103753,ミッキーアイル,Storm Cat
2017101423,スクリーンヒーロー,サクラユタカオー
2020110155,Frankel,Docksider
2020103962,ハービンジャー,アドマイヤムーン
2022105170,ニューイヤーズデイ,スマートファルコン
2022104205,ロジャーバローズ,アグネスタキオン
2020103991,パイロ,ゴールドアリュール
2021105394,ジャスタウェイ,ワークフォース
2018101166,マジェスティックウォリアー,ロージズインメイ
2021100589,サトノダイヤモンド,エンパイアメーカー
2020103774,サトノクラウン,サンデーサイレンス
2020107109,メジロダイボサツ,オルフェーヴル
2022101587,タワーオブロンドン,アグネスデジタル
2022100816,スワーヴリチャード,アドマイヤムーン
2022105235,トーセンラー,Frankel
2022103091,フィエールマン,リンカーン
2022102902,ネロ,キングカメハメハ
2022100169,タワーオブロンドン,ダノンシャンティ
2022100407,トビーズコーナーToby',キングヘイロー
2022104538,ジャスタウェイ,ダノンシャンティ
2022103862,ジャスタウェイ,カネヒキリ
2022106040,ベストウォーリア,エイシンフラッシュ
2022101695,タワーオブロンドン,ダイワメジャー
2022105705,ルヴァンスレーヴ,ゴールドアリュール
2022105905,モズアスコット,キンシャサノキセキ
2022103704,モズアスコット,ハーツクライ
2022102527,ビッグアーサー,ヴァーミリアン
2022101506,ゴールドドリーム,タイキシャトル
2022102890,サトノクラウン,ベーカバド
2022103076,ミッキーアイル,ケープブランコ
2022101343,サンダースノー,ファルブラヴ
2022101722,パイロ,ゴールドアリュール
2022103486,イスラボニータ,アイルハヴアナザーI'
2022106624,キズナ,ジャングルポケット
2022101731,サートゥルナーリア,Theatrical
2022104599,フィエールマン,ダイワメジャー
2022103212,リオンディーズ,シンボリクリスエス
2022105511,ハービンジャー,ダイワメジャー
2022103931,ロジャーバローズ,Bluegrass Cat
2023103721,フィレンツェファイア,ロードカナロア
2023106478,ウインブライト,マイネルラヴ
2023106739,スワーヴリチャード,ヘニーヒューズ
2023106611,タリスマニック,プリサイスエンド
2022105290,ルーラーシップ,ディープインパクト
2022104324,シルバーステート,ファスリエフ
2022107006,オルフェーヴル,Compton Place
2022101965,ミッキーグローリー,ハービンジャー
2021104671,タリスマニック,ディープインパクト
2019106105,ジャスタウェイ,ファスリエフ
2022106698,パイロ,チチカステナンゴ
2021103685,ホッコータルマエ,キンシャサノキセキ
2020101481,ヘニーヒューズ,サウスヴィグラス
2020100586,パイロ,Chief Seattle
2021103299,リアルスティール,キングカメハメハ
2022101241,アルアイン,キングカメハメハ
2022106874,アドミラブル,ラブリーデイ
2020100138,シルバーステート,クロフネ
2022106045,レイデオロ,Candy Ride
2022102135,モーリス,ハーツクライ
2022106209,キズナ,コンデュイット
2022101783,ゴールドシップ,ディスクリートキャット
2022102957,ダノンバラード,ハーツクライ
2022105597,オルフェーヴル,クロフネ
2019102514,プリサイスエンド,ダンスインザダーク
2019105277,ディープインパクト,Tiznow
2021101733,ロードカナロア,エンパイアメーカー
2021105929,エピカリス,アメリカンボス
2022106666,ロードカナロア,サクラバクシンオー
2020106623,リアルインパクト,ヨハネスブルグ
2020102439,ミッキーアイル,Lion Heart
2021103171,エイシンヒカリ,キングヘイロー
2019100683,ストロングリターン,ディープインパクト
2020100956,シルバーステート,デザートキング
2021100899,ビッグアーサー,Tale of Ekati
2019103517,マクフィ,ハーツクライ
2020100632,ドゥラメンテ,Sea The StarsSea the Stars
2020103218,ジャスタウェイ,Redoute's Choice
2022106541,モズアスコット,ハーツクライ
2022102885,ドゥラメンテ,ヴィクトワールピサ
2021105730,モーリス,クロフネ
2021104295,マジェスティックウォリアー,エンパイアメーカー
2020104951,アイファーソング,エンパイアメーカー
2021100475,アニマルキングダム,ローエングリン
2020104725,モーリス,フジキセキ
2022102492,ミスターメロディ,ディープインパクト
2022100400,イスラボニータ,ルーラーシップ
2022105653,ダイワメジャー,Sky Mesa
2022110086,Authentic,Lemon Drop Kid
2022107077,ルヴァンスレーヴ,ジャングルポケット
2022103237,デクラレーションオブウォー,ブラックタイド
2022101985,パイロ,ゴールドアリュール
2022101421,リオンディーズ,Stroll
2022102130,レイデオロ,サンデーサイレンス
2022102218,リアルスティール,サンライズペガサス
2022105391,エピファネイア,Storm Cat
2022103576,ダノンバラード,サッカーボーイ
2022102063,ホークビル,ウインラディウス
2022105214,エピファネイア,Galileo
2022106221,ゴールドシップ,ダノンシャンティ
2022102980,ドゥラメンテ,ストリートセンス
2023107008,キタサンブラック,トゥザワールド
2023105481,ドレフォン,キングカメハメハ
2023105561,アドマイヤマーズ,Hard Spun
2023103503,パドトロワ,エピファネイア
2023104372,モーリス,ディープインパクト
2023101662,リアルスティール,ロードカナロア
2023101674,ミスターメロディ,ネオユニヴァース
2023104962,ダノンプレミアム,パイロ
2023102023,タワーオブロンドン,ゴールドアリュール
2023103080,コパノリッキー,エンパイアメーカー
2023104561,ブルドッグボス,ディープインパクト
2023106583,ベンバトル,ストーミングホーム
2023103093,ルヴァンスレーヴ,ファスリエフ
2022105254,ブリックスアンドモルタル,ダイワメジャー
2022101704,ハービンジャー,Singspiel
2022100463,レイデオロ,ハーツクライ
2022103206,エピファネイア,Tapit
2022101107,ゴールドシップ,ネオユニヴァース
2021109043,タリスマニック,オルフェーヴル
2022105269,パドトロワ,ウォーエンブレム
2021102458,マクフィ,ディープブリランテ
2020104818,シニスターミニスター,マーベラスサンデー
2019110122,Klimt,Giant's Causeway
2021104920,ハービンジャー,ゼンノロブロイ
2022104413,ブリックスアンドモルタル,マンハッタンカフェ
2021104891,ルーラーシップ,ステイゴールド
2019103996,アメリカンペイトリオット,コマンズ
2021100476,アルアイン,サクラバクシンオー
2019103887,マジェスティックウォリアー,マツリダゴッホ
2021105640,Curlin,Union Rags
2022105823,ルヴァンスレーヴ,マンハッタンカフェ
2022101634,ジャスタウェイ,Dansili
2021104276,デクラレーションオブウォー,キングカメハメハ
2022100260,ロジャーバローズ,マンハッタンカフェ
2022105316,イスラボニータ,Yesbyjimminy
2022101046,モーリス,ディープインパクト
2022101428,アドマイヤマーズ,ワイルドラッシュ
2022103884,メイショウボーラー,ロックオブジブラルタル
2022101218,ディスクリートキャット,ティンバーカントリー
2022103737,キズナ,Quality Road
2022106656,キズナ,Street Cry
2022103892,イスラボニータ,クロフネ
2022100149,フリオーソ,クロフネ
2022110041,Pinatubo,Kitten's Joy
2022101889,シルバーステート,Hard Spun
2022102559,アドマイヤマーズ,キングカメハメハ
2022104843,ルーラーシップ,ステイゴールド
2022103473,マクフィ,ディープインパクト
2022102513,ディスクリートキャット,タイキシャトル
2023100796,パドトロワ,ダンディコマンド
2023110054,St Mark's Basilica,ディープインパクト
2023104313,ミスターメロディ,ディープインパクト
2023100428,キタサンブラック,フジキセキ
2023102540,タワーオブロンドン,ゼンノロブロイ
2023103374,カレンブラックヒル,ロードカナロア
2023102677,ゴールドシップ,キングカメハメハ
2023102819,タワーオブロンドン,ダイワメジャー
2022102007,ストロングリターン,フレンチデピュティ
2022103639,ロードカナロア,グラスワンダー
2022106393,キタサンブラック,Monsun
2022107342,キズナ,Mizzen Mast
2021101250,アルアイン,ハービンジャー
2022105972,モーリス,キングカメハメハ
2022104693,Saxon Warrior,Champs Elysees
2020105478,ゴールドアクター,ロードカナロア
2021100958,ビッグアーサー,ハーツクライ
2022100460,サートゥルナーリア,ハーツクライ
2020103844,ブラックタイド,ブラックホーク
2022106613,キズナ,Dubawi
2021105479,キズナ,Galileo
2021101176,カリフォルニアクローム,キングカメハメハ
2021103031,サトノダイヤモンド,ステイゴールド
2022102987,ナダル,ディープインパクト
2021104422,シャンハイボビー,タイキシャトル
2021100329,アニマルキングダム,オペラハウス
2020100189,リアルスティール,ハービンジャー
2020104864,シニスターミニスター,ダノンシャンティ
2019103010,ルーラーシップ,ダイワメジャー
2020101262,アメリカンペイトリオット,オルフェーヴル
2021102013,シルバーステート,ストロングリターン
2021101576,デクラレーションオブウォー,アドマイヤジャパン
2020105365,ディーマジェスティ,ヨハネスブルグ
2019104386,トーセンファントム,エンパイアメーカー
2020105250,ミッキーアイル,ストリートセンス
2018106077,ロードカナロア,ダイワメジャー
2022103753,ドレフォン,サウスヴィグラス
2020101250,ハービンジャー,クロフネ
2021102153,マジェスティックウォリアー,ゴールドアリュール
2021105976,ドレフォン,スペシャルウィーク
2021104511,Omaha Beach,Tiznow
2022104322,ロジャーバローズ,ネオユニヴァース
2022106587,ミッキーアイル,トウカイテイオー
2022104042,モズアスコット,キングカメハメハ
2022103202,ナダル,St. Petersburg
2022103612,シュヴァルグラン,フリオーソ
2022106579,リアルスティール,Henrythenavigator
2022101710,ノーブルミッション,ダンスインザダーク
2022105820,ナダル,ステイゴールド
2023102027,インディチャンプ,エンパイアメーカー
2023103490,パドトロワ,Gleneagles
2023103032,タワーオブロンドン,ディープインパクト
2023105111,フィエールマン,エンパイアメーカー
2023100588,Magna Grecia,The Gurkha
2023100706,キタサンブラック,タニノギムレット
2022100829,タワーオブロンドン,ストーミングホーム
2022103172,サトノクラウン,シンボリクリスエス
2022105849,ドレフォン,ダイワメジャー
2022101314,グレーターロンドン,Lemon Drop Kid
2021104878,ロードカナロア,Elusive Quality
2022104839,Frankel,Fortify
2020101288,リアルスティール,Kingmambo
2018104714,ディープインパクト,キングカメハメハ
2021100629,ゴールドシップ,ロージズインメイ
2020110090,Frankel,Giant's Causeway
2018103205,ディスクリートキャット,ネオユニヴァース
2019100214,ビッグアーサー,アドマイヤジャパン
2021105122,ドレフォン,ハーツクライ
2021104955,エピファネイア,ゼンノロブロイ
2019100751,ダイワメジャー,マイネルラヴ
2022101095,マインドユアビスケッツ,スウェプトオーヴァーボード
2021102200,エイシンフラッシュ,ディープインパクト
2021110012,Golden Horn,ディープインパクト
2022110133,Game Winner,Bodemeister
2023106747,ダノンバラード,A.P. Indy
2022103261,パイロ,ハーツクライ
2022100004,リオンディーズ,Frankel
2022100213,カレンブラックヒル,スウェプトオーヴァーボード
2022109084,ノーブルミッション,パイロ
2022106472,シルバーステート,オルフェーヴル
2022105271,リアルインパクト,Manduro
2022102429,ミッキースワロー,ハービンジャー
2023104232,タワーオブロンドン,ディープブリランテ
2023106789,イスラボニータ,クロフネ
2023105092,マインドユアビスケッツ,バトルプラン
2023105996,サンダースノー,ダンスインザダーク
2023106745,スワーヴリチャード,シャンハイボビー
2022105336,ブリックスアンドモルタル,ディープインパクト
2022104870,アドマイヤマーズ,Van Nistelrooy
2020100572,リオンディーズ,Cherokee Run
2022104684,リアルスティール,Dubawi
2021105611,ルーラーシップ,ファルブラヴ
2020103403,キタサンブラック,Candy Ride
2021107080,ホッコータルマエ,ストリートセンス
2020104111,ジャスタウェイ,アドマイヤムーン
2020105750,ゴールドシップ,スターオブコジーン
2021104324,ディーマジェスティ,ファスリエフ
2019101422,ワールドエース,キングカメハメハ
2020106678,オルフェーヴル,ストーミングホーム
2020105749,ゴールドシップ,ロージズインメイ
2019105302,ハービンジャー,サンデーサイレンス
2022103220,ディーマジェスティ,Petionville
2020101031,ハーツクライ,タイキシャトル
2019102321,ロードカナロア,サクラバクシンオー
2022105737,ロードカナロア,Equiano
2022103012,ブルドッグボス,スタチューオブリバティ
2022100671,アルアイン,Kitten's Joy
2022102800,ミッキーアイル,Orpen
2022100019,ゴールドシップ,タニノギムレット
2022100721,サンダースノー,キングズベストKing'
2022106817,スクリーンヒーロー,ステイゴールド
2023100630,フォーウィールドライブ,バトルプラン
2023107504,マテラスカイ,ウォーエンブレム
2023101065,マテラスカイ,スペシャルウィーク
2022102512,アメリカンペイトリオット,パイロ
2022100352,モズアスコット,マンハッタンカフェ
2022100508,パイロ,ヴァーミリアン
2021104722,マクマホン,ダイワメジャー
2020101655,スピルバーグ,アドマイヤムーン
2021100674,レイデオロ,ブラックタイド
2019103897,エイシンヒカリ,シンボリクリスエス
2020104203,ロードカナロア,ディープインパクト
2019105347,モーリス,ディープインパクト
2020101572,ヘニーヒューズ,スペシャルウィーク
2020102135,ストロングリターン,マンハッタンカフェ
2022102031,シャンハイボビー,マイネルセレクト
2022105592,ブラックタイド,ロードカナロア
2022106716,サトノアラジン,Street Cry
2022102419,マジェスティックウォリアー,ステイゴールド
2022101365,モーニン,ハーツクライ
2022101405,モーリス,タイキシャトル
2022102926,ファインニードル,キンシャサノキセキ
2022105619,タワーオブロンドン,Giant's Causeway
2022106120,アドマイヤマーズ,ティンバーカントリー
2022104563,キズナ,Dubai Destination
2022102961,マクフィ,ハーツクライ
2022104427,ルーラーシップ,フジキセキ
2020106336,イスラボニータ,キングカメハメハ
2020103389,ハービンジャー,サンデーサイレンス
2020100078,ドレフォン,ダンスインザダーク
2022102434,アドマイヤマーズ,カジノドライヴ
2022105718,モズアスコット,アグネスタキオン
2020101893,キズナ,Acatenango
2020104661,ドレフォン,シンボリクリスエス
2020102095,コパノリッキー,ワークフォース
2018110126,Khozan,Put It Back
2020102737,ハーツクライ,Saint Liam
2019100684,キズナ,Orpen
2019103419,ザファクター,アフリート
2022103562,アジアエクスプレス,スマートファルコン
2022110017,New Bay,Privately Held
2022100039,パイロ,ディープブリランテ
2023107191,モーリス,キングカメハメハ
2023101758,ディーマジェスティ,ワンダーアキュート
2023100589,Earthlight,Teofilo
2023107043,ルヴァンスレーヴ,クロフネ
2022110044,Wootton Bassett,High Yield
2022100709,ガルボ,スーパーホーネット
2022105289,ミッキーアイル,Hawk Wing
2020101709,キズナ,クロフネ
2022101067,タリスマニック,トーセンホマレボシ
2021100179,シャンハイボビー,ヴィクトワールピサ
2022105399,ブリックスアンドモルタル,ディープインパクト
2020104843,エピファネイア,マンハッタンカフェ
2019106739,ドゥラメンテ,Woodman
2021105384,ハービンジャー,キングカメハメハ
2019104762,ジャスタウェイ,Medaglia d'Oro
2022100965,ホッコータルマエ,ディープインパクト
2022102005,ニューイヤーズデイ,フレンチデピュティ
2022103152,コパノリッキー,タイキシャトル
2022101568,スワーヴリチャード,バゴ
2022101631,ハービンジャー,ハーツクライ
2022103352,レッドファルクス,ルーラーシップ
2022105017,ヘニーヒューズ,ジャングルポケット
2022100005,ドリームバレンチノ,アドマイヤムーン
2023103710,ブリックスアンドモルタル,ダノンシャンティ
2023101676,フォーウィールドライブ,ノボジャック
2023101660,タワーオブロンドン,Pivotal
2022105977,サトノダイヤモンド,Tapit
2022106357,エピファネイア,スクリーンヒーロー
2021106370,ラブリーデイ,ハーツクライ
2022103245,エピファネイア,ディープインパクト
2020100742,ジャングルポケット,スタチューオブリバティ
2020105149,コパノリッキー,Kingmambo
2021110062,Liam's Map,Ghostzapper
2020102740,ルーラーシップ,フジキセキ
2021106816,ブリックスアンドモルタル,アグネスタキオン
2018101615,スクリーンヒーロー,ボストンハーバー
2018105147,ロードカナロア,サンデーサイレンス
2021104405,デクラレーションオブウォー,アルデバラン
2022101418,モーリス,Tapit
2022101092,シルバーステート,マジェスティックウォリアー
2022101481,マインドユアビスケッツ,ハーツクライ
2022103751,ルヴァンスレーヴ,スマートボーイ
2022105333,エピファネイア,ディープインパクト
2022104551,サトノダイヤモンド,マンハッタンカフェ
2022100625,エピファネイア,ディープインパクト
2022100726,サートゥルナーリア,フォーティナイナー
2022105806,イスラボニータ,Smart Strike
2022104612,アルアイン,American Post
2022105371,ニューイヤーズデイ,ステイゴールド
2022101947,ドレフォン,クロフネ
2022104683,オルフェーヴル,Harlan's Holiday
2022106842,ゴールドアクター,ヘニーヒューズ
2021105814,モーリス,El Corredor
2021102980,サトノダイヤモンド,Storm Cat
2022101230,フィエールマン,ダノンシャンティ
2021101639,アドマイヤムーン,Street Cry
2022105037,エピファネイア,ディープインパクト
2022101102,ゴールドシップ,ボストンハーバー
2022105369,ロードカナロア,Fortify
2021107001,ホッコータルマエ,Tiznow
2021105926,サトノアラジン,アフリート
2021100561,ヘニーヒューズ,ブラックタイド
2019100286,ヘニーヒューズ,ダンシングブレーヴ
2020105939,スクリーンヒーロー,Pulpit
2021100150,ジャスタウェイ,ロードカナロア
2021102952,アジアエクスプレス,キンシャサノキセキ
2022105111,サートゥルナーリア,Kingsalsa
2022103031,ゴールドシップ,ボストンハーバー
2022103016,ミッキーグローリー,ブライアンズタイムBrian'
2022106849,ゴールドアクター,フジキセキ
2023103373,エピファネイア,ディープインパクト
2023105294,ハービンジャー,キングカメハメハ
2023100538,リオンディーズ,ダイワメジャー
2022103022,パドトロワ,リアルインパクト
2022104650,Kingman,Camelot
2021105449,リアルスティール,High Chaparral
2021110165,Justify,Lonhro
2020100631,デクラレーションオブウォー,キングカメハメハ
2023105505,ファインニードル,キングカメハメハ
2023105991,ダノンレジェンド,サンデーサイレンス
2023106823,キズナ,ジャスタウェイ
2021104320,カリフォルニアクローム,クロフネ
2022103977,ディーマジェスティ,キングカメハメハ
2022104307,コパノリッキー,エンパイアメーカー
2022103837,イスラボニータ,Fastnet Rock
2022100195,コパノリッキー,スタチューオブリバティ
2022105436,サトノダイヤモンド,フレンチデピュティ
2022100507,サトノクラウン,Galileo
2022106024,イスラボニータ,ホワイトマズル
2022106706,ミッキーアイル,クロフネ
2022107159,ストロングリターン,マーベラスサンデー
2022102547,ホッコータルマエ,エスケンデレヤ
2022106741,タワーオブロンドン,オルフェーヴル
2022104410,サトノダイヤモンド,Pivotal
2022101362,ダノンバラード,Stormy Atlantic
2022107225,アドマイヤムーン,グラスワンダー
2022102321,フォーウィールドライブ,ロードカナロア
2022102672,ロージズインメイ,マイネルラヴ
2022101390,モーリス,ディープインパクト
2022101029,リアルスティール,フジキセキ
2022104499,キズナ,Kodiac
2022105101,サトノダイヤモンド,Myboycharlie
2022101146,アルアイン,ジャングルポケット
2022105861,サトノアラジン,ハーツクライ
2022105704,スワーヴリチャード,キングカメハメハ
2022106810,ゴールドシップ,ロージズインメイ
2022107260,モーリス,ディープインパクト
2022105229,ノヴェリスト,ネオユニヴァース
2022101755,サートゥルナーリア,Scipion
2022100002,バゴ,ディープインパクト
2022101117,アポロケンタッキー,Vindication
2022101033,レッドファルクス,タニノギムレット
2022106191,アジアエクスプレス,スズカマンボ
2022100203,ビッグアーサー,コマンズ
2022103980,ディーマジェスティ,ダンカーク
2022105907,スワーヴリチャード,アポインテッドデイ
2022101252,アジアエクスプレス,キングカメハメハ
2022100742,モーニン,オルフェーヴル
2022107257,サンダースノー,オレハマッテルゼ
2022100863,ミッキーロケット,アドマイヤベガ
2022102788,ミッキーグローリー,アグネスデジタル
2022106830,ウインブライト,アグネスタキオン
2022104671,キズナ,エンパイアメーカー
2022105200,モーリス,ディープインパクト
2022102951,デクラレーションオブウォー,サウスヴィグラス
2022102209,デクラレーションオブウォー,ダイワメジャー
2022106630,キズナ,Kitten's Joy
2022101761,エピファネイア,ディープインパクト
2022103807,サトノダイヤモンド,Frankel
2022104264,カリフォルニアクローム,ディープインパクト
2022102996,ブリックスアンドモルタル,ステイゴールド
2022106824,ゴールドシップ,ロージズインメイ
2022103713,ゴールドシップ,キングズベストKing'
2022104323,ダイワメジャー,Manduro
2022103101,ミッキーアイル,Grand Slam
2022102878,フィエールマン,ダイワメジャー
2022102033,スマートオーディン,スマートロビン
2022101171,ビッグアーサー,スクリーンヒーロー
2022106439,リアルスティール,メジロライアン
2022105996,ノーブルミッション,アドマイヤムーン
2022105816,ジャスタウェイ,ステイゴールド
2022102442,アルアイン,ヴィクトワールピサ
2022103165,ラブリーデイ,ストーミングホーム
2022105626,サートゥルナーリア,ディープインパクト
2022100257,タワーオブロンドン,ダイワメジャー
2022106848,ゴールドアクター,ケープブランコ
2020102607,サトノクラウン,サンデーサイレンス
2021105085,エイシンフラッシュ,タートルボウル
2021105346,レイデオロ,ネオユニヴァース
2020103676,キンシャサノキセキ,Running Stag
2021103723,ロードカナロア,スズカマンボ
2021103226,Justify,Tapit
2021100980,シニスターミニスター,ベーカバド
2021106540,サンダースノー,スペシャルウィーク
2021103878,スクリーンヒーロー,クロフネ
2021104116,デクラレーションオブウォー,Tapit
2021104933,リアルスティール,Privately Held
2021105613,ニューイヤーズデイ,ルーラーシップ
2021105160,ブラックタイド,キングカメハメハ
2020105189,ハービンジャー,ステイゴールド
2020103910,ゴールドシップ,クロフネ
2021105985,バゴ,ステイゴールド
2020103453,サトノダイヤモンド,Reset
2019105807,エイシンフラッシュ,ジャングルポケット
2021106681,サトノダイヤモンド,キングカメハメハ
2021100284,ラブリーデイ,エンパイアメーカー
2021103555,ブリックスアンドモルタル,トーセンダンス
2021101868,アドミラブル,Fusaichi Pegasus
2021105274,ドゥラメンテ,ホワイトマズル
2020104519,リアルスティール,ヴィクトワールピサ
2021104906,リオンディーズ,チチカステナンゴ
2020102926,ロードカナロア,Scat Daddy
2020100678,モーリス,ディープインパクト
2021105113,ミッキーロケット,ディープインパクト
2019100907,アスカクリチャン,スペシャルウィーク
2020103547,ルーラーシップ,ディープインパクト
2019105542,モーリス,アグネスタキオン
2021106591,ニューイヤーズデイ,ダンスインザダーク
2020102648,ルーラーシップ,ダイワメジャー
2021102841,エイシンヒカリ,タイキシャトル
2019106143,ドゥラメンテ,シンボリクリスエス
2021100114,シゲルカガ,Birdstone
2021102462,モーニン,フレンチデピュティ
2021110153,Army Mule,Stormy Atlantic
2020105415,カレンブラックヒル,デザートキング
2019101399,ビッグアーサー,バチアー
2020110127,Justify,マジェスティックウォリアー
2020102702,キンシャサノキセキ,フレンチデピュティ
2021105711,キンシャサノキセキ,スニッツェル
2020104676,ロゴタイプ,タイキシャトル
2021100198,リアルスティール,キングカメハメハ
2020106586,ハクサンムーン,ジャングルポケット
2021105333,ベストウォーリア,ゴールドアリュール
2020105957,タイセイレジェンド,アドマイヤマックス
2020110079,American Pharoah,Northern Afleet
2021102295,スワーヴリチャード,サウスヴィグラス
2019102869,カレンブラックヒル,Lemon Drop Kid
2019105993,シニスターミニスター,スマートボーイ
2018105503,ヘニーヒューズ,キングカメハメハ
2017101380,オルフェーヴル,スニッツェル
2020102845,ドゥラメンテ,スペシャルウィーク
2016102663,クロフネ,アドマイヤムーン
2020106370,ビーチパトロール,ゴールドアリュール
2018106428,メイショウサムソン,バゴ
2020104675,ヘニーヒューズ,ダイワメジャー
2020103039,エピファネイア,フレンチデピュティ
2019105225,ダイワメジャー,Candy Ride
2020102767,ドレフォン,クロフネ
2021106395,レッドファルクス,クロフネ
2019106503,キタサンブラック,Le Havre
2020103256,モーリス,アドマイヤベガ
2021110023,Iffraaj,Frankel
2021101905,ビッグアーサー,ハービンジャー
2020100795,ミッキーアイル,ホワイトマズル
2019105765,トーセンジョーダン,Danehill Dancer
2021100718,アジアエクスプレス,ハービンジャー
2018100094,ミッキーアイル,Kingmambo
2021106050,ミッキーグローリー,トワイニング
2020106587,レオアクティブ,エンパイアメーカー
2022104303,サンダースノー,ディープインパクト
2022100663,シャンハイボビー,キングカメハメハ
2022106875,アジアエクスプレス,ハービンジャー
2022102700,American Pharoah,Paynter
2022103193,メイショウボーラー,ダイワメジャー
2022100378,ゴールドドリーム,ヘニーヒューズ
2022104721,アドマイヤマーズ,ルーラーシップ
2022102215,リオンディーズ,エンパイアメーカー
2022105781,モーリス,ダイワメジャー
2022100270,ダノンレジェンド,クロフネ
2022104162,リオンディーズ,ハーツクライ
2022107175,ゴールドドリーム,クロフネ
2022107138,アルアイン,パイロ
2022100528,ディーマジェスティ,キングズベストKing'
2022104501,ミスターメロディ,ワイルドラッシュ
2022103594,ナダル,アドマイヤムーン
2022100208,エピファネイア,スズカマンボ
2022106913,ダノンバラード,ブライアンズタイムBrian'
2022110033,Blue Point,Interprete
2022105595,レイデオロ,ヴィクトワールピサ
2022102673,バトルプラン,ステイゴールド
2022104038,ルヴァンスレーヴ,オレハマッテルゼ
2022107120,ミスターメロディ,ダンスインザダーク
2022105841,ルヴァンスレーヴ,ゴールドアリュール
2022100592,バゴ,ハービンジャー
2022103533,エイシンフラッシュ,ショウナンカンプ
2022103528,ダノンバラード,サクラバクシンオー
2022107240,ゴールドシップ,Sky Classic
2022105337,ブリックスアンドモルタル,Dance Brightly
2022106318,デクラレーションオブウォー,ブラックタイド
2022102081,サトノダイヤモンド,マヤノトップガン
2022103703,リオンディーズ,エンパイアメーカー
2022102648,モズアスコット,Raven's Pass
2022102852,モズアスコット,クロフネ
2022102206,カリフォルニアクローム,ディープインパクト
2022100912,ゴールドドリーム,ロージズインメイ
2022105430,ダイワメジャー,Frankel
2022106695,カレンブラックヒル,エンドスウィープ
2022110155,Honor A.P.,Shakespeare
2022106867,カレンブラックヒル,ハービンジャー
2022110103,War Front,Mineshaft
2022107030,イスラボニータ,Mount Nelson
2022106760,ウインブライト,アドマイヤムーン
2022110149,Justify,Galileo
2022100061,カリフォルニアクローム,キングカメハメハ
2022103310,フィエールマン,スニッツェル
2022105284,ブリックスアンドモルタル,Curlin
2022103159,ディーマジェスティ,ダンスインザダーク
2022106779,ウインブライト,ヤマニンセラフィム
2022101602,ホークビル,Unbridled's Song
2022103449,レッドベルジュール,Kingmambo
2022105508,ロゴタイプ,ゼンノロブロイ
2022106404,ホークビル,Henrythenavigator
2022100121,ヘンリーバローズ,ワークフォース
2021101677,アドマイヤムーン,Mark of Esteem
2020106821,ファインニードル,クロフネ
2020101586,サトノダイヤモンド,サクラバクシンオー
2021100248,ヴィクトワールピサ,パイロ
2020100084,レーヴミストラル,シンボリクリスエス
2021102449,キンシャサノキセキ,ルーラーシップ
2020103530,モーリス,シンボリクリスエス
2021105747,ロードカナロア,Singspiel
2021105057,ミッキーアイル,Smart Strike
2021105671,モーリス,Frankel
2021101398,ストロングリターン,キングカメハメハ
2019101133,キタサンブラック,アドマイヤムーン
2020101029,ロードカナロア,ディープインパクト
2020103731,ルーラーシップ,ディープインパクト
2021106068,シルバーステート,ルーラーシップ
2018106354,バゴ,ディープインパクト
2021101801,アニマルキングダム,ハーツクライ
2021105444,ブリックスアンドモルタル,キングカメハメハ
2021105536,キタサンブラック,Not for Sale
2021106802,スクリーンヒーロー,ステイゴールド
2021103504,エイシンヒカリ,ホワイトマズル
2021100236,リオンディーズ,タニノギムレット
2020106344,リオンディーズ,ダンスインザダーク
2021103283,シルバーステート,Red Ransom
2021100187,リーチザクラウン,オルフェーヴル
2018103293,サウスヴィグラス,ステイゴールド
2021101521,シュヴァルグラン,Stormy Atlantic
2019102469,ホッコータルマエ,ネオユニヴァース
2021103513,アドマイヤムーン,ヘクタープロテクター
2020100617,バトルプラン,キングカメハメハ
2021104839,サトノアラジン,マジェスティックウォリアー
2021101800,マインドユアビスケッツ,ゴールドヘイロー
2020103673,ルーラーシップ,サクラバクシンオー
2018105386,ブラックタイド,Oasis Dream
2019105142,ドレフォン,ダイワメジャー
2021102617,サトノダイヤモンド,ロードカナロア
2020102640,ダイワメジャー,Distorted Humor
2021105180,パドトロワ,キンシャサノキセキ
2020110068,Kitten's Joy,Smart Strike
2021105605,キズナ,ロックオブジブラルタル
2020109129,マクフィ,ゼンノロブロイ
2019104498,ダイワメジャー,Closing Argument
2018101951,モーリス,キングカメハメハ
2020102631,ハービンジャー,マンハッタンカフェ
2019100755,アドマイヤマックス,スターリングローズ
2021102413,ディスクリートキャット,Broken Vow
2019105058,ルーラーシップ,エンドスウィープ
2019102753,トランセンド,カネヒキリ
2019104660,ローエングリン,ワイルドラッシュ
2021110136,Cajun Breeze,Distorted Humor
2020106406,ハーツクライ,サクラバクシンオー
2021103556,リオンディーズ,キンシャサノキセキ
2020102299,ファインニードル,ハーツクライ
2020110136,Unified,Heatseeker
2019103162,スマートファルコン,アグネスデジタル
2018106391,クリエイター,アグネスタキオン
2021101237,ヘニーヒューズ,サクラバクシンオー
2020106534,ミッキーアイル,メイショウボーラー
2020106877,ヘニーヒューズ,Mr. Greeley
2020101303,タリスマニック,ネオユニヴァース
2021101535,ダノンレジェンド,メジロベイリー
2021104094,マクフィ,ゼンノロブロイ
2019106698,ヴァンセンヌ,アラジ
2020105781,ルーラーシップ,アグネスタキオン
2020104881,シルバーステート,エンパイアメーカー
2019106933,キングカメハメハ,フレンチデピュティ
2020103043,ジャスタウェイ,コロナドズクエストCoronado'
2019105448,キングカメハメハ,フジキセキ
2020102194,ラブリーデイ,スペシャルウィーク
2020101025,ハービンジャー,ハーツクライ
2021106782,ゴールドシップ,ソングオブウインド
2019104998,ザファクター,ステイゴールド
2021105623,キズナ,Monsun
2020101913,ゴールドシップ,クロフネ
2019104005,フリオーソ,フジキセキ
2021101041,デクラレーションオブウォー,ダイワメジャー
2020103921,マツリダゴッホ,Congrats
2021101930,シャンハイボビー,メイショウボーラー
2019100069,アジアエクスプレス,フジキセキ
2020103520,バンドワゴン,ネオユニヴァース
2020100685,ラブリーデイ,ゼンノロブロイ
2021103266,サンダースノー,メイショウサムソン
2021102160,ダノンレジェンド,アグネスタキオン
2021104667,リオンディーズ,ダイワメジャー
2021109125,デクラレーションオブウォー,キングカメハメハ
2022106122,モーニン,コマンズ
2022107279,ディスクリートキャット,ノヴェリスト
2022101312,ゴールドシップ,サウスヴィグラス
2022104139,ルヴァンスレーヴ,タニノギムレット
2022101085,コパノリッキー,ネオユニヴァース
2022101104,デクラレーションオブウォー,シンボリクリスエス
2022104792,ニューイヤーズデイ,ゴールドアリュール
2022106473,スワーヴリチャード,Bernardini
2022105449,シュヴァルグラン,スウェプトオーヴァーボード
2022107319,マインドユアビスケッツ,ファスリエフ
2022102259,イスラボニータ,Scat Daddy
2022100250,レッドファルクス,タイキシャトル
2022100357,ビッグアーサー,エンパイアメーカー
2022103996,サートゥルナーリア,ディープインパクト
2022102571,カリフォルニアクローム,オレハマッテルゼ
2022100993,カレンブラックヒル,エピファネイア
2022102609,フサイチセブン,キングカメハメハ
2022104629,ミッキーアイル,ロードカナロア
2022106173,ヘンリーバローズ,テンビー
2022104422,ブリックスアンドモルタル,マンハッタンカフェ
2022102702,リオンディーズ,ゼンノロブロイ
2022105763,イスラボニータ,ロードカナロア
2022109031,アジアエクスプレス,アグネスタキオン
2022100054,アドマイヤムーン,パイロ
2022104071,タワーオブロンドン,マーベラスサンデー
2022106264,ロゴタイプ,ダノンシャンティ
2022103626,カリフォルニアクローム,ロードカナロア
2022106822,ゴールドシップ,トーセンホマレボシ
2022107091,レイデオロ,キンシャサノキセキ
2022102856,リアルスティール,エンパイアメーカー
2022101472,デクラレーションオブウォー,ゼンノロブロイ
2022103318,リアルインパクト,アサクサデンエン
2022101196,ウインブライト,ハービンジャー
2022104166,サトノダイヤモンド,タイキシャトル
2022106403,サトノダイヤモンド,Street Cry
2022106792,ゴールドシップ,マツリダゴッホ
2022107108,サトノダイヤモンド,エスケンデレヤ
2022104409,マインドユアビスケッツ,クロフネ
2022102874,ゴールドドリーム,スキャターザゴールド
2022101490,ハクサンムーン,アグネスデジタル
2022101848,カレンブラックヒル,ヴィクトワールピサ
2022103926,キンシャサノキセキ,Kingmambo
2022101599,ルーラーシップ,ハーツクライ
2022100013,シルバーステート,シンボリクリスエス
2022105516,オルフェーヴル,ラムタラ
2022102258,ロゴタイプ,Cairo Prince
2022100145,アドミラブル,ケイムホーム
2022105041,サトノダイヤモンド,Pioneerof the Nile
2022100073,アニマルキングダム,サクラバクシンオー
2022101605,トーホウジャッカル,ストリートセンス
2022104739,ワールドエース,Redoute's Choice
2022101898,サトノダイヤモンド,ロードカナロア
2022101496,ノーブルミッション,マンハッタンカフェ
2022101387,シスキン,ハーツクライ
2022105536,ロードカナロア,マンハッタンカフェ
2022106210,ウインブライト,Arch
2022105604,サトノダイヤモンド,グラスワンダー
2022103706,サトノクラウン,ジャスタウェイ
2022100481,カリフォルニアクローム,ウォーエンブレム
2022101431,American Pharoah,War Front
2022100733,イスラボニータ,タニノギムレット
2022100186,シャンハイボビー,ステイゴールド
2022102355,オルフェーヴル,フレンチデピュティ
2022104196,モーリス,ストラヴィンスキー
2022103424,フィエールマン,アフリート
2022106503,レッドファルクス,マイネルラヴ
2022104603,マクフィ,ネオユニヴァース
2022100578,ビッグアーサー,ウォーエンブレム
2022100029,ラブリーデイ,ヴィクトワールピサ
2022104537,ファインニードル,タイキシャトル
2022102528,モーニン,ディープインパクト
2021107166,パレスマリス,Pure Prize
2020101341,ジャスタウェイ,Galileo
2020104744,マクフィ,ゼンノロブロイ
2020100130,パイロ,ダイワメジャー
2021101413,ダイワメジャー,ワイルドラッシュ
2019106938,メイショウボーラー,ゴールドアリュール
2021102055,マクフィ,クロフネ
2021106982,ニューイヤーズデイ,シンボリクリスエス
2021103257,シルバーステート,Uncle Mo
2019101753,ラブリーデイ,ブライアンズタイムBrian'
2021109069,サンダースノー,ゴールドアリュール
2020106345,モーリス,ダイワメジャー
2020101833,モーリス,コマンズ
2020105525,シルバーステート,サウスヴィグラス
2020103507,ダイワメジャー,Oasis Dream
2021103385,スマートファルコン,ケイムホーム
2019101435,モンテロッソ,ティンバーカントリー
2020106489,アジアエクスプレス,メイショウオウドウ
2019104143,ディスクリートキャット,アサクサデンエン
2021103542,マツリダゴッホ,ロージズインメイ
2022110054,Frankel,Smart Strike
2022103207,ブリックスアンドモルタル,ディープインパクト
2022103522,ビーチパトロール,ハーツクライ
2022105633,シュヴァルグラン,ディープインパクト
2022104786,サートゥルナーリア,ディープインパクト
2022107202,キズナ,Royal Applause
2022100896,ヴァンセンヌ,ハーツクライ
2021105802,キタサンブラック,ジェネラス
2021102988,エピファネイア,スズカマンボ
2020101121,ラブリーデイ,ディープインパクト
2021104820,ミッキーロケット,ディープブリランテ
2021106618,ハービンジャー,ディープインパクト
2021105739,ニューイヤーズデイ,クロフネ
2020106380,ドゥラメンテ,シンボリクリスエス
2019105824,ブラックタイド,タニノギムレット
2020105652,キズナ,Distorted Humor
2021106176,シルバーステート,ハーツクライ
2019105341,スクリーンヒーロー,ヨハネスブルグ
2021104949,キズナ,フレンチデピュティ
2019101330,アイファーソング,Vindication
2021102219,ダノンレジェンド,ゴールドアリュール
2020106491,ホッコータルマエ,マンハッタンカフェ
2020100053,シニスターミニスター,クロフネ
2020102840,ロゴタイプ,Hard Spun
2020103436,ジャスタウェイ,マクフィ
2020106941,ルーラーシップ,ディープインパクト
2020105540,シャンハイボビー,ワイルドラッシュ
2020102544,エピファネイア,ディープインパクト
2018105392,ハーツクライ,ウォーエンブレム
2021104490,ゴールドアクター,ケイムホーム
2021104481,バトルプラン,ダノンシャンティ
2021101825,マクフィ,クロフネ
2020102208,サトノダイヤモンド,ヨハネスブルグ
2021103119,ロゴタイプ,ファルブラヴ
2020100355,レッドファルクス,サクラバクシンオー
2020103073,イスラボニータ,Kitten's Joy
2019106183,ハーツクライ,ブライアンズタイムBrian'
2020105277,アポロキングダム,トワイニング
2020102269,リオンディーズ,ディープインパクト
2022110142,Tiz the Law,Twirling Candy
2022104508,モーニン,エイシンフラッシュ
2022100318,ビッグアーサー,マンハッタンカフェ
2022103127,タワーオブロンドン,ディープインパクト
2022107297,Practical Joke,Candy Ride
2022104146,リオンディーズ,ハーツクライ
2022100174,ダンカーク,ダイワメジャー
2022101664,デクラレーションオブウォー,ディープインパクト
2022103246,カリフォルニアクローム,オレハマッテルゼ
2022103089,モーニン,ヴィクトワールピサ
2022101368,パドトロワ,ブラックタイド
2022103331,モズアスコット,フレンチデピュティ
2022104553,ナダル,ディープインパクト
2022101754,ヘニーヒューズ,パイロ
2022103954,ブラックタイド,Unbridled's Song
2022103618,リアルインパクト,Bluegrass Cat
2022103623,シニスターミニスター,ハーツクライ
2022104778,ナダル,ダイワメジャー
2022101264,リアルスティール,High Chaparral
2022105933,ゴールドアクター,フリオーソ
2022102407,サートゥルナーリア,Marju
2022100295,ゴールドドリーム,シニスターミニスター
2022102011,ルヴァンスレーヴ,ステイゴールド
2022106470,ミッキーアイル,ルーラーシップ
2022102621,ビッグアーサー,キングヘイロー
2022101920,ブリックスアンドモルタル,ディープインパクト
2022103239,エピファネイア,アドマイヤムーン
2022100355,ビッグアーサー,Zoffany
2022101555,エイシンヒカリ,ロードカナロア
2022101470,モーリス,ダンスインザダーク
2022101235,リオンディーズ,マンハッタンカフェ
2022103805,リオンディーズ,ゼンノロブロイ
2022101148,ハービンジャー,ディープインパクト
2022105513,ゴールドシップ,ショウナンカンプ
2022105529,ブラックタイド,Anabaa Blue
2022106661,キズナ,Bernardini
2022104737,エピファネイア,Redoute's Choice
2022101277,モズアスコット,ブラックタイド
2022101492,カリフォルニアクローム,ディープインパクト
2022105010,ミッキーアイル,キングカメハメハ
2022101569,フィエールマン,ワークフォース
2022105155,サートゥルナーリア,キャプテンスティーヴ
2022105760,ブリックスアンドモルタル,ディープインパクト
2022106700,レイデオロ,Unbridled's Song
2022101766,ドゥラメンテ,Unbridled's Song
2022101463,サトノクラウン,ディープインパクト
2022105227,アドマイヤマーズ,ハービンジャー
2022106054,グレーターロンドン,タバスコキャット
2022100844,オルフェーヴル,シンボリクリスエス
2022105425,トーセンラー,Anabaa Blue
2022105165,レイデオロ,Dark Angel
2022104827,ルーラーシップ,ディープインパクト
2022109006,ウインバリアシオン,キャプテンスティーヴ
2022103956,ノヴェリスト,トーセンジョーダン
2022106236,ウインブライト,ショウナンカンプ
2022102097,ビッグアーサー,ブライアンズタイムBrian'
2022103052,サトノダイヤモンド,Invincible Spirit
2022107075,サートゥルナーリア,Harlan's Holiday
2022102994,ナダル,Frankel
2022103571,マツリダゴッホ,ショウナンカンプ
2022101190,アルアイン,Galileo
2022103296,キタサンブラック,ロードカナロア
2022103216,ミッキーアイル,Galileo
2022105765,シスキン,アグネスタキオン
2022101847,フェノーメノ,アサクサキングス
2021107138,ゴールドアクター,キングヘイロー
2021102708,ゴールドシップ,キングカメハメハ
2021102420,グレーターロンドン,キングカメハメハ
2021105077,ハーツクライ,Seattle Fitz
2020103160,ラブリーデイ,ケイムホーム
2021103255,エピファネイア,Pivotal
2021104658,リアルスティール,Purge
2021104947,ブリックスアンドモルタル,ディープインパクト
2021106829,ゴールドシップ,アグネスタキオン
2019102559,ジャスタウェイ,Leroidesanimaux
2020101781,アメリカンペイトリオット,ゼンノロブロイ
2020106865,ジャスタウェイ,Vindication
2020101412,スクリーンヒーロー,アドマイヤムーン
2021106105,マジェスティックウォリアー,キングカメハメハ
2019102777,シニスターミニスター,シンボリクリスエス
2021106845,コパノリッキー,シンボリクリスエス
2021105074,ブリックスアンドモルタル,フジキセキ
2019103092,ザファクター,バゴ
2021106066,エスポワールシチー,キングヘイロー
2019103592,ビッグアーサー,ゴールドアリュール
2019100689,フェノーメノ,シンボリクリスエス
2017103384,スピルバーグ,クロフネ
2020104617,ディープスカイ,アグネスデジタル
2021100675,ロジャーバローズ,ルーラーシップ
2020104052,エスポワールシチー,アドマイヤドン
2020100081,アイファーソング,ブラックタキシード
2021105092,ブリックスアンドモルタル,スウェプトオーヴァーボード
2020101992,アメリカンペイトリオット,ステイゴールド
2021110014,Practical Joke,Elusive Quality
2021106298,デクラレーションオブウォー,ファスリエフ
2021106661,ディスクリートキャット,タニノギムレット
2021103595,タリスマニック,ブラックタイド
2021100060,マジェスティックウォリアー,ダイワメジャー
2021103532,ノヴェリスト,ファスリエフ
2020104342,ダイワメジャー,Sea The StarsSea the Stars
2021105148,ブリックスアンドモルタル,ダイワメジャー
2021102578,ネオユニヴァース,ジャングルポケット
2021105980,キズナ,シンボリクリスエス
2021105910,ルーラーシップ,クロフネ
2021103976,アメリカンペイトリオット,ディープインパクト
2019100212,ゴールドシップ,ルールオブロー
2019106399,ゴールドシップ,アグネスデジタル
2021105796,Constitution,Colonel John
2021106603,サトノダイヤモンド,チチカステナンゴ
2017104681,オルフェーヴル,トニービン
2020101548,ドゥラメンテ,Curlin
2016102904,ブラックタイド,ワイルドラッシュ
2021101549,キタサンブラック,アドマイヤムーン
2020101608,サトノダイヤモンド,キングカメハメハ
2020100909,ジャスタウェイ,シンボリクリスエス
2020103195,キタサンブラック,Danehill Dancer
2021103975,デクラレーションオブウォー,Footstepsinthesand
2021104855,ルーラーシップ,ステイゴールド
2020104572,ニシケンモノノフ,ヴィクトワールピサ
2021102992,シニスターミニスター,ネオユニヴァース
2019105572,ルーラーシップ,ファルブラヴ
2021103161,マジェスティックウォリアー,ダンスインザダーク
2021110123,Into Mischief,Unbridled's Song
2019100844,ヘニーヒューズ,ダイワメジャー
2021101391,ブラックタイド,ロージズインメイ
2021105554,キズナ,クロフネ
2021110106,Curlin,Giant's Causeway
2019100195,ドゥラメンテ,コンデュイット
2021101525,ドレフォン,ダイワメジャー
2019110124,ロードカナロア,ステイゴールド
2020110044,Mastercraftsman,Galileo
2021104052,ダノンレジェンド,サクラローレル
2022105335,ルヴァンスレーヴ,エンパイアメーカー
2022104987,フィエールマン,Shackleford
2022105729,ナダル,Invincible Spirit
2022106164,ミッキーグローリー,タイキシャトル
2022106518,モズアスコット,ハーツクライ
2022106771,ダノンバラード,ネオユニヴァース
2022101295,サムライハート,トウカイテイオー
2022100738,ミュゼスルタン,ディープインパクト
2022105810,ルヴァンスレーヴ,オナーコード
2022101675,サンダースノー,コマンズ
2022103485,モズアスコット,アイルハヴアナザーI'
2022102917,モズアスコット,クロフネ
2022103447,ゴールドドリーム,ブライアンズタイムBrian'
2022107086,サトノクラウン,Congrats
2022103358,スマートファルコン,アドマイヤムーン
2022106979,シルバーステート,ホワイトマズル
2022100716,ノーブルミッション,サマーバード
2022105159,エピファネイア,Sakhee
2022103747,フォーウィールドライブ,アドマイヤムーン
2022105866,モーリス,ハーツクライ
2022102219,キタサンブラック,クロフネ
2022101315,アルアイン,グラスワンダー
2022104759,レイデオロ,スペシャルウィーク
2022100384,ゴールドシップ,ヘニーヒューズ
2022106220,スワーヴリチャード,ステイゴールド
2022103907,モーリス,キングカメハメハ
2022102919,リアルスティール,ノヴェリスト
2022101051,レイデオロ,ハービンジャー
2022100700,モズアスコット,ロードカナロア
2022103126,タワーオブロンドン,アグネスタキオン
2022105273,ディーマジェスティ,サクラバクシンオー
2022105913,タワーオブロンドン,ライブリーワン
2022100433,トビーズコーナーToby',ダノンシャンティ
2022103256,ダノンレジェンド,メイショウサムソン
2022106224,ブリックスアンドモルタル,ダンスインザダーク
2022106667,キンシャサノキセキ,Malibu Moon
2022100765,ディーマジェスティ,アグネスタキオン
2022101133,サトノクラウン,ディープインパクト
2022103132,エピファネイア,メイショウサムソン
2022102861,ロジャーバローズ,マリエンバード
2022106635,ジャスタウェイ,クロフネ
2022101445,ロードカナロア,Roi Normand
2022103994,デクラレーションオブウォー,Sea The StarsSea the Stars
2022101461,サトノクラウン,ダンスインザダーク
2022103116,アニマルキングダム,ヘニーヒューズ
2022105625,ナダル,キングカメハメハ
2022102455,ドレフォン,ディープブリランテ
2022100083,ニューイヤーズデイ,Sunray Spirit
2022106959,サトノダイヤモンド,ステイゴールド
2022102695,コパノリッキー,ファンタスティックライト
2022100206,ホッコータルマエ,マンハッタンカフェ
2020105803,ダイワメジャー,バゴ
2021100594,ファインニードル,ロードカナロア
2020101535,マクフィ,ハーツクライ
2019100249,ハービンジャー,スペシャルウィーク
2020106963,ダノンバラード,ストーミングホーム
2020105073,アメリカンペイトリオット,ブラックタイド
2021104210,ディスクリートキャット,サイレントディール
2021106150,ドレフォン,ネオユニヴァース
2021104455,Constitution,Tizway
2020106429,ディーマジェスティ,Mt. Livermore
2021103575,カリフォルニアクローム,サウスヴィグラス
2019101428,グランデッツァ,フレンチデピュティ
2020104664,コパノリッキー,ハーツクライ
2021101744,ドレフォン,アグネスタキオン
2021100851,レッドファルクス,ヴァーミリアン
2020100962,ベストウォーリア,ネオユニヴァース
2022104734,キズナ,Alamosa
2022106217,ウインブライト,ロージズインメイ
2022101626,サンダースノー,アドマイヤムーン
2022104698,アドマイヤマーズ,キングカメハメハ
2022102020,サートゥルナーリア,サクラバクシンオー
2022106433,ビッグアーサー,アグネスタキオン
2022105212,ストロングリターン,ハーツクライ
2022100639,ロードカナロア,ディープインパクト
2022102770,タワーオブロンドン,ゴールドアリュール
2022104900,モーリス,クロフネ
2022103509,ウインブライト,タイキシャトル
2022106190,シルバーステート,スエヒロコマンダー
2022103324,フォーウィールドライブ,マヤノトップガン
2022107359,モズアスコット,ブラックタイド
2021105585,ドゥラメンテ,ハービンジャー
2021104831,ノヴェリスト,アグネスタキオン
2019105076,ディープインパクト,Congrats
2021104923,エピファネイア,フジキセキ
2021110022,Golden Horn,Halling
2020105808,ゴールドシップ,ブライアンズタイムBrian'
2020105746,ダノンバラード,ネオユニヴァース
2019100722,ラニ,Raven's Pass
2020103284,ダイワメジャー,キングカメハメハ
2021105358,ロードカナロア,ダイワメジャー
2019101643,ビッグアーサー,ディープインパクト
2019105487,ロードカナロア,フレンチデピュティ
2020101195,ビッグアーサー,フジキセキ
2020106131,サトノクラウン,バトルプラン
2021107063,ビッグアーサー,ダンスインザダーク
2021103278,ルーラーシップ,ディープインパクト
2018106613,ディスクリートキャット,サウスヴィグラス
2019102458,ザファクター,Medaglia d'Oro
2021102914,グランプリボス,Congrats
2021103809,ミュゼスルタン,ダイワメジャー
2021106213,サンダースノー,ゼンノロブロイ
2019101233,バトルプラン,ステイゴールド
2021101305,ロージズインメイ,ブラックタイド
2020103187,Saxon Warrior,Invincible Spirit
2020105564,ディスクリートキャット,サムライハート
2021104574,ダイワメジャー,Teofilo
2022104479,ゴールドアクター,アルデバラン
2022102574,フォーウィールドライブ,アイルハヴアナザーI'
2022101917,オルフェーヴル,クロフネ
2022102834,アニマルキングダム,タイキシャトル
2022102352,ゴールドドリーム,ロードカナロア
2022100512,エスポワールシチー,サウスヴィグラス
2022105295,サトノアラジン,スクリーンヒーロー
2022100717,ノーブルミッション,バゴ
2022100006,ノーブルミッション,ハービンジャー
2022106681,ゴールドドリーム,エンパイアメーカー
2022101055,ヘニーヒューズ,ダイワメジャー
2022103270,ブリックスアンドモルタル,カフェラピード
2022102962,サートゥルナーリア,ダイワメジャー
2022102465,カレンブラックヒル,ダイタクリーヴァ
2022101614,バゴ,ディープインパクト
2022105106,アドマイヤマーズ,Flower Alley
2022103497,レッドファルクス,ゼンノロブロイ
2022103944,シルバーステート,キンシャサノキセキ
2022101207,タワーオブロンドン,ケイムホーム
2022106499,ミッキーアイル,アドマイヤコジーン
2022100182,リオンディーズ,ゴールドアリュール
2022106077,ゴールドドリーム,シンボリクリスエス
2022102486,レインボーライン,サムライハート
2022101910,モーニン,クロフネ
2022103841,ノーブルミッション,ジェニュイン
2022102227,キタサンブラック,ウォーエンブレム
2022100238,ビッグアーサー,キズナ
2022104251,スマートファルコン,ブライアンズタイムBrian'
2022105691,ドレフォン,ファルブラヴ
2022110131,Wootton Bassett,Fastnet Rock
2022100412,シルバーステート,ネオユニヴァース
2022101064,フィエールマン,Siphon
2022110037,Invincible Spirit,Dubawi
2022102452,タワーオブロンドン,ネオユニヴァース
2022104437,シニスターミニスター,ルーラーシップ
2022102384,カレンブラックヒル,クロフネ
2022107099,サトノダイヤモンド,Dominus
2022109152,ケイムホーム,ジャイアントレッカー
2022104000,キズナ,Montjeu
2022103308,トゥザグローリー,エイシンフラッシュ
2022105362,ドレフォン,ディープインパクト
2022106775,スクリーンヒーロー,ロージズインメイ
2022100267,スワーヴリチャード,スクリーンヒーロー
2022104263,エポカドーロ,タイキシャトル
2022106234,ロゴタイプ,フジキセキ
2022105121,リアルスティール,Singspiel
2021105321,デクラレーションオブウォー,フジキセキ
2020104354,サトノアラジン,New Approach
2020100307,ホッコータルマエ,アグネスデジタル
2021106294,レッドファルクス,スニッツェル
2020104175,リアルインパクト,ジャングルポケット
2021105294,マインドユアビスケッツ,ディープインパクト
2021102755,イスラボニータ,フレンチデピュティ
2020100589,ベストウォーリア,ワークフォース
2020106585,ドレフォン,ゼンノロブロイ
2021101427,サトノダイヤモンド,サクラバクシンオー
2019106194,ディープインパクト,Kingmambo
2021103894,アジアエクスプレス,ダノンシャンティ
2021105600,リアルスティール,First Dude
2021107220,サトノクラウン,ステイゴールド
2021107253,ルーラーシップ,ディープインパクト
2021107242,ドゥラメンテ,Storm Cat
2021105168,アルアイン,キンシャサノキセキ
2021103512,エピファネイア,サクラバクシンオー
2020103219,サトノダイヤモンド,Distorted Humor
2021103198,ハービンジャー,サンデーサイレンス
2021102386,ドレフォン,ロードカナロア
2021102379,サトノクラウン,ディープインパクト
2021105838,ドゥラメンテ,Danehill Dancer
2021105769,サトノダイヤモンド,フレンチデピュティ
2019110076,Hard Spun,Storm Cat
2020105552,ホッコータルマエ,エンパイアメーカー
2017105433,ゴールドアリュール,Tiznow
2021103939,シャンハイボビー,スマートファルコン
2020104306,シャンハイボビー,スマートファルコン
2020102575,マインドユアビスケッツ,ディープインパクト
2020104207,ヘニーヒューズ,Afleet Alex
2020100741,ワールドエース,ノボジャック
2021100752,シニスターミニスター,ファスリエフ
2021101322,ディスクリートキャット,フジキセキ
2019105512,キタサンブラック,Numerous
2017100091,ディープインパクト,キングヘイロー
2019104915,トーセンラー,サクラバクシンオー
2019103594,ドゥラメンテ,Invincible Spirit
2020101419,ビッグアーサー,ダンディコマンド
2019110102,Practical Joke,Canadian Frontier
2021102315,ロードカナロア,ディープインパクト
2018104347,ワールドエース,サンダーガルチ
2020105295,シルバーステート,ティンバーカントリー
2020106967,ダノンバラード,アイルハヴアナザーI'
2020110140,American Pharoah,Smarty Jones
2020106930,イスラボニータ,ブライアンズタイムBrian'
2021109016,ゴールデンバローズ,サンカルロ
2021106722,サトノアラジン,Street Cry
2021106539,サンダースノー,ディープインパクト
2017103155,サウスヴィグラス,キングカメハメハ
2019102510,トゥザグローリー,アドマイヤムーン
2020103339,モーリス,フジキセキ
2020110145,Free Drop Billy,Bodemeister
2023110040,Munnings,Tapit
2023103418,イスラボニータ,Thewayyouare
2023106613,アルアイン,アドマイヤコジーン
2023105436,フィエールマン,スニッツェル
2023102830,アドマイヤマーズ,Bluegrass Cat
2023106479,アドマイヤマーズ,タイキシャトル
2023106755,ロゴタイプ,Acclamation
2023100673,サングレーザー,サクラバクシンオー
2023105331,スワーヴリチャード,シンボリクリスエス
2022104941,ニューイヤーズデイ,ネオユニヴァース
2022104609,ニューイヤーズデイ,フジキセキ
2022102237,トランセンド,サクラプレジデント
2022103321,アメリカンペイトリオット,ケイムホーム
2022103185,シニスターミニスター,アッミラーレ
2022101022,オルフェーヴル,Stormy Atlantic
2022100088,ドレフォン,カリスタグローリ
2022101072,マルターズアポジー,シンボリクリスエス
2022103566,ゴールドドリーム,パイロ
2022103565,ミッキーグローリー,コンデュイット
2022102253,イスラボニータ,ロックオブジブラルタル
2022103491,イスラボニータ,ワークフォース
2022100805,ダンカーク,カジノドライヴ
2022100261,ストーミーシー,タイキシャトル
2022107085,レッドベルジュール,ストラヴィンスキー
2022100395,ビーチパトロール,スウィフトカレント
2022105940,サトノアラジン,アイルハヴアナザーI'
2022101066,キズナ,Grand Slam
2022106921,ニシケンモノノフ,タイムパラドックス
2022105500,キズナ,Indian Charlie
2022105932,サトノアラジン,ブライアンズタイムBrian'
2022103569,キズナ,ホワイトマズル
2022100190,オルフェーヴル,ゴールドアリュール
2022104586,モーリス,フジキセキ
2022100800,ニシケンモノノフ,マンハッタンカフェ
2022101087,ウインブライト,コンデュイット
2022105828,モーリス,ディープインパクト
2022105833,サトノアラジン,Victory Note
2022104882,サトノダイヤモンド,Alex the Winner
2022107285,リアルスティール,Kitten's Joy
2022101154,ルーラーシップ,ハーツクライ
2022103709,レイデオロ,Sadler's Wells
2022103441,バゴ,クロフネ
2022105231,ルーラーシップ,ディープインパクト
2022102787,ノーブルミッション,キングズベストKing'
2022102119,モズアスコット,キングカメハメハ
2023106176,Disco Partner,Gio Ponti
2023100102,ビッグアーサー,Birdstone
2023103365,ミスチヴィアスアレックス,エンパイアメーカー
2023109039,ミスチヴィアスアレックス,フジキセキ
2023100006,セイウンコウセイ,Congrats
2023107455,タリスマニック,パイロ
2023104288,ミスチヴィアスアレックス,スピルバーグ
2023105774,グレーターロンドン,サウスヴィグラス
2023103751,ナダル,ダイワメジャー
2023104607,ホッコータルマエ,バブルガムフェロー
2023104665,ベストウォーリア,Fusaichi Pegasus
2023100760,モーニン,ハーツクライ
2023100151,マテラスカイ,ゴールドアリュール
2023102002,エピカリス,キングズベストKing'
2023106268,モーリス,ダイワメジャー
2023100851,スマートファルコン,ロードカナロア
2023103826,マクフィ,クロフネ
2023103913,ナダル,キングカメハメハ
2022105456,スクリーンヒーロー,キンシャサノキセキ
2022104774,フィエールマン,キングカメハメハ
2022103243,レイデオロ,ブラックタイド
2021105418,ドゥラメンテ,Skipshot
2020105216,ロージズインメイ,ハーツクライ
2022101298,リオンディーズ,ダンスインザダーク
2022103086,ギンザグリングラス,シンボリクリスエス
2022103984,バゴ,ブライアンズタイムBrian'
2022106512,エイシンフラッシュ,フサイチコンコルド
2022105393,アルアイン,キングカメハメハ
2022103108,シルバーステート,キングヘイロー
2022107268,ホークビル,Cozzene
2022106009,タワーオブロンドン,ベーカバド
2020105642,キズナ,Gone West
2021103678,サトノダイヤモンド,キングカメハメハ
2021105467,エピファネイア,ハービンジャー
2019105477,ディープインパクト,All American
2020105789,ゴールドシップ,ブライアンズタイムBrian'
2022101638,サンダースノー,ディープインパクト
2021101253,パイロ,フジキセキ
2020100606,キタサンブラック,Hard Spun
2021101449,アジアエクスプレス,スペシャルウィーク
2019102082,トーセンジョーダン,ダイワメジャー
2019106118,ザファクター,ハーツクライ
2019100641,ワンアンドオンリー,ファスリエフ
2021109096,ニューイヤーズデイ,ネオユニヴァース
2019101351,ロゴタイプ,キングカメハメハ
2020106549,ドレフォン,ダンスインザダーク
2020102185,ジャスタウェイ,キンシャサノキセキ
2019101278,アイルハヴアナザーI',Rock Hard Ten
2021105738,キズナ,ルーラーシップ
2021106954,シルバーステート,アドマイヤムーン
2020104550,ダイワメジャー,ウォーエンブレム
2021110088,Saxon Warrior,Giant's Causeway
2021105788,ロードカナロア,オルフェーヴル
2020105217,エピファネイア,フジキセキ
2020100495,ラブリーデイ,アドマイヤムーン
2021100225,リアルスティール,キングカメハメハ
2019105150,ダイワメジャー,オペラハウス
2021100206,エピファネイア,キングカメハメハ
2019103081,ガルボ,チチカステナンゴ
2020103881,ヴィクトワールピサ,More Than Ready
2019106527,キズナ,A.P. Indy
2019105336,ロードカナロア,ディープインパクト
2022105198,ヘニーヒューズ,ゴールドアリュール
2021105951,レイデオロ,Archarcharch
2022100548,ルヴァンスレーヴ,ダンスインザダーク
2021106057,マジェスティックウォリアー,ハーツクライ
2022100650,サートゥルナーリア,ダイワメジャー
2022105076,ナダル,ハーツクライ
2022100604,マジェスティックウォリアー,サウスヴィグラス
2022104881,アドマイヤマーズ,Sightseeing
2022105599,アルバート,ディープブリランテ
2022101012,ニューイヤーズデイ,スペシャルウィーク
2022100682,ゴールドドリーム,アサクサキングス
2022101076,ルヴァンスレーヴ,バトルプラン
2022100191,シニスターミニスター,キングヘイロー
2022106346,ワールドエース,アドマイヤムーン
2022105566,レイデオロ,ゴールドアリュール
2022101071,リアルインパクト,ヨハネスブルグ
2022102205,キタサンブラック,ヨハネスブルグ
2022107000,Justify,Court Vision
2022101816,ビッグアーサー,ハーツクライ
2022105614,ナカヤマフェスタ,デュランダル
2022105657,マクマホン,メイショウサムソン
2022106773,ウインブライト,ディープインパクト
2022102773,ノーブルミッション,キングヘイロー
2022106230,アルアイン,アドマイヤコジーン
2022105072,フィエールマン,Not for Sale
2022105556,ドゥラメンテ,Into Mischief
2022100320,ルヴァンスレーヴ,アグネスデジタル
2022106911,シュヴァルグラン,ルーラーシップ
2022102745,レイデオロ,ディープインパクト
2022101024,ドレフォン,ハーツクライ
2022105283,ドレフォン,ハービンジャー
2022106951,シルバーステート,キングヘイロー
2022104539,マインドユアビスケッツ,ディープインパクト
2022102540,ミッキーアイル,Encosta de Lago
2022104215,ミッキーアイル,Cape Cross
2022104280,カリフォルニアクローム,Giant's Causeway
2022107199,ルヴァンスレーヴ,Hurricane Run
2022104187,シュヴァルグラン,Desert Prince
2022104884,ルーラーシップ,ディープインパクト
2022106770,ダノンバラード,Street Boss
2022100097,エピファネイア,Pivotal
2022106787,ゴールドシップ,レッドスパーダ
2022100979,ノヴェリスト,サンデーサイレンス
2022101780,ゴールドシップ,ダンスインザダーク
2022106098,サトノダイヤモンド,ナカヤマフェスタ
2022101867,シルバーステート,ローズキングダム
2023106471,ベンバトル,ステイゴールド
2023100831,シュヴァルグラン,ヨハネスブルグ
2023106277,スワーヴリチャード,Sidney's Candy
2023105953,マクマホン,Wild Event
2023106656,ヴァンゴッホ,エピファネイア
2023102442,ビーチパトロール,ステイゴールド
2023103602,モーリス,ステイゴールド
2023107082,ルヴァンスレーヴ,ゴールドアリュール
2023103690,サトノダイヤモンド,Tale of the Cat
2023105330,シルバーステート,ジャスタウェイ
2023107275,アドマイヤマーズ,Redoute's Choice
2023100797,ジョーカプチーノ,スウェプトオーヴァーボード
2023107310,ミスターメロディ,ディープインパクト
2023106256,フォーウィールドライブ,ベーカバド
2023104221,アメリカンペイトリオット,キンシャサノキセキ
2023106357,タワーオブロンドン,ゼンノロブロイ
2023102598,ブリックスアンドモルタル,ハーツクライ
2023101306,ミスターメロディ,アグネスタキオン
2020101610,リオンディーズ,ハーツクライ
2022103779,ミスターメロディ,スズカコーズウェイ
2022107163,ミスターメロディ,コマンダーインチーフ
2020103937,ホッコータルマエ,ロージズインメイ
2022101398,フォーウィールドライブ,スウェプトオーヴァーボード
2022101908,イスラボニータ,クリプティックラスカル
2022106418,フォーウィールドライブ,キンシャサノキセキ
2021107062,リーチザクラウン,Congrats
2022103443,レッドファルクス,ロードカナロア
2022101409,ゴールドドリーム,サクラバクシンオー
2019105420,モーリス,Dushyantor
2022102264,レッドファルクス,デクラレーションオブウォー
2022106686,ダノンレジェンド,Giant's Causeway
2020103410,キタサンブラック,ウォーエンブレム
2022106803,スクリーンヒーロー,アドマイヤコジーン
2022101425,サンダースノー,スペシャルウィーク
2022106772,ウインブライト,シンボリクリスエス
2018103120,ロードカナロア,ディープインパクト
2021105389,ダイワメジャー,Sebring
2022110014,Blue Point,Winker Watson
2020105409,ネロ,マンハッタンカフェ
2020105492,ネロ,リーチザクラウン
2020102784,キンシャサノキセキ,Dubai Destination
2020102298,オルフェーヴル,Rip Van Winkle
2021110133,Khozan,Marciano
2019104805,ロードカナロア,Acatenango
2018104646,スクリーンヒーロー,ディープインパクト
2021105642,ニューイヤーズデイ,サンデーサイレンス
2020105639,サトノダイヤモンド,タートルボウル
2017104238,トゥザグローリー,ワイルドラッシュ
2019102648,プリサイスエンド,フサイチコンコルド
2021110061,Malibu Moon,Curlin
2018103133,リオンディーズ,クロフネ
2020103033,ロードカナロア,マジェスティックウォリアー
2020106552,インカンテーション,Cadeaux Genereux
2022104614,レイデオロ,ゼンノロブロイ
2022101648,ルーラーシップ,ハービンジャー
2022105388,ハービンジャー,キングカメハメハ
2022102370,リオンディーズ,フジキセキ
2022102174,サトノダイヤモンド,Rip Van Winkle
2022104953,モーリス,キングカメハメハ
2022104171,アジアエクスプレス,ディープインパクト
2022105141,スワーヴリチャード,ロードカナロア
2022104973,エピファネイア,ルーラーシップ
2022104533,ディープブリランテ,アドマイヤコジーン
2022102738,リアルスティール,タイキシャトル
2022104097,イスラボニータ,サクラプレジデント
2020103885,マツリダゴッホ,Lawman
2022101663,ニューイヤーズデイ,コロナドズクエストCoronado'
2021110117,Blue Point,Flying Spur
2020101434,シャンハイボビー,ジャングルポケット
2021103505,エイシンフラッシュ,Danehill Dancer
2020101265,ロゴタイプ,ハービンジャー
2022106648,ブリックスアンドモルタル,ゴールドアリュール
2022102243,コパノリッキー,サムライハート
2020103537,サトノクラウン,サンデーサイレンス
2020105495,ディープブリランテ,アドマイヤオーラ
2018102822,ロードカナロア,ダンスインザダーク
2020103053,エピファネイア,Quality Road
2017105272,ルーラーシップ,ハーツクライ
2018106050,ルーラーシップ,ホワイトマズル
2018105296,ダイワメジャー,Nayef
2019104549,ダイワメジャー,クロフネ
2017105027,ゴールドアリュール,Tamayuz
2017106373,ダイワメジャー,Kris S.
2022102991,ルヴァンスレーヴ,キングカメハメハ
2022103247,マジェスティックウォリアー,アグネスタキオン
2022105156,リアルインパクト,ジャングルポケット
2022101032,ルヴァンスレーヴ,スパイキュール
2022101744,ドレフォン,ディープインパクト
2022105530,マインドユアビスケッツ,フジキセキ
2022106082,モズアスコット,フレンチデピュティ
2022100868,アドマイヤマーズ,アドマイヤムーン
2022101140,ラニ,クロフネ
2022106746,エピカリス,タイムパラドックス
2022101383,レッドベルジュール,フサイチコンコルド
2022110004,Sottsass,Smart Strike
2023103595,シスキン,ヴィクトワールピサ
2023106439,シルバーステート,ロージズインメイ
2023102166,アニマルキングダム,バゴ
2023104488,ダノンバラード,ハーツクライ
2023106481,ゴールドシップ,アグネスタキオン
2023102924,ミスターメロディ,ブラックタイド
2023100925,ロードカナロア,ディープインパクト
2023102678,ニューイヤーズデイ,ジャスタウェイ
2023102321,タニノフランケル,フレンチデピュティ
2023105128,サートゥルナーリア,ダノンシャンティ
2023101046,モズアスコット,サムライハート
2023102900,ダノンスマッシュ,ハーツクライ
2023106594,タリスマニック,トーセンホマレボシ
2023105253,マインドユアビスケッツ,Le Havre
2023106605,フォーウィールドライブ,ブラックタイド
2023103288,ミスターメロディ,ハービンジャー
2023101910,ゴールドシップ,ショウナンカンプ
2023107046,エピファネイア,ディープインパクト
2023104721,シルバーステート,Candy Ride
2023101626,ミッキーアイル,サウスヴィグラス
2023103620,キズナ,エイシンフラッシュ
2023105892,ウインブライト,ナリタトップロード
2023106829,レイデオロ,マンハッタンカフェ
2023107439,リアルスティール,Kingman
2022101716,サトノダイヤモンド,キングカメハメハ
2022102380,ディーマジェスティ,エンパイアメーカー
2022107226,レイデオロ,ヤマニンセラフィム
2022100306,サンダースノー,アフリート
2021101081,シュヴァルグラン,キンシャサノキセキ
2022100162,リオンディーズ,ネオユニヴァース
2022100887,ブリックスアンドモルタル,キングカメハメハ
2022104859,ニューイヤーズデイ,ルーラーシップ
2022107167,アメリカンペイトリオット,Bluegrass Cat
2021106724,サトノアラジン,マクフィ
2021105917,ニューイヤーズデイ,ゴールドアリュール
2022101700,バゴ,ステイゴールド
2022103334,タワーオブロンドン,ブラックタイド
2022103030,ビーチパトロール,マツリダゴッホ
2022101702,Postponed,Frankel
2022101467,エピファネイア,ハーツクライ
2022102289,マインドユアビスケッツ,サウスヴィグラス
2022101194,ロードカナロア,アドマイヤベガ
2022102271,フィエールマン,アグネスデジタル
2022105368,レッドファルクス,ヴィクトワールピサ
2022110158,Farnan,So You Think
2022100876,ニューイヤーズデイ,ネオユニヴァース
2022100106,サートゥルナーリア,アグネスタキオン
2022106214,エピファネイア,ダイワメジャー
2022103283,リオンディーズ,Teofilo
2022105731,キタサンブラック,スウェプトオーヴァーボード
2022103337,ストーミーシー,ストーミングホーム
2022103013,ゴールドシップ,アドマイヤムーン
2022100580,サトノアラジン,フレンチデピュティ
2022105115,モーリス,ダイワメジャー
2022104002,イスラボニータ,Hard Spun
2022107380,フィエールマン,キングカメハメハ
2021105106,ハービンジャー,スペシャルウィーク
2021105911,スワーヴリチャード,ワークフォース
2022104560,レイデオロ,ネオユニヴァース
2022107326,サトノクラウン,ダイワメジャー
2021105552,ルーラーシップ,サンデーサイレンス
2022104716,ブリックスアンドモルタル,アドマイヤベガ
2020102570,ハービンジャー,ハーツクライ
2019104746,ロードカナロア,ゼンノロブロイ
2022105028,ナダル,ヘニーヒューズ
2020102868,ハーツクライ,Burning Roma
2021105516,サトノクラウン,ハーツクライ
2022103355,タリスマニック,キングカメハメハ
2021105571,ダイワメジャー,Ghostzapper
2019103570,ダンカーク,ハーツクライ
2019102552,マクフィ,アグネスタキオン
2021100469,ダンカーク,マンハッタンカフェ
2019100072,メイショウボーラー,クロフネ
2019105286,ハーツクライ,Oratorio
2019106678,ドレフォン,キングカメハメハ
2021103095,デクラレーションオブウォー,タイキシャトル
2021110008,Into Mischief,Medaglia d'Oro
2019100553,ディスクリートキャット,サウスヴィグラス
2020104597,ドレフォン,キングカメハメハ
2021103204,ヘニーヒューズ,アグネスタキオン
2022110107,Shancelot,Twirling Candy
2020106611,ディスクリートキャット,ワイルドラッシュ
2020101639,グレーターロンドン,アグネスデジタル
2018104392,ヘニーヒューズ,ゼンノロブロイ
2021105334,レッドファルクス,タイキシャトル
2022105435,レイデオロ,Kendargent
2022104190,ミッキーアイル,Storm Cat
2022105376,ニューイヤーズデイ,キャプテントゥーレ
2020102741,モーリス,ディープインパクト
2021105373,サトノアラジン,ファルブラヴ
2021101394,サトノダイヤモンド,サクラバクシンオー
2020106837,シニスターミニスター,キングカメハメハ
2022104271,ディスクリートキャット,カジノドライヴ
2021103578,ロジャーバローズ,アグネスデジタル
2019101464,ヤマニンセラフィム,トワイニング
2020101918,サトノダイヤモンド,ディスクリートキャット
2018103296,ゼンノロブロイ,バゴ
2020101319,キンシャサノキセキ,コマンズ
2018110037,Invincible Spirit,Galileo
2021106583,マジェスティックウォリアー,ブラックタイド
2020109148,ナムラタイタン,グラスワンダー
2021106592,エピファネイア,ハービンジャー
2020103349,キンシャサノキセキ,タニノギムレット
2020103463,ハーツクライ,Tiznow
2017105822,モンテロッソ,デュランダル
2021101166,ストロングリターン,ディープインパクト
2021104110,サトノダイヤモンド,ブライアンズタイムBrian'
2022105863,ルヴァンスレーヴ,ゴールドアリュール
2022107415,パイロ,キズナ
2022103531,サトノダイヤモンド,Henrythenavigator
2022104110,ディスクリートキャット,ディープスカイ
2022105901,ホークビル,フジキセキ
2022102858,ハービンジャー,ゼンノロブロイ
2022100045,モズアスコット,エンパイアメーカー
2022100968,ラブリーデイ,エンパイアメーカー
2022101858,マジェスティックウォリアー,ダイワメジャー
2022102350,カレンブラックヒル,サマーバード
2022104318,キズナ,Arch
2022103561,イスラボニータ,ロージズインメイ
2022103812,ジョーカプチーノ,ソングオブウインド
2022100914,キンシャサノキセキ,アイルハヴアナザーI'
2022102232,スワーヴリチャード,キングズベストKing'
2022105451,スワーヴリチャード,メイショウサムソン
2022106345,スワーヴリチャード,クロフネ
2023100728,キズナ,パラダイスクリーク
2023100914,キズナ,Candy Ride
2023100283,アドマイヤマーズ,Stormy Atlantic
2023106932,ジャスタウェイ,Adios Charlie
2023103567,Palace Pier,Smart Strike
2023103073,ビッグアーサー,Le Havre
2023100686,ミスターメロディ,ブラックタイド
2023106116,レイデオロ,アグネスデジタル
2023105549,ロゴタイプ,ヴィクトワールピサ
2023104666,オルフェーヴル,ヘニーヒューズ
2023106608,ビーチパトロール,マツリダゴッホ
2023106861,モーリス,マンハッタンカフェ
2023107250,サトノアラジン,Blame
2023102554,ヴァンセンヌ,タイムパラドックス
2023105589,ブラックタイド,サクラバクシンオー
2023104043,キタサンブラック,ロードカナロア
2023110011,Bolt d'Oro,Holy Roman Emperor
2023105946,マクマホン,シンボリクリスエス
2023102010,ロジャーバローズ,チーフベアハート
2022100304,パイロ,アフリート
2022105966,ルーラーシップ,スペシャルウィーク
2022103752,パイロ,サウスヴィグラス
2022101075,ゴールドドリーム,Giant's Causeway
2022103883,ビッグアーサー,ネオユニヴァース
2022106471,アジアエクスプレス,ステイゴールド
2022101184,リアルインパクト,パラダイスクリーク
2022103636,ビッグアーサー,コロナドズクエストCoronado'
2022103572,ミッキーグローリー,サクラバクシンオー
2022101280,カレンブラックヒル,スウェプトオーヴァーボード
2022101760,キタサンブラック,バブルガムフェロー
2022102222,マクフィ,クロフネ
2022106761,スクリーンヒーロー,ルーラーシップ
2022104136,ロードカナロア,Sea The StarsSea the Stars
2022101471,ビーチパトロール,ネオユニヴァース
2022101718,レイデオロ,ディープインパクト
2022103236,サトノダイヤモンド,キングカメハメハ
2022104911,レイデオロ,マンハッタンカフェ
2022103588,ノヴェリスト,ハーツクライ
2022101688,タワーオブロンドン,Hard Spun
2022104468,サンダースノー,アイルハヴアナザーI'
2022106806,ウインブライト,アグネスデジタル
2022110024,Teofilo,Dynaformer
2022100691,ゴールドシップ,キングカメハメハ
2022105358,ナダル,ハーツクライ
2022105255,エピファネイア,To Honor and Serve
2022101388,レイデオロ,ディープインパクト
2022100417,エポカドーロ,ヴィクトワールピサ
2020106051,トゥザワールド,ジャングルポケット
2021103537,モーリス,ロージズインメイ
2020102918,ハービンジャー,ディープインパクト
2020110020,Collected,Kitten's Joy
2022106832,ダノンバラード,タイキシャトル
2021106218,ゴールドシップ,アグネスデジタル
2021102700,モーニン,ジャングルポケット
2021102154,キズナ,アフリート
2022100245,ドレフォン,マンハッタンカフェ
2021110104,Take Charge Indy,Speightstown
2020103088,ロゴタイプ,ワイルドラッシュ
2019100800,ロージズインメイ,アグネスタキオン
2020104751,シャンハイボビー,ワークフォース
2020106353,ヘニーヒューズ,ネオユニヴァース
2018102394,ガルボ,マイネルセレクト
2020106983,アメリカンペイトリオット,プリサイスエンド
2019100132,カレンブラックヒル,ボストンハーバー
2022107047,コパノリッキー,スターリングローズ
2022102995,ホッコータルマエ,サウスヴィグラス
2021100244,ドゥラメンテ,コンデュイット
2021100660,レイデオロ,アグネスタキオン
2021105859,エピファネイア,ステイゴールド
2019100606,ディープインパクト,チチカステナンゴ
2019105793,ディープインパクト,Shamardal
2017101772,ディープインパクト,タイキシャトル
2016102229,ザサンデーフサイチ,タニノギムレット
2019104928,スピルバーグ,シンボリクリスエス
2020106415,シルバーステート,タイキシャトル
2020105361,ストロングリターン,ネオユニヴァース
2020105737,レインボーライン,キングヘイロー
2020101694,モーリス,Redoute's Choice
2021101444,ヘニーヒューズ,シンボリクリスエス
2021110060,Into Mischief,Speightstown
2016103730,ドリームジャーニー,クロフネ
2018104462,ジョーカプチーノ,ブライアンズタイムBrian'
2019102044,ドゥラメンテ,Sidney's Candy
2021104914,パイロ,ワイルドラッシュ
2020102345,コパノリッキー,ウォーエンブレム
2020104861,ヘニーヒューズ,ハーツクライ
2019105483,ハービンジャー,スペシャルウィーク
2021102078,ベストウォーリア,カジノドライヴ
2019101889,ディスクリートキャット,パイロ
2017103641,パイロ,クリプティックラスカル
2022102315,Ulysses,Oasis Dream
2022110132,Justify,Harlan's Holiday
2021106119,ディスクリートキャット,ワイルドラッシュ
2022110126,Global Campaign,Ghostzapper
2019104141,アドマイヤムーン,アイルハヴアナザーI'
2021101363,ユアーズトゥルーリ,ネオユニヴァース
2022106677,タワーオブロンドン,ネオユニヴァース
2017100426,ディープブリランテ,Giant's Causeway
2022104306,Munnings,Kitten's Joy
2021103558,マインドユアビスケッツ,ステイゴールド
2021100833,ダンカーク,マンハッタンカフェ
2022103846,サートゥルナーリア,フレンチデピュティ
2023104414,キズナ,Frankel
2023103955,ダノンキングリー,サウスヴィグラス
2023100155,キタサンブラック,Intikhab
2023104442,ハービンジャー,ハーツクライ
2023100963,リオンディーズ,ディープインパクト
2023104165,オーヴァルエース,ディープスカイ
2022104452,カレンブラックヒル,ダンスインザダーク
2022100322,シャンハイボビー,Gone West
2022104908,オルフェーヴル,ウォーエンブレム
2022101458,Justify,Giant's Causeway
2022103083,グレーターロンドン,カリズマティック
2022100766,デクラレーションオブウォー,ディープインパクト
2022106017,クリエイター,ゴールドアリュール
2022102255,イスラボニータ,Clodovil
2022105353,ドレフォン,Azamour
2022101145,フォーウィールドライブ,ネオユニヴァース
2022100587,モーニン,ハーツクライ
2022101005,ガルボ,マイネルセレクト
2022103727,ナダル,サウスヴィグラス
2022105418,リアルインパクト,Tejano Run
2022101810,マクフィ,ヨハネスブルグ
2022101812,サトノクラウン,キングカメハメハ
2022101337,アメリカンペイトリオット,ジャングルポケット
2022102586,ワールドエース,モンテロッソ
2022101325,ベストウォーリア,ネオユニヴァース
2022105132,レイデオロ,ステイゴールド
2022105751,ウインブライト,ディープブリランテ
2022104362,トーセンラー,イーグルカフェ
2022106188,ルーラーシップ,アグネスタキオン
2022103997,ノーブルミッション,ブライアンズタイムBrian'
2022106226,ウインブライト,ロージズインメイ
2022103098,カリフォルニアクローム,ゼンノロブロイ
2022106797,ゴールドシップ,キンシャサノキセキ
2022104054,ダンカーク,トワイニング
2022102763,トゥザグローリー,オレハマッテルゼ
2023103361,ロジャーバローズ,サクラバクシンオー
2023100143,インディチャンプ,サクラバクシンオー
2023106807,ポエティックフレア,エピファネイア
2023101827,マテラスカイ,アンライバルド
2023106197,ビーチパトロール,アグネスデジタル
2023100993,ヘンリーバローズ,ヴィクトワールピサ
2023104336,リオンディーズ,バゴ
2023103273,ダノンスマッシュ,ジャングルポケット
2023104697,インディチャンプ,アニマルキングダム
2023104164,サトノジェネシス,スピードワールド
2023106585,カリフォルニアクローム,スウェプトオーヴァーボード
2023102743,フォーウィールドライブ,ブレイクランアウト
2023104658,ベストウォーリア,クロフネ
2023102881,スマートファルコン,ストリートセンス
2023105664,クリソベリル,スウェプトオーヴァーボード
2023104551,ルヴァンスレーヴ,サムライハート
2023101712,シャンハイボビー,ディープインパクト
2023103857,マテラスカイ,サウスヴィグラス
2023109058,ウインバリアシオン,クロフネ
2023100949,マテラスカイ,エンパイアメーカー
2023103016,タワーオブロンドン,ハーツクライ
2023110048,Liam's Map,Uncle Mo
2023104971,カリフォルニアクローム,アラムシャー
2023102897,フォーウィールドライブ,ダイワメジャー
2023101191,フリオーソ,フジキセキ
2022105462,キズナ,Pedro the Great
2021106361,Nathaniel,Mizzen Mast
2022101749,キズナ,タイキシャトル
2021105584,Frankel,Fast Company
2022102229,ノーブルミッション,ディープインパクト
2021106768,Study of Man,New Approach
2022102337,レッドファルクス,ノヴェリスト
2020105137,ヴァンセンヌ,ゼンノロブロイ
2022104981,ロードカナロア,Super Saver
2022103717,ブラックタイド,エンパイアメーカー
2020101963,リオンディーズ,ステイゴールド
2021103770,カリフォルニアクローム,ダイワメジャー
2021100005,シニスターミニスター,キングカメハメハ
2021107192,ケープブランコ,デュランダル
2020102711,ロードカナロア,ネオユニヴァース
2019110016,Arrogate,Sir Cat
2021102409,リアルインパクト,Candy Stripes
2020104099,ネロ,ホワイトマズル
2021101727,シニスターミニスター,ブライアンズタイムBrian'
2021102281,ハーツクライ,Astronomer Royal
2021107266,カリフォルニアクローム,ハービンジャー
2019105136,ダイワメジャー,Singspiel
2020103534,モーリス,ディープインパクト
2020110132,Mor Spirit,Indian Charlie
2021100148,ハーツクライ,Hard Spun
2020102190,キズナ,フレンチデピュティ
2020103123,エイシンフラッシュ,シンボリクリスエス
2018105073,ディープインパクト,Mineshaft
2020102725,ハーツクライ,Dynaformer
2019105111,ハービンジャー,ディープインパクト
2019105276,ブラックタイド,Giant's Causeway
2021100409,アポロソニック,ネオユニヴァース
2020102488,トーセンラー,More Than Ready
2018103926,ダイワメジャー,Sea The StarsSea the Stars
2020107176,モンテロッソ,サクラバクシンオー
2020101968,アジアエクスプレス,ジャングルポケット
2021100350,リアルスティール,ネオユニヴァース
2018104757,Dark Angel,Rail Link
2020103393,ダイワメジャー,Tapit
2021106834,スワーヴリチャード,オルフェーヴル
2019110001,Frankel,ディープインパクト
2019100450,バトルプラン,サンデーサイレンス
2020102564,モーリス,フジキセキ
2017100583,ヴィクトワールピサ,ストリートセンス
2018103739,サウスヴィグラス,アサティス
2018103873,シンボリクリスエス,キングカメハメハ
2022101572,マジェスティックウォリアー,ネオユニヴァース
2021105734,モーリス,スウェプトオーヴァーボード
2022105990,ヘニーヒューズ,アグネスタキオン
2022102965,マジェスティックウォリアー,ハーツクライ
2021106411,ディスクリートキャット,パイロ
2021106063,シルバーステート,クロフネ
2022104062,サトノダイヤモンド,Sea The StarsSea the Stars
2021103129,エスケンデレヤ,ヨハネスブルグ
2020103119,エピファネイア,Siyouni
2022105160,ルヴァンスレーヴ,クロフネ
2018101497,シニスターミニスター,ブラックタイド
2021104763,Justify,Australia
2020103221,ルーラーシップ,マンハッタンカフェ
2023100328,リオンディーズ,ハービンジャー
2023103702,シルバーステート,First Samurai
2022105043,サトノアラジン,Pivotal
2022106222,サトノダイヤモンド,アイルハヴアナザーI'
2022102572,オーヴァルエース,ジャングルポケット
2022103774,ヘニーヒューズ,スズカマンボ
2022104860,ヘニーヒューズ,ディープインパクト
2022106250,ノヴェリスト,ゼンノロブロイ
2022107398,オルフェーヴル,ノヴェリスト
2022106255,ユアーズトゥルーリ,スペシャルウィーク
2022102042,トゥザワールド,スターリングローズ
2022102405,ドレフォン,ディープインパクト
2022102004,クリエイター,ジャングルポケット
2022105870,オルフェーヴル,ハービンジャー
2022104587,フィエールマン,Invincible Spirit
2022104951,ブリックスアンドモルタル,ゼンノロブロイ
2022103710,バゴ,フサイチコンコルド
2022104700,モーリス,シンボリクリスエス
2022101633,アドマイヤムーン,Intello
2022103073,ワールドエース,アドマイヤマックス
2022105296,サトノクラウン,マジェスティックウォリアー
2022105052,ロードカナロア,ハーツクライ
2022100294,リオンディーズ,シンボリクリスエス
2022101426,タワーオブロンドン,ダイワメジャー
2022106469,キズナ,トビーズコーナーToby'
2022101660,アドマイヤムーン,Pulpit
2022105843,オルフェーヴル,Elusive Quality
2022109023,スワーヴリチャード,ロードカナロア
2022106676,ノーブルミッション,トウカイテイオー
2022104978,アルアイン,キングカメハメハ
2022100759,リーチザクラウン,ワークフォース
2022103155,ダノンレジェンド,ヴィクトワールピサ
2022106660,ダイワメジャー,Shamardal
2022103490,ロジャーバローズ,Medicean
2022106225,サトノクラウン,ステイゴールド
2022107242,エピファネイア,Shamardal
2023103386,コントレイル,Orpen
2023104065,インディチャンプ,スエヒロコマンダー
2023101154,ディスクリートキャット,パイロ
2023103894,レイデオロ,Circular Quay
2023107327,サトノダイヤモンド,シンボリクリスエス
2023106741,サンダースノー,Maclean's Music
2023104485,ゴールドシップ,ロージズインメイ
2023106627,アジアエクスプレス,スペシャルウィーク
2023102163,ノーブルミッション,Mizzen Mast
2023104394,リオンリオン,アグネスタキオン
2023104042,サンダースノー,ネオユニヴァース
2023106589,ウインブライト,ディープブリランテ
2023103066,サートゥルナーリア,ディープインパクト
2023102893,リオンディーズ,クロフネ
2022105241,レッドファルクス,ディープインパクト
2022104976,ルヴァンスレーヴ,クロフネ
2022104766,マインドユアビスケッツ,フジキセキ
2022100913,ルーラーシップ,カフェオリンポス
2022102662,エイシンフラッシュ,ダイワメジャー
2022104287,シャンハイボビー,メイショウボーラー
2022109127,アレスバローズ,クロフネ
2022106482,トゥザワールド,ネオユニヴァース
2022102534,シニスターミニスター,クロフネ
2022105275,リアルスティール,Smart Strike
2022103985,エピファネイア,Roderic O'Connor
2022103204,カフェラピード,ロージズインメイ
2022103556,ビッグアーサー,マンハッタンカフェ
2022102421,グレーターロンドン,シンボリクリスエス
2021105078,ドレフォン,ヴィクトワールピサ
2020106788,マクフィ,ハーツクライ
2022105689,ビッグアーサー,アグネスタキオン
2021105397,サトノダイヤモンド,ローエングリン
2022104769,アルアイン,Zamindar
2020102952,マインドユアビスケッツ,サンデーサイレンス
2020104174,リオンディーズ,マンハッタンカフェ
2022103775,パイロ,サウスヴィグラス
2021101128,バンブーエール,トーホウエンペラー
2021106942,トランセンド,キンシャサノキセキ
2020100997,ダンカーク,ゼンノロブロイ
2022105064,ドゥラメンテ,オルフェーヴル
2022106825,ゴールドシップ,アドマイヤマックス
2022105131,リアルスティール,Mamool
2022101464,キズナ,キングカメハメハ
2022104093,ディーマジェスティ,ダイワメジャー
2018106352,エピファネイア,ラムタラ
2022106999,ホークビル,ダイワメジャー
2022104179,ミスターメロディ,キングカメハメハ
2021104283,ロージズインメイ,ファスリエフ
2021106874,ドレフォン,ヘニーヒューズ
2020106635,サトノダイヤモンド,キングカメハメハ
2021110127,マスタリー,Perfect Soul
2020103127,イスラボニータ,Ghostzapper
2020104845,マインドユアビスケッツ,キンシャサノキセキ
2020101143,ダイワメジャー,パイロ
2019100876,コパノリッキー,ナリタブライアン
2019102654,ダノンレジェンド,ダンスインザダーク
2021104995,ブリックスアンドモルタル,エンパイアメーカー
2020102317,ダイワメジャー,ロージズインメイ
2020102862,キズナ,Sahm
2020102641,レッドファルクス,ティンバーカントリー
2019105996,ヘニーヒューズ,ブライアンズタイムBrian'
2021100009,アメリカンペイトリオット,ティンバーカントリー
2020105773,スクリーンヒーロー,ダンスインザダーク
2019105556,ドゥラメンテ,ハービンジャー
2019104756,エイシンフラッシュ,ヴィクトワールピサ
2020105424,スクリーンヒーロー,Langfuhr
2020103521,ジャスタウェイ,メイショウサムソン
2019105065,キズナ,マクフィ
2019103586,ドゥラメンテ,シンボリクリスエス
2019100965,ダイワメジャー,キングカメハメハ
2018104225,キングヘイロー,バトルプラン
2021102016,シルバーステート,Congrats
2022102514,サンダースノー,フサイチコンコルド
2021103478,エピファネイア,グラスワンダー
2020106407,リアルスティール,Shamardal
2020104960,ビッグアーサー,ハイアーゲーム
2019105654,ブラックタイド,シンボリクリスエス
2021105792,ミッキーアイル,Acatenango
2017105614,キズナ,Numerous
2020104328,シビルウォー,マンハッタンカフェ
2020101779,グレーターロンドン,ハービンジャー
2017106372,ワールドエース,アグネスデジタル
2019102219,ハービンジャー,スペシャルウィーク
2020102902,ハーツクライ,Ghostzapper
2022105217,ニューイヤーズデイ,ネオユニヴァース
2022103613,シュヴァルグラン,キングカメハメハ
2022100763,カリフォルニアクローム,Tiznow
2022105852,ルーラーシップ,ステイゴールド
2022106571,シュヴァルグラン,キングカメハメハ
2022105344,ロードカナロア,ダンスインザダーク
2022107028,エピカリス,ハーツクライ
2023103814,サートゥルナーリア,ディープインパクト
2023105317,アドマイヤマーズ,Anabaa
2023106405,ウインブライト,ヘクタープロテクター
2023102312,ミスターメロディ,ロードカナロア
2023103256,ノヴェリスト,ブラックタイド
2023106470,ブリックスアンドモルタル,リーチザクラウン
2023106437,ウインブライト,スキャン
2023103621,イスラボニータ,タートルボウル
2023102843,ミッキーアイル,アドマイヤムーン
2023100044,ミスチヴィアスアレックス,キングズベストKing'
2023103263,アメリカンペイトリオット,マンハッタンカフェ
2023102360,ウインブライト,ノヴェリスト
2023103727,スワーヴリチャード,ヨハネスブルグ
2023105067,モズアスコット,ディープインパクト
2023102651,タワーオブロンドン,マンハッタンカフェ
2023101007,カリフォルニアクローム,タイキシャトル
2023103224,アニマルキングダム,ディープインパクト
2023101155,ドレフォン,キングズベストKing'
2023110013,Ghaiyyath,Tamayuz
2023102518,ドレフォン,ルーラーシップ
2023103543,ポエティックフレア,ディープインパクト
2023105536,エイシンヒカリ,Unbridled's Song
2023106412,ウインブライト,フレンチデピュティ
2023104303,シスキン,エピファネイア
2023105138,キタサンブラック,クロフネ
2023110024,Palace Pier,Acclamation
2023103691,イスラボニータ,フレンチデピュティ
2023104751,インディチャンプ,タイキシャトル
2023100626,ドレフォン,キズナ
2023102153,ノーブルミッション,アドマイヤマックス
2023106351,イスラボニータ,Singspiel
2023100459,キタサンブラック,Stormy Atlantic
2022100432,モズアスコット,フジキセキ
2022105925,ルヴァンスレーヴ,ブラックタイド
2022104996,ルヴァンスレーヴ,フレンチデピュティ
2021100540,パイロ,スペシャルウィーク
2022105982,ドゥラメンテ,スウェプトオーヴァーボード
2022105803,ナダル,ゴールドアリュール
2022105225,オルフェーヴル,ウォーエンブレム
2019106416,キンシャサノキセキ,Rainbow Quest
2022105832,ナダル,ディープインパクト
2022101386,ミスターメロディ,キングカメハメハ
2022104512,ナダル,ハーツクライ
2021101002,ホッコータルマエ,ハーツクライ
2022106302,アルアイン,ワークフォース
2022105627,マクフィ,ディープインパクト
2022104275,マツリダゴッホ,ショウナンカンプ
2022106535,レイデオロ,サンデーサイレンス
2022106344,イスラボニータ,Sea The StarsSea the Stars
2022105365,ブリックスアンドモルタル,ヴィクトワールピサ
2022105147,レイデオロ,ハーツクライ
2022101455,ルーラーシップ,ディープインパクト
2022103315,ウインブライト,ディープブリランテ
2022100707,キタサンブラック,Intikhab
2022106693,デクラレーションオブウォー,ゼンノロブロイ
2022101286,ブリックスアンドモルタル,ロサード
2022104930,フィエールマン,Oasis Dream
2021105214,キズナ,Broken Vow
2018104791,キングカメハメハ,サンデーサイレンス
2022102306,サトノダイヤモンド,Hard Spun
2019100566,ロードカナロア,ダンスインザダーク
2021106305,エスポワールシチー,ベーカバド
2022102790,ダノンレジェンド,フレンチデピュティ
2021103710,ファインニードル,キンシャサノキセキ
2020100639,シャンハイボビー,フレンチデピュティ
2020103931,ロードカナロア,ハーツクライ
2020101230,コパノリッキー,ヨハネスブルグ
2021103598,サンダースノー,ハーツクライ
2020103304,リアルスティール,ジャングルポケット
2021104326,ディーマジェスティ,タイキシャトル
2018105157,ディープブリランテ,Songandaprayer
2020107121,ワールドエース,ブライアンズタイムBrian'
2021105777,モーリス,キングカメハメハ
2020103590,エピファネイア,ゼンノロブロイ
2020100810,ダノンバラード,フサイチコンコルド
2020103679,リアルスティール,Numerous
2019105559,ドゥラメンテ,ディープインパクト
2021106815,スクリーンヒーロー,ロージズインメイ
2021103588,エピカリス,フレンチデピュティ
2021101793,トーセンラー,スターキングマン
2021103041,ビーチパトロール,マツリダゴッホ
2022110128,Unified,Paynter
2021110075,Practical Joke,Haynesfield
2021106994,ファインニードル,アグネスタキオン
2018100099,ストロングリターン,ジャングルポケット
2019100788,ゴールドシップ,ロージズインメイ
2021102388,スクリーンヒーロー,エンパイアメーカー
2020100684,サトノアラジン,キングカメハメハ
2021104112,リアルインパクト,Mineshaft
2018105131,キズナ,Out of Place
2020102452,リアルスティール,アグネスタキオン
2019106821,ディープインパクト,Mizzen Mast
2019105808,ゴールドシップ,ルーラーシップ
2018103902,クリーンエコロジー,ブライアンズタイムBrian'
2020106691,ルーラーシップ,メイショウサムソン
2018105423,ハーツクライ,Tamayuz
2019103719,グランプリボス,ヴィクトワールピサ
2021104371,ミッキーアイル,Unbridled's Song
2021100123,バゴ,ステイゴールド
2022105130,ロードカナロア,Sadler's Wells
2022104840,マインドユアビスケッツ,ステイゴールド
2022101141,サトノアラジン,Hard Spun
2022110092,カラヴァッジオ,Uncle Mo
2022105373,ロードカナロア,Ghostzapper
2022105903,イスラボニータ,ボストンハーバー
2022103464,バゴ,ステイゴールド
2022102769,ゴールドドリーム,キングカメハメハ
2022107266,ゴールデンマンデラ,シンボリクリスエス
2022102022,アメリカンペイトリオット,ノヴェリスト
2023103355,ミッキーアイル,Spirit One
2023100935,ダノンスマッシュ,Bernardini
2023100954,サトノダイヤモンド,Galileo
2023102730,サートゥルナーリア,Northern Afleet
2023106730,フィエールマン,Violence
2023100787,アドマイヤマーズ,ディープブリランテ
2023107289,サトノダイヤモンド,Henrythenavigator
2023102477,ヤマカツエース,キンシャサノキセキ
2023100739,イスラボニータ,ロードカナロア
2023101206,モーリス,エンパイアメーカー
2023100962,キセキ,クロフネ
2023104622,キタサンブラック,Court Vision
2023102624,キタサンブラック,モンテロッソ
2022106347,モーリス,ルーラーシップ
2022105864,ドゥラメンテ,スニッツェル
2022102400,ロードカナロア,バゴ
2022101462,カリフォルニアクローム,ワイルドラッシュ
2022105314,モーリス,ロードカナロア
2022103219,レイデオロ,Twirling Candy
2022103008,イスラボニータ,チーフベアハート
2022103711,バゴ,オペラハウス
2022103034,ストロングリターン,キングズベストKing'
2022102393,ブラックタイド,フレンチデピュティ
2022100043,リアルスティール,ケイムホーム
2022103526,ウインブライト,クロフネ
2022103466,パイロ,ルーラーシップ
2022102272,シャンハイボビー,ヴィクトワールピサ
2022101978,シルバーステート,クロフネ
2022100958,マクフィ,ローエングリン
2022109143,フォーウィールドライブ,アドマイヤムーン
2022104007,エスケンデレヤ,ディープインパクト
2022101191,ノーブルミッション,ディープインパクト
2022100274,ダノンバラード,キングカメハメハ
2022103014,ウインブライト,シンボリクリスエス
2022101857,アドミラブル,プリサイスエンド
2022105191,リオンディーズ,ディープインパクト
2022106042,マクフィ,クロフネ
2022100969,シルバーステート,キングカメハメハ
2022106795,Protectionist,Iffraaj
2022102254,オルフェーヴル,Mizzen Mast
2022104771,Kingman,Dubawi
2022103549,ビーチパトロール,デュランダル
2021106077,キズナ,グランデラ
2019100790,オルフェーヴル,ロージズインメイ
2020103205,モーリス,キングカメハメハ
2021105675,エピファネイア,ワイルドラッシュ
2019110009,Ghostzapper,Medaglia d'Oro
2020100829,コパノリッキー,アグネスデジタル
2020103790,リアルインパクト,Mayakovsky
2019105741,イスラボニータ,シニスターミニスター
2021110056,Speightstown,Distorted Humor
2021110069,American Pharoah,Harlan's Holiday
2020101182,ベストウォーリア,ネオユニヴァース
2020104429,コパノリッキー,ファンタスティックライト
2018102969,ワールドエース,Oasis Dream
2019101894,ディスクリートキャット,パイロ
2020102186,ダイワメジャー,ヨハネスブルグ
2022104570,カリフォルニアクローム,ハーツクライ
2022105021,ナダル,ディープインパクト
2022100394,ルヴァンスレーヴ,スペシャルウィーク
2019106923,ルーラーシップ,マンハッタンカフェ
2020103001,ハービンジャー,Silver Deputy
2022105300,ブリックスアンドモルタル,トワイニング
2022106597,ディスクリートキャット,タイキシャトル
2023102283,ニューイヤーズデイ,エンドスウィープ
2023103991,オルフェーヴル,グランデラ
2023105452,ホッコータルマエ,ゴールドアリュール
2023103427,コントレイル,Afleet Alex
2023103570,ニューイヤーズデイ,Square Eddie
2023105677,フィレンツェファイア,Verrazano
2023104102,ニューイヤーズデイ,ゴールドアリュール
2023104231,ミスチヴィアスアレックス,シニスターミニスター
2023105620,ダノンスマッシュ,ダイワメジャー
2023106239,ダノンプレミアム,ダイワメジャー
2023104469,ミッキーグローリー,グラスワンダー
2023100374,イスラボニータ,Lord of England
2023104628,シルバーステート,Compton Place
2023102362,ウインブライト,ワークフォース
2023105822,ロードカナロア,ハーツクライ
2023109090,シルバーステート,フジキセキ
2023102109,サートゥルナーリア,ステイゴールド
2023102544,タワーオブロンドン,ディープインパクト
2023103311,ロードカナロア,Anabaa
2023105651,キズナ,Kodiac
2023100145,キタサンブラック,Into Mischief
2023102659,マジェスティックウォリアー,キングカメハメハ
2023103013,リアルスティール,アドマイヤムーン
2023101713,リアルスティール,タイキシャトル
2023104377,モーリス,Perfect Soul
2023101841,キセキ,フォーティナイナーズサン
2023105430,バンブーエール,ディープブリランテ
2023100339,カリフォルニアクローム,ロードカナロア
2023105579,ミッキーアイル,Mr. Greeley
2023104167,インカンテーション,マルカシェンク
2022101604,ルーラーシップ,ステイゴールド
2021102639,ダノンレジェンド,ダイワメジャー
2021102371,シニスターミニスター,Seeking the Gold
2021101443,ヘニーヒューズ,フレンチデピュティ
2019104128,アポロキングダム,サクラバクシンオー
2022105494,ドレフォン,ダイワメジャー
2020103301,リオンディーズ,アドマイヤベガ
2021100599,マインドユアビスケッツ,スペシャルウィーク
2023100479,マテラスカイ,サンデーサイレンス
2023104079,ビッグアーサー,オルフェーヴル
2023105739,モズアスコット,デクラレーションオブウォー
2023106372,タリスマニック,タニノギムレット
2023104714,グレーターロンドン,ヴィクトワールピサ
2023100798,タワーオブロンドン,メジロベイリー
2023106592,グレーターロンドン,パイロ
2023103226,サンダースノー,ケイムホーム
2023104819,ダノンバラード,マヤノトップガン
2023100743,タワーオブロンドン,ディープインパクト
2023102783,アメリカンペイトリオット,トーセンロレンス
2023100127,ゴールドシップ,キングズベストKing'
2023101630,ルーラーシップ,ハーツクライ
2023106019,ビッグアーサー,アドマイヤマックス
2023102282,ホークビル,ジャングルポケット
2023107481,セイクリムズン,シニスターミニスター
2022103227,エピファネイア,キングカメハメハ
2022104117,リアルスティール,タイキシャトル
2022103629,レッドベルジュール,キンシャサノキセキ
2020102561,ダイワメジャー,Distorted Humor
2022106729,エピファネイア,Lion Heart
2019102215,リオンディーズ,マヤノトップガン
2022104678,フィエールマン,Exceed And Excel
2020102537,ブラックタイド,トワイニング
2022106018,モズアスコット,デクラレーションオブウォー
2022100660,ロードカナロア,ブライアンズタイムBrian'
2020101597,モーリス,ディープインパクト
2022100588,スズカコーズウェイ,シンボリクリスエス
2022106312,ミスターメロディ,チチカステナンゴ
2021100786,ミッキーアイル,マンハッタンカフェ
2022103494,ゴールドシップ,コンデュイット
2019100915,シルバーステート,ハービンジャー
2021102203,オルフェーヴル,Rip Van Winkle
2022110056,Kingman,Dark Angel
2020102674,ロードカナロア,ゴールドアリュール
2022110026,Harry Angel,Dubawi
2020106901,リオンディーズ,Hurricane Run
2021101654,ファインニードル,ディープインパクト
2021110132,Frosted,Medaglia d'Oro
2018100406,オルフェーヴル,Storm Cat
2021102670,イスラボニータ,ファンタスティックライト
2020105133,ホッコータルマエ,キンシャサノキセキ
2022110135,Practical Joke,Scat Daddy
2022101821,サトノアラジン,ホワイトマズル
2021110058,Quality Road,Fastnet Rock
2022104801,スワーヴリチャード,ヴィクトワールピサ
2021105868,ロードカナロア,Dansili
2022101059,タワーオブロンドン,マンハッタンカフェ
2021102359,ホッコータルマエ,エンパイアメーカー
2022105936,サトノアラジン,カコイーシーズ
2023105125,シルバーステート,キングカメハメハ
2023103216,シニスターミニスター,アイルハヴアナザーI'
2023103534,ミスチヴィアスアレックス,ダイワメジャー
2023105538,ハッピースプリント,パイロ
2023100234,トランセンド,スペシャルウィーク
2023102748,キャプテンキング,エイシンフラッシュ
2023100487,フィレンツェファイア,チーフベアハート
2023105015,ゴールドドリーム,Hard Spun
2023100032,ゴールドドリーム,パイロ
2023104283,フォーウィールドライブ,エイシンフラッシュ
2023105251,ルヴァンスレーヴ,ダイワメジャー
2023106601,ホッコータルマエ,フレンチデピュティ
2023104162,サングレーザー,グランプリボス
2023102577,ドレフォン,スズカマンボ
2023103137,ウインブライト,チチカステナンゴ
2023104140,グレーターロンドン,グラスワンダー
2023106441,ベンバトル,ネオユニヴァース
2023106721,ミッキーアイル,Teofilo
2023106598,ベンバトル,ネオユニヴァース
2023104900,シルバーステート,キングカメハメハ
2023104942,サトノダイヤモンド,キングカメハメハ
2023104699,セイウンコウセイ,キンシャサノキセキ
2021105583,ドゥラメンテ,Cross Traffic
2021105875,レイデオロ,ハーツクライ
2019103219,ラニ,ハーツクライ
2020106922,フリオーソ,ジャスタウェイ
2022106566,キズナ,ダイシンオレンジ
2021103484,ロージズインメイ,ブラックホーク
2022105914,ルーラーシップ,フジキセキ
2021106574,レイデオロ,トウカイテイオー
2018103603,ネオユニヴァース,キングカメハメハ
2021101164,レイデオロ,ハーツクライ
2019101023,シルバーステート,Orientate
2021104950,ヴィクトワールピサ,マンハッタンカフェ
2021104974,ブリックスアンドモルタル,キングカメハメハ
2021104155,キズナ,クロフネ
2018104837,リーチザクラウン,アグネスワールド
2021110146,Catholic Boy,Mineshaft
2021105335,ビーチパトロール,クロフネ
2019104842,ストロングリターン,マンハッタンカフェ
2017106490,リアルインパクト,ミシル
2019103920,ロードカナロア,ゼンノロブロイ
2018102811,リーチザクラウン,アグネスタキオン
2023104816,ホッコータルマエ,ヘニーヒューズ
2023103547,マインドユアビスケッツ,Uncle Mo
2023104312,フォーウィールドライブ,スペシャルウィーク
2023107150,バンドワゴン,フジキセキ
2023105406,ゴールドドリーム,ルーラーシップ
2023101564,カリフォルニアクローム,オルフェーヴル
2023102138,ダノンレジェンド,エスポワールシチー
2023104420,マジェスティックウォリアー,ディープインパクト
2023104893,ベストウォーリア,タイキシャトル
2023106072,アメリカンペイトリオット,ゴールドアリュール
2023107393,パイロ,ダンスインザダーク
2023101914,キセキ,オペラハウス
2023105539,タリスマニック,オルフェーヴル
2023101767,ベストウォーリア,プリサイスエンド
2023102253,ミスチヴィアスアレックス,フリオーソ
2022104637,ブリックスアンドモルタル,ダイワメジャー
2022103624,カリフォルニアクローム,ディープインパクト
2022106065,ゴールドアクター,キングヘイロー
2022101456,サトノダイヤモンド,サクラバクシンオー
2022100837,ナダル,ディープインパクト
2021106519,シルバーステート,Manduro
2021104672,リオンディーズ,シンボリクリスエス
2022104555,アルアイン,Teofilo
2021105687,レイデオロ,ジャングルポケット
2021105784,リアルスティール,クロフネ
2022104899,レイデオロ,Oratorio
2022100619,フィエールマン,ロードカナロア
2022101270,コパノリッキー,エンパイアメーカー
2022105687,エピファネイア,ディープインパクト
2020104570,ドゥラメンテ,Cape Cross
2021104173,デクラレーションオブウォー,ディープインパクト
2021105694,スワーヴリチャード,ボストンハーバー
2021104208,ニューイヤーズデイ,サクラプレジデント
2022103100,リオンディーズ,キングヘイロー
2021100168,ロードカナロア,Colonel John
2022106116,カリフォルニアクローム,ダンスインザダーク
2022101108,ゴールドドリーム,マイネルラヴ
2022102062,モズアスコット,フジキセキ
2022100664,シニスターミニスター,ゴールドアリュール
2020105400,デクラレーションオブウォー,ブラックタイド
2022102849,ディスクリートキャット,タイキシャトル
2020103063,イスラボニータ,Marju
2020106698,イスラボニータ,Sea The StarsSea the Stars
2022103991,ドゥラメンテ,Country Reel
2021102641,ダンカーク,アルデバラン
2021101595,サトノクラウン,タイキシャトル
2021105913,リオンディーズ,ディープインパクト
2021101306,カレンブラックヒル,ブライアンズタイムBrian'
2022105857,エピファネイア,ディープインパクト
2021100121,ビーチパトロール,ハーツクライ
2023101545,シュウジ,コンデュイット
2023104105,オルフェーヴル,ダノンシャンティ
2023105474,アジアエクスプレス,フジキセキ
2023100514,ナダル,ロードカナロア
2023105813,ドレフォン,ロードカナロア
2023103151,ゴールドドリーム,Gone West
2023104820,ヴァンゴッホ,ヴィクトワールピサ
2023100863,ストロングリターン,ヘクタープロテクター
2023101480,ブリックスアンドモルタル,ドゥラメンテ
2023102837,ヴァンゴッホ,ハーツクライ
2020107018,ダノンレジェンド,Cape Cross
2022103188,カリフォルニアクローム,メイショウサムソン
2022106513,シュヴァルグラン,リンドシェーバー
2021102701,タリスマニック,キングズベストKing'
2021106759,シャンハイボビー,フジキセキ
2020101550,Frankel,Candy Ride
2022103448,ホッコータルマエ,エンパイアメーカー
2023105807,キタサンブラック,キングカメハメハ
2023101591,デクラレーションオブウォー,ハービンジャー
2023100615,レイデオロ,クロフネ
2023106475,キタサンブラック,Teofilo
2023100730,ダノンキングリー,Galileo
2023105888,ウインブライト,タニノギムレット
2023103155,フィエールマン,Kingman
2023106609,ダノンバラード,マンハッタンカフェ
2023105874,ゴールドシップ,Pulpit
2023107222,アドマイヤマーズ,Dushyantor
2023106151,ゴールドシップ,ローエングリン
2023106098,ブリックスアンドモルタル,ネオユニヴァース
2023105066,ヘンリーバローズ,エンパイアメーカー
2023106607,フィエールマン,ストーミングホーム
2023104505,ゴールドアクター,ベーカバド
2023105868,ビーチパトロール,ダイワメジャー
2023102982,ロジャーバローズ,ブライアンズタイムBrian'
2023102661,ダノンプレミアム,ルーラーシップ
2023105670,リオンディーズ,シンボリクリスエス
2023107132,インディチャンプ,Oasis Dream
2023104685,シルバーステート,モーリス
2023105518,サトノダイヤモンド,Distorted Humor
2023106261,セイウンコウセイ,ルーラーシップ
2023101822,ワールドエース,スターリングローズ
2023106712,スワーヴリチャード,グラスワンダー
2023103897,スワーヴリチャード,ジャングルポケット
2023105552,デクラレーションオブウォー,ルーラーシップ
2023110105,Good Magic,Flatter
2023103522,ハービンジャー,タニノギムレット
2023103651,シルバーステート,シンボリクリスエス
2023100558,フィエールマン,アグネスデジタル
2023105854,リオンディーズ,ステイゴールド
2023102937,ゴールドシップ,ダノンシャンティ
2023103905,リオンディーズ,マンハッタンカフェ
2023100303,リアルスティール,マジェスティックウォリアー
2023100964,レイデオロ,ディープインパクト
2023106882,サトノダイヤモンド,Frankel
2023105254,マインドユアビスケッツ,アサクサキングス
2023105958,マクマホン,Southdale
2023102175,ハービンジャー,オルフェーヴル
2023105848,ウインブライト,アイルハヴアナザーI'
2022100749,ルヴァンスレーヴ,トワイニング
2022105493,ブリックスアンドモルタル,クロフネ
2021104780,キズナ,Pollard's Vision
2022105506,ストロングリターン,コロナドズクエストCoronado'
2022100688,ホッコータルマエ,ヘニーヒューズ
2022105794,ブリックスアンドモルタル,ゴールドアリュール
2021103237,キズナ,Twirling Candy
2021100112,ホッコータルマエ,ハービンジャー
2021103487,エピファネイア,ゴールドアリュール
2021103932,アニマルキングダム,スペシャルウィーク
2022106756,モズアスコット,フジキセキ
2022101053,ロードカナロア,サクラバクシンオー
2021100158,ロードカナロア,Dubawi
2020103261,サトノアラジン,Sea The StarsSea the Stars
2021104091,モーリス,Unbridled's Song
2021101702,キズナ,アドマイヤムーン
2021103845,ゴールドシップ,カジノドライヴ
2022106811,ゴールドシップ,アグネスタキオン
2021104860,キタサンブラック,ハービンジャー
2022105338,ブリックスアンドモルタル,オルフェーヴル
2020106692,ゴールドシップ,High Chaparral
2020104491,キズナ,ブライアンズタイムBrian'
2022105164,サートゥルナーリア,ディープインパクト
2022105758,ドレフォン,ジャングルポケット
2022104775,ワールドエース,ジャングルポケット
2022105215,ブリックスアンドモルタル,ジャングルポケット
2021109027,サンダースノー,マンハッタンカフェ
2021105931,カレンブラックヒル,ブライアンズタイムBrian'
2017102043,タイムパラドックス,ネオユニヴァース
2021103225,キズナ,Medaglia d'Oro
2022107287,Kitten's Joy,Speightstown
2018103551,シニスターミニスター,ロージズインメイ
2018103738,サウスヴィグラス,スズカマンボ
2020103367,ジャスタウェイ,クロフネ
2021106510,タニノギムレット,サムライハート
2020104613,サトノダイヤモンド,サクラプレジデント
2022101290,サンダースノー,キングカメハメハ
2021105563,スワーヴリチャード,Lope de Vega
2022106605,エピファネイア,シニスターミニスター
2021105794,キズナ,アルデバラン
2021106586,アドマイヤムーン,オース
2022100492,エピファネイア,ディープインパクト
2023110051,Munnings,Fastnet Rock
2023110088,More Than Ready,Forestry
2023100888,アジアエクスプレス,オルフェーヴル
2023109174,ミスチヴィアスアレックス,スマートファルコン
2023106709,サンダースノー,タニノギムレット
2023106655,デクラレーションオブウォー,クロフネ
2023109108,サトノアラジン,サクラバクシンオー
2023101227,マテラスカイ,ディープインパクト
2023107522,Daredevil,Congrats
2023101454,マテラスカイ,ゴールドアリュール
2022105711,エピファネイア,Crocker Road
2022104788,ロードカナロア,Singspiel
2022100323,コパノリッキー,ダンスインザダーク
2021104681,リアルスティール,キングカメハメハ
2022105443,マインドユアビスケッツ,ゼンノロブロイ
2019104261,ホッコータルマエ,マンハッタンカフェ
2022106998,ゴールドドリーム,バトルライン
2021103320,シャンハイボビー,ゴールドアリュール
2020100209,ハーツクライ,Lemon Drop Kid
2022105011,ドレフォン,アドマイヤベガ
2022101047,オルフェーヴル,ダイワメジャー
2021102482,ゴールドシップ,ティンバーカントリー
2020100979,メイショウボーラー,Elusive Quality
2021103916,シャンハイボビー,キングカメハメハ
2022103855,ミスターメロディ,ステイゴールド
2017100655,スピルバーグ,ジェネラス
2020101268,ドレフォン,アドマイヤムーン
2021105004,キズナ,Hawk Wing
2020102589,ルーラーシップ,ディープインパクト
2021100514,ロジャーバローズ,キングカメハメハ
2019101264,リオンディーズ,Ghostzapper
2019106113,ワールドエース,アドマイヤムーン
2020105914,リアルインパクト,エンパイアメーカー
2022106465,ホークビル,ビービーガルダン
2023103389,ナダル,ディープインパクト
2023102120,ルヴァンスレーヴ,クロフネ
2023100297,ダノンレジェンド,スペシャルウィーク
2023102420,マジェスティックウォリアー,ゴールドアリュール
2023104812,マジェスティックウォリアー,ネオユニヴァース
2023105866,ベンバトル,アイルハヴアナザーI'
2023105602,ヘニーヒューズ,チチカステナンゴ
2023104007,アジアエクスプレス,シンボリクリスエス
2023104166,サンダースノー,ソングオブウインド
2023105780,インディチャンプ,バトルプラン
2023106349,シニスターミニスター,ヴァーミリアン
2023100423,ロゴタイプ,キングカメハメハ
2023101348,ダノンキングリー,クロフネ
2023103575,クリソベリル,サウスヴィグラス
2023102530,エスポワールシチー,ロードカナロア
2018100442,モーリス,フレンチデピュティ
2022103729,タワーオブロンドン,ハーツクライ
2021102433,シュヴァルグラン,サクラバクシンオー
2022100583,ニューイヤーズデイ,ディープブリランテ
2022106637,キンシャサノキセキ,Galileo
2020101171,ミッキーアイル,ゼンノロブロイ
2021104404,ファインニードル,Invincible Spirit
2022103078,ダノンレジェンド,ヨハネスブルグ
2021103451,ロゴタイプ,ファルブラヴ
2019105287,ドレフォン,スペシャルウィーク
2020106182,ホッコータルマエ,マヤノトップガン
2019103285,シニスターミニスター,プリサイスエンド
2022103150,ヘニーヒューズ,フレンチデピュティ
2022106243,モーニン,キングカメハメハ
2021103075,モーリス,デュランダル
2022101532,エポカドーロ,Stormy Atlantic
2022103603,ポアゾンブラック,アドマイヤジャパン
2023103162,デクラレーションオブウォー,ダンスインザダーク
2023106185,ビッグアーサー,ベルシャザール
2023100398,シャンハイボビー,Invincible Spirit
2023106780,ダノンキングリー,フォーティナイナー
2023103037,タニノフランケル,サウスヴィグラス
2023101106,タワーオブロンドン,ダノンシャンティ
2023104121,カレンブラックヒル,ルールオブロー
2023106107,リアルスティール,パイロ
2023105661,リーチザクラウン,ロードカナロア
2022105587,サトノダイヤモンド,Street Boss
2022106709,モーリス,ディープインパクト
2022104845,ドゥラメンテ,ストリートセンス
2020103685,モーリス,ステイゴールド
2021104873,ロゴタイプ,キングカメハメハ
2020100116,リオンディーズ,タートルボウル
2020101024,キタサンブラック,シンボリクリスエス
2019106027,ベーカバド,エルコンドルパサー
2021101478,キタサンブラック,アイルハヴアナザーI'
2018100664,パイロ,Hard Spun
2021102868,グランプリボス,マンハッタンカフェ
2020100960,シニスターミニスター,キングカメハメハ
2021100836,シルバーステート,プリサイスエンド
2020103100,リアルインパクト,Unusual Heat
2020101598,ハーツクライ,Street Cry
2021105853,モーリス,ディープブリランテ
2021106965,シュヴァルグラン,ファルブラヴ
2022106544,レイデオロ,ハーツクライ
2022101272,リアルスティール,ダイワメジャー
2021104881,ブリックスアンドモルタル,キングカメハメハ
2023103771,ニューイヤーズデイ,ハービンジャー
2023106937,クリソベリル,Awesome of Course
2023104393,ラニ,Medaglia d'Oro
2023102891,マジェスティックウォリアー,キングカメハメハ
2023104086,ミスチヴィアスアレックス,エンパイアメーカー
2023102345,クリエイター,プリサイスエンド
2023100051,ヴァンゴッホ,クロフネ
2022104515,シルバーステート,ヨハネスブルグ
2020104340,エピファネイア,サクラバクシンオー
2021103338,ファインニードル,メイショウボーラー
2022101938,ダノンレジェンド,タートルボウル
2022106438,ディスクリートキャット,ブラックタイド
2021104792,ダイワメジャー,キングヘイロー
2023103424,レイデオロ,ヴィクトワールピサ
2023106570,ミッキーアイル,メイショウボーラー
2023100729,ブリックスアンドモルタル,ハーツクライ
2023107072,レイデオロ,ディープインパクト
2023100531,ドレフォン,フジキセキ
2023105728,モズアスコット,Raven's Pass
2023106264,マジェスティックウォリアー,スペシャルウィーク
2023105736,モズアスコット,サウスヴィグラス
2023101581,ヴァンゴッホ,ダイワメジャー
2023100241,フィレンツェファイア,ダイワメジャー
2019105140,カレンブラックヒル,サムライハート
2020103502,ブラックタイド,Intikhab
2022105887,アドマイヤムーン,ロードカナロア
2021103819,ホッコータルマエ,スターオブコジーン
2017106153,ヴィクトワールピサ,ブライアンズタイムBrian'
2019100718,トゥザワールド,サウスヴィグラス
2021104943,ルーラーシップ,シンボリクリスエス
2018110131,Tapit,Ghostzapper
2019104112,メイショウサムソン,キングカメハメハ
2021105549,スワーヴリチャード,ヴィクトワールピサ
2019103100,エスケンデレヤ,マンハッタンカフェ
2013101904,ステイゴールド,メジロブライト
2017106642,カジノドライヴ,コロナドズクエストCoronado'
2022103946,マジェスティックウォリアー,ゴールドアリュール
2021110138,シャープアステカ,Bowman's Band
2021103342,カリフォルニアクローム,スズカマンボ
2021106118,イスラボニータ,テレグノシス
2023103958,インディチャンプ,バゴ
2023106079,ブリックスアンドモルタル,ヴィクトワールピサ
2023104487,ダノンバラード,オルフェーヴル
2023102985,ロジャーバローズ,タイキシャトル
2023106476,イスラボニータ,アグネスデジタル
2023101114,デクラレーションオブウォー,ディープインパクト
2023107376,アルアイン,Sinndar
2023104491,ダノンバラード,タイキシャトル
2023106436,ベンバトル,ディープインパクト
2022105038,レイデオロ,ダイワメジャー
2022105668,マクマホン,ダイワメジャー
2022103511,ナダル,ダイワメジャー
2021101116,スワーヴリチャード,Dylan Thomas
2021105478,エピファネイア,ダイワメジャー
2021102900,キタサンブラック,Scat Daddy
2021101701,ルーラーシップ,ステイゴールド
2022104649,エピファネイア,ルーラーシップ
2020110123,Kingman,Shamardal
2021104105,エピファネイア,ステイゴールド
2022110088,Speightstown,Curlin
2020104164,ビッグアーサー,ダンスインザダーク
2021100382,エスポワールシチー,シンボリクリスエス
2022103725,ルヴァンスレーヴ,ゴールドアリュール
2021102562,ミッキーアイル,ステイゴールド
2021100011,シュヴァルグラン,Tamayuz
2022106187,アジアエクスプレス,ダイワメジャー
2021101436,ブラックタイド,キングカメハメハ
2019103823,シルバーステート,Zoffany
2022101250,オルフェーヴル,プリサイスエンド
2021106823,ゴールドシップ,ロージズインメイ
2017103000,ナカヤマフェスタ,タイキシャトル
2018100184,ロードカナロア,アドマイヤベガ
2020110085,Kingman,ハーツクライ
2022105583,ダイワメジャー,More Than Ready
2021104137,リオンディーズ,Rossini
2020103225,ダイワメジャー,Monsun
2023100670,ヘニーヒューズ,ストラヴィンスキー
2023100544,タワーオブロンドン,Broken Vow
2023100703,セイウンコウセイ,スマートボーイ
2023103179,カリフォルニアクローム,スペシャルウィーク
2023103139,シャンハイボビー,デヒア
2023100845,ファインニードル,ネオユニヴァース
2023102046,エピカリス,オルフェーヴル
2023105698,ダノンスマッシュ,ディープインパクト
2021105604,ロードカナロア,Equal Stripes
2022100511,アニマルキングダム,ゴールドアリュール
2020103474,マインドユアビスケッツ,クロフネ
2022105429,レッドファルクス,フジキセキ
2021103776,ホッコータルマエ,エンパイアメーカー
2022102785,ドレフォン,パイロ
2020103274,ミッキーアイル,Noverre
2022101068,ディスクリートキャット,ゴールドアリュール
2022100333,ナダル,ダイワメジャー
2022104910,アドマイヤマーズ,Tapit
2019103208,ドレフォン,ダイワメジャー
2021106621,アメリカンペイトリオット,Distorted Humor
2019105759,ロージズインメイ,メイショウオウドウ
2021105501,ハーツクライ,El Corredor
2021107052,ドゥラメンテ,キングヘイロー
2022102823,ヘンリーバローズ,タニノギムレット
2021106551,シルバーステート,ダイシンオレンジ
2023103648,アルアイン,ダイワメジャー
2023105257,シスキン,ディープインパクト
2023106219,サートゥルナーリア,ヴィクトワールピサ
2023101892,シルバーステート,キングカメハメハ
2023105853,シルバーステート,コンデュイット
2023102751,キタサンブラック,ルーラーシップ
2023103730,モーリス,フジキセキ
2023103500,キズナ,マンハッタンカフェ
2023100056,サトノダイヤモンド,キングズベストKing'
2023106987,ハービンジャー,ハーツクライ
2023107176,レイデオロ,ハービンジャー
2023105986,キセキ,エルコンドルパサー
2023100494,タリスマニック,サムライハート
2023105426,スマートオーディン,スペシャルウィーク
2023103289,ドレフォン,ゼンノロブロイ
2023110097,Leinster,Pioneerof the Nile
2023101136,ロードカナロア,ディープインパクト
2023102363,エイシンヒカリ,ローレルゲレイロ
2023104722,シルバーステート,Medaglia d'Oro
2023106054,ルーラーシップ,キンシャサノキセキ
2023100842,フィレンツェファイア,スズカマンボ
2023109092,エーシントップ,ディープインパクト
2020106771,シャンハイボビー,グラスワンダー
2021107224,ジャングルポケット,キングカメハメハ
2021103325,カレンブラックヒル,チーフベアハート
2022100574,シニスターミニスター,ロードアルティマ
2022109033,シルバーステート,キングカメハメハ
2022105407,マインドユアビスケッツ,ハーツクライ
2022102635,ウインブライト,タイキシャトル
2022106905,モズアスコット,ディープインパクト
2020103121,イスラボニータ,City Zip
2022106016,アメリカンペイトリオット,アドマイヤマックス
2022102696,サートゥルナーリア,エンパイアメーカー
2022100540,サトノアラジン,Galileo
2020104250,トゥザワールド,ロックオブジブラルタル
2022104313,ウインブライト,Frankel
2021101003,リアルスティール,ヴィクトワールピサ
2022105182,サトノダイヤモンド,シンボリクリスエス
2021105247,スクリーンヒーロー,Encosta de Lago
2020101557,ヴィクトワールピサ,Holy Roman Emperor
2021103533,エピファネイア,Gilded Time
2021104929,モーリス,キングカメハメハ
2022105317,リアルインパクト,フジキセキ
2020103566,リアルインパクト,サクラバクシンオー
2020106063,パイロ,ブライアンズタイムBrian'
2020103407,サトノアラジン,Ghostzapper
2018110117,ウィルテイクチャージ,Curlin
2020102955,ロゴタイプ,フジキセキ
2022100699,リアルスティール,キングカメハメハ
2022101400,モーリス,Curlin
2022106150,ミッキースワロー,フレンチデピュティ
2022102573,ミッキーアイル,アグネスデジタル
2022105543,サトノクラウン,キングカメハメハ
2021100588,ホークビル,スペシャルウィーク
2020102637,ジャスタウェイ,ドリームジャーニー
2020104986,サトノクラウン,キングカメハメハ
2022104130,サトノダイヤモンド,ブライアンズタイムBrian'
2017103293,ブラックタイド,パラダイスクリーク
2020104898,ダノンバラード,アグネスデジタル
2019105844,ディーマジェスティ,トウカイテイオー
2019100741,ゴールドシップ,Acatenango
2021104999,マインドユアビスケッツ,ハービンジャー
2019104773,ディープインパクト,Ghostzapper
2020101652,ダノンレジェンド,スペシャルウィーク
2017105506,アイルハヴアナザーI',フレンチデピュティ
2022101457,リオンディーズ,シンボリクリスエス
2022106185,オルフェーヴル,キングカメハメハ
2022104544,アルアイン,ジャングルポケット
2022104491,レイデオロ,ハーツクライ
2022105193,ルヴァンスレーヴ,クロフネ
2022100687,カリフォルニアクローム,シンボリクリスエス
2022106965,シルバーステート,Singspiel
2022107194,ドレフォン,アドマイヤコジーン
2022106878,ドレフォン,ディープスカイ
2022104644,シルバーステート,Frankel
2022103306,ミッキーアイル,Medicean
2022101296,サトノアラジン,Tiger Hill
2022106007,ゴールドドリーム,ジャングルポケット
2022101542,ミスターメロディ,キンシャサノキセキ
2022101460,ルヴァンスレーヴ,シニスターミニスター
2022105445,イスラボニータ,Storm Cat
2022102304,リオンディーズ,ディープインパクト
2022101635,タリスマニック,ディープインパクト
2022100902,ゴールドドリーム,Action This Day
2018105078,ドゥラメンテ,Include
2016104665,ダイワメジャー,Editor's Note
2018104907,キングカメハメハ,Distorted Humor
2021104924,エピファネイア,アグネスタキオン
2019102826,ジャスタウェイ,シンボリクリスエス
2018104331,グラスワンダー,サンデーサイレンス
2020102211,ジャスタウェイ,アルカセット
2019106851,エイシンフラッシュ,ディープインパクト
2018102216,ラブリーデイ,ネオユニヴァース
2017103381,シニスターミニスター,スズカマンボ
2022104068,リオンディーズ,ハービンジャー
2022104095,ビッグアーサー,サクラプレジデント
2022105349,ドレフォン,サンデーサイレンス
2022104470,サトノクラウン,フジキセキ
2022100365,ドレフォン,シンボリクリスエス
2022100637,ドゥラメンテ,ハーツクライ
2022103905,リアルスティール,シンボリクリスエス
2022102703,オルフェーヴル,キングカメハメハ
2022106557,ノーブルミッション,エンパイアメーカー
2022105186,エピファネイア,ブライアンズタイムBrian'
2022107261,サートゥルナーリア,ディープインパクト
2022105013,サトノダイヤモンド,Singspiel
2021105750,ドゥラメンテ,Seeking the Gold
2020106205,メイショウボーラー,ジャングルポケット
2021100606,ミッキーグローリー,Giant's Causeway
2021105298,リアルインパクト,City Zip
2021105969,ルーラーシップ,アグネスタキオン
2020103997,タリスマニック,キングカメハメハ
2021105076,ニューイヤーズデイ,デュランダル
2021105415,スワーヴリチャード,ロックオブジブラルタル
2021100683,エピファネイア,ディープインパクト
2021105289,ハービンジャー,ディープインパクト
2021105715,ロードカナロア,War Front
2021105210,ブリックスアンドモルタル,キングカメハメハ
2021103665,リーチザクラウン,ウォーエンブレム
2022105055,レッドファルクス,シンボリクリスエス
2022107134,アメリカンペイトリオット,フジキセキ
2022104854,ドレフォン,ゴールドアリュール
2022103115,エスケンデレヤ,エンパイアメーカー
2022105694,ヘニーヒューズ,シンボリクリスエス
2022103708,レッドファルクス,キンシャサノキセキ
2022104465,アジアエクスプレス,タイキシャトル
2022103446,サンダースノー,ゼンノロブロイ
2021105474,ルーラーシップ,サムライハート
2021104421,ヴィクトワールピサ,クロフネ
2021104994,ダイワメジャー,Lemon Drop Kid
2021107173,エピファネイア,アグネスタキオン
2021102106,ヤングマンパワー,キングヘイロー
2019102938,イスラボニータ,フレンチデピュティ
2019103401,ディスクリートキャット,バブルガムフェロー
2020102703,レッドファルクス,ヴィクトワールピサ
2021110084,Soldier's Call,Dubawi
2020106896,ヴィクトワールピサ,Uncle Mo
2021105058,キズナ,Burning Roma
2019102493,ロードカナロア,ディープインパクト
2020105533,アメリカンペイトリオット,スペシャルウィーク
2020101209,ホッコータルマエ,エンパイアメーカー
2020100236,リアルスティール,ダイワメジャー
2021100297,キズナ,ボストンハーバー
2021100145,キズナ,Galileo
2020103608,Saxon Warrior,Holy Roman Emperor
2020100558,ドリームバレンチノ,ダイワメジャー
2019106962,モーリス,ストリートセンス
2022105980,ブリックスアンドモルタル,キングカメハメハ
2022106831,ダノンバラード,ブライアンズタイムBrian'
2022102613,レイデオロ,アドマイヤムーン
2022104121,サートゥルナーリア,クロフネ
2022106859,オルフェーヴル,Pioneerof the Nile
2022100971,キタサンブラック,アドマイヤムーン
2022101615,カリフォルニアクローム,ルーラーシップ
2022106962,シルバーステート,ホワイトマズル
2022103927,ショウナンバッハ,シンボリクリスエス
2022102692,サートゥルナーリア,カーネギー
2022102731,レイデオロ,ディープインパクト
2022107278,サンダースノー,バゴ
2022100109,ホッコータルマエ,フレンチデピュティ
2022103399,パイロ,リーチザクラウン
2022100246,シルポート,サマーバード
2022110150,Dubawi,Stormy River
2022101540,フォーウィールドライブ,General Meeting
2022102131,モズアスコット,Grand Slam
2022101417,オルフェーヴル,Awesome Again
2022102707,ルーラーシップ,アグネスタキオン
2022101287,モズアスコット,カネヒキリ
2022102839,マジェスティックウォリアー,ウォーエンブレム
2022101815,ゴールドドリーム,ヘニーヒューズ
2022105572,ブリックスアンドモルタル,ディープインパクト
2022105080,ミッキーロケット,ディープインパクト
2022107262,リアルスティール,Medaglia d'Oro
2022104866,サートゥルナーリア,ダイワメジャー
2019105366,ブラックタイド,キングヘイロー
2021104267,サトノアレス,ファンタスティックライト
2018105471,ルーラーシップ,サンデーサイレンス
2020101199,グレーターロンドン,タニノギムレット
2018103021,マクフィ,キングカメハメハ
2019104981,ディープインパクト,Orpen
2020105157,ヘニーヒューズ,スエヒロコマンダー
2019100677,ダイワメジャー,サクラユタカオー
2020105841,ドゥラメンテ,Storm Cat
2020103034,キンシャサノキセキ,Orb
2022101480,オルフェーヴル,アグネスタキオン
2022104194,ゴールドシップ,シンボリクリスエス
2022103184,マインドユアビスケッツ,ディープインパクト
2022105389,ロジャーバローズ,アグネスタキオン
2022104623,ブリックスアンドモルタル,キングカメハメハ
2022107250,キズナ,キングズベストKing'
2022101759,キタサンブラック,グラスワンダー
2022100525,リオンディーズ,Galileo
2021104321,キズナ,Arch
2021104474,アジアエクスプレス,マーベラスサンデー
2020102273,トゥザワールド,フジキセキ
2021104541,サトノアレス,Distorted Humor
2019106842,ミュゼスルタン,スペシャルウィーク
2021104079,アポロケンタッキー,ブラックタイド
2019102102,ザファクター,アフリート
2021100623,シルバーステート,サクラバクシンオー
2021104058,ダンカーク,サクラバクシンオー
2021104673,ミッキーアイル,ダノンシャンティ
2021100759,スノードラゴン,クロフネ
2020106925,シルバーステート,Red Ransom
2020102552,シルバーステート,シンボリクリスエス
2020104000,モーリス,Scat Daddy
2021106840,ロージズインメイ,オルフェーヴル
2020103247,リオンディーズ,アグネスタキオン
2021104581,カリフォルニアクローム,シンボリクリスエス
2021100300,ドレフォン,ダンスインザダーク
2020103246,ブラックタイド,キングカメハメハ
2020100934,トビーズコーナーToby',ディープブリランテ
2021105502,ニューイヤーズデイ,クロフネ
2020100629,ビーチパトロール,ゼンノロブロイ
2020106209,ダノンバラード,サマーバード
2019100937,ディスクリートキャット,マンハッタンカフェ
2020106914,ビッグアーサー,ハーツクライ
2021100356,アルアイン,ケイムホーム
2021103667,ベーカバド,アグネスデジタル
2018106612,ジョーカプチーノ,ゼンノエルシド
2021106854,リオンディーズ,ハービンジャー
2019106714,アジアエクスプレス,ジャングルポケット
2020100131,マジェスティックウォリアー,サウスヴィグラス
2019106269,パドトロワ,マンハッタンカフェ
2021110055,Into Mischief,Mr. Greeley
2020105517,ドゥラメンテ,Manduro
2020100168,ドレフォン,Frankel
2020106062,カレンブラックヒル,ベーカバド
2020105622,トランセンド,マンハッタンカフェ
2019103065,モーリス,サクラバクシンオー
2019103976,ヘニーヒューズ,ダイワメジャー
2021102079,キズナ,ケイムホーム
2019106102,キズナ,ウォーエンブレム
2021100152,ニューイヤーズデイ,ディープインパクト
2021110067,Uncle Mo,Smart Strike
2020102950,ロゴタイプ,アグネスタキオン
2020102326,リオンディーズ,ディープインパクト
2020106817,ダイワメジャー,キングヘイロー
2021106683,Le Havre,Kodiac
2020105774,ゴールドシップ,スウェプトオーヴァーボード
2021101671,サンダースノー,ディープスカイ
2020105732,キズナ,Raven's Pass
2019105186,ドレフォン,フジキセキ
2021106910,オルフェーヴル,Curlin
2019100051,ドレフォン,クロフネ
2019100135,ヘニーヒューズ,トワイニング
2021104751,ハービンジャー,ワークフォース
2020105734,ヘニーハウンド,サンデーサイレンス
2020103703,エピファネイア,キングカメハメハ
2017110086,City Zip,Banker's Gold
2018104872,オーシャンブルー,フレンチデピュティ
2022101791,ジャスタウェイ,シンボリクリスエス
2022101147,シャンハイボビー,アドマイヤボス
2022106128,ロジユニヴァース,エピファネイア
2022100932,ヘニーヒューズ,パイロ
2022106211,モーリス,ステイゴールド
2022105707,ジャスタウェイ,ノヴェリスト
2022103610,ミッキーアイル,フレンチデピュティ
2022104945,ミッキーアイル,キングカメハメハ
2022105748,ストロングリターン,ゴールドアリュール
2022104842,ニューイヤーズデイ,ゴールドアリュール
2022103002,ミスターメロディ,ロードカナロア
2022103419,サングレーザー,キングヘイロー
2022106436,ディープブリランテ,メイショウサムソン
2018104849,エイシンフラッシュ,ゴールドアリュール
2020101429,サトノダイヤモンド,New Approach
2018100821,タイセイレジェンド,マンハッタンカフェ
2021104280,マクフィ,キングズベストKing'
2015105440,ステイゴールド,ヘクタープロテクター
2017104961,ルーラーシップ,ダンスインザダーク
2022101517,グレーターロンドン,アグネスデジタル
2022105889,タワーオブロンドン,アドマイヤムーン
2022104180,サートゥルナーリア,ブライアンズタイムBrian'
2022105616,ミッキーアイル,Purge
2022102387,トーセンラー,マヤノトップガン
2022106326,エピファネイア,キングカメハメハ
2022102322,アメリカンペイトリオット,アグネスタキオン
2022103450,シルバーステート,ロジユニヴァース
2022103520,ゴールドシップ,ヘニーヒューズ
2022102657,ヤマカツエース,ディープスカイ
2022102295,エピファネイア,フジキセキ
2022106342,レイデオロ,ステイゴールド
2022100995,シルバーステート,ゴールドヘイロー
2022100661,ロードカナロア,Shirocco
2021102753,ホッコータルマエ,ネオユニヴァース
2021106707,フリオーソ,クロフネ
2021101053,サトノクラウン,マンハッタンカフェ
2021106800,Arrogate,Tapit
2020102642,スクリーンヒーロー,Sunray Spirit
2021102754,サトノアラジン,Alhaarth
2021101077,ドレフォン,Tiznow
2019105754,アイルハヴアナザーI',ブラックタイド
2020105813,エスポワールシチー,メイショウボーラー
2021100328,ダノンレジェンド,グラスワンダー
2021105022,ドゥラメンテ,メイショウサムソン
2020103705,ロードカナロア,Mr. Greeley
2020102736,ドリームジャーニー,ハービンジャー
2019104068,エピファネイア,ゼンノロブロイ
2021105528,サトノクラウン,ディープインパクト
2019100774,ゴールドシップ,ロージズインメイ
2021100441,ガルボ,アグネスデジタル
2020104162,サトノクラウン,エンパイアメーカー
2021103727,ドゥラメンテ,クロフネ
2021105654,キズナ,Street Cry
2021105673,ブリックスアンドモルタル,キンシャサノキセキ
2019100659,ロードカナロア,ダンスインザダーク
2019106184,キズナ,Dalakhani
2020104088,ミッキーアイル,キングズベストKing'
2019105191,キタサンブラック,キングカメハメハ
2019102761,ガルボ,ジャングルポケット
2017102838,ダイワメジャー,Sea The StarsSea the Stars
2021100792,ビッグアーサー,スウェプトオーヴァーボード
2020101792,アメリカンペイトリオット,Raven's Pass
2019105449,ロードカナロア,シンボリクリスエス
2019104697,ショウナンカンプ,ダイワメジャー
2019102786,ダイワメジャー,Tale of the Cat
2021103343,トゥザグローリー,フレンチデピュティ
2021103837,キンシャサノキセキ,トワイニング
2021106332,ヘニーヒューズ,アグネスタキオン
2021103798,オルフェーヴル,Invincible Spirit
2021103146,シャンハイボビー,アグネスタキオン
2020106719,ヘニーヒューズ,ゴールドアリュール
2021107351,エピファネイア,トワイニング
2022104432,リアルスティール,ハービンジャー
2022100999,サートゥルナーリア,ネオユニヴァース
2022104292,ルヴァンスレーヴ,アイルハヴアナザーI'
2022104165,モズアスコット,Dubawi
2022106162,フォーウィールドライブ,ワークフォース
2022106327,ヘニーヒューズ,マヤノトップガン
2022100279,ゴールドシップ,コンデュイット
2022109048,ゴールドドリーム,スクリーンヒーロー
2022102723,ドレフォン,ダイワメジャー
2022103678,ホッコータルマエ,アドマイヤドン
2022105939,コパノリッキー,ディープブリランテ
2022106121,リアルインパクト,キングカメハメハ
2022102825,ミスターメロディ,タイキシャトル
2022100181,キンシャサノキセキ,ロードカナロア
2022100517,ロジャーバローズ,キングズベストKing'
2022107133,サトノアラジン,アイルハヴアナザーI'
2022101254,ハービンジャー,ディープブリランテ
2022104438,リアルスティール,チーフベアハート
2022101137,リアルスティール,アルデバラン
2022103457,ゴールデンマンデラ,ダンカーク
2022102752,サートゥルナーリア,ゼンノロブロイ
2022106117,フェノーメノ,シンボリクリスエス
2020106166,ダノンバラード,オレハマッテルゼ
2018106815,ディープインパクト,Beat Hollow
2018104261,キングカメハメハ,クロフネ
2017105588,ディープインパクト,Fastnet Rock
2019105578,ラブリーデイ,マーベラスサンデー
2018104948,ハーツクライ,Galileo
2018105647,トーセンファントム,メイショウサムソン
2019100549,キタサンブラック,キングカメハメハ
2016106263,ディープブリランテ,ボストンハーバー
2020103569,Quality Road,Galileo
2022106757,シルバーステート,フレンチデピュティ
2022105184,サトノダイヤモンド,シンボリクリスエス
2022105133,ブリックスアンドモルタル,アドマイヤベガ
2022104135,デクラレーションオブウォー,エピファネイア
2022104741,キタサンブラック,ハービンジャー
2022105224,ブリックスアンドモルタル,ディープインパクト
2022106495,モーリス,Touch Gold
2022105167,アドマイヤマーズ,クロフネ
2022102273,フィエールマン,Exceed And Excel
2022103845,ディスクリートキャット,ロードカナロア
2022103322,メイショウボーラー,トーセンホマレボシ
2022102570,ゴールドドリーム,キングカメハメハ
2022107132,ノーブルミッション,リオンディーズ
2022100791,モーリス,ストラヴィンスキー
2022103074,マジェスティックウォリアー,タイキシャトル
2022106115,アメリカンペイトリオット,アドマイヤムーン
2022103877,キンシャサノキセキ,ディープブリランテ
2022106766,ダノンバラード,マツリダゴッホ
2018101300,ドゥラメンテ,ネオユニヴァース
2021101153,クレスコグランド,スウェプトオーヴァーボード
2021102656,マインドユアビスケッツ,アグネスデジタル
2021110105,Uncle Mo,Midnight Lute
2020103360,リアルスティール,クロフネ
2021105719,レイデオロ,City Zip
2021106199,ゴールドシップ,アイルハヴアナザーI'
2021104755,ハーツクライ,Vespone
2021104194,シャンハイボビー,マンハッタンカフェ
2021105845,レイデオロ,ファルブラヴ
2018103802,ルーラーシップ,アグネスタキオン
2022105415,エピファネイア,キングカメハメハ
2022101629,ファインニードル,Seeking the Gold
2022101643,パイロ,ヴィクトワールピサ
2020100996,キタサンブラック,キングカメハメハ
2021104868,リアルインパクト,キングカメハメハ
2020104791,シャンハイボビー,デヒア
2021102244,コパノリッキー,マンハッタンカフェ
2018100976,オンファイア,キングカメハメハ
2020106399,ダイワメジャー,タイキシャトル
2020100497,モーリス,キングカメハメハ
2020102867,マインドユアビスケッツ,ダンスインザダーク
2019104586,ロードカナロア,ディープインパクト
2021105565,ダイワメジャー,Candy Ride
2018106318,ワールドエース,アドマイヤコジーン
2020103589,ビッグアーサー,スウィフトカレント
2018102020,ディープインパクト,スウェプトオーヴァーボード
2020103482,ジャスタウェイ,Royal Applause
2019106409,ルーラーシップ,ブライアンズタイムBrian'
2021102561,ミッキーロケット,スクリーンヒーロー
2022105053,リアルインパクト,クロフネ
2022104536,キズナ,キングカメハメハ
2022105179,シュヴァルグラン,ハービンジャー
2022103463,ゴールデンマンデラ,バトルプラン
2022105361,ストロングリターン,アグネスタキオン
2022102945,Liam's Map,Kitten's Joy
2022103440,リオンディーズ,フジキセキ
2022101987,アルバート,Lantana Mob
2022106235,ゴールドドリーム,Freud
2022103258,デクラレーションオブウォー,スペシャルウィーク
2022103275,アルアイン,ブライアンズタイムBrian'
2022105379,スワーヴリチャード,キンシャサノキセキ
2022104830,ルーラーシップ,ダイワメジャー
2022101237,エポカドーロ,ディープインパクト
2022101299,ミスターメロディ,ヘニーヒューズ
2022103744,シニスターミニスター,ディープインパクト
2022106950,レッドベルジュール,Galileo
2022100332,シルポート,ネオユニヴァース
2022104992,サトノアラジン,サクラバクシンオー
2022103011,フィエールマン,スタチューオブリバティ
2022105401,ロードカナロア,Dubai Destination
2022102610,ニューイヤーズデイ,ジャングルポケット
2022105795,イスラボニータ,クロフネ
2022102413,タワーオブロンドン,ディープインパクト
2022102498,マクフィ,キングカメハメハ
2022107191,ゴールデンマンデラ,メイショウサムソン
2022101477,ロジャーバローズ,Sea The StarsSea the Stars
2022104506,モーリス,Sholokhov
2022100023,ホッコータルマエ,ディープインパクト
2022103748,ブリックスアンドモルタル,ダイワメジャー
2022100848,フィエールマン,コマンズ
2022102318,スワーヴリチャード,ステイゴールド
2022101571,タワーオブロンドン,スウィフトカレント
2022105363,キズナ,City Zip
2022100052,エポカドーロ,トーセンラー
2022103018,イスラボニータ,メイショウサムソン
2022102203,リオンディーズ,Frankel
2022102136,リアルスティール,ロードカナロア
2022102669,シルバーステート,プリサイスエンド
2021105123,ハーツクライ,Manduro
2020102919,キタサンブラック,ハーツクライ
2021105089,スクリーンヒーロー,ディープインパクト
2020102310,キタサンブラック,エンパイアメーカー
2021103210,アドミラブル,アイルハヴアナザーI'
2020104732,ディーマジェスティ,ファルブラヴ
2021105596,スワーヴリチャード,Awesome Again
2020105996,レッドファルクス,アグネスデジタル
2020106355,アドマイヤムーン,Flying Spur
2020101069,ディープブリランテ,シンボリクリスエス
2021105677,サトノアラジン,Oasis Dream
2021106692,サトノダイヤモンド,フレンチデピュティ
2020103212,ロードカナロア,ハーツクライ
2021106611,キズナ,キングカメハメハ
2016100126,ドリームジャーニー,デインヒル
2021106449,スワーヴリチャード,Bernardini
2019100630,キズナ,キングカメハメハ
2020106234,リアルインパクト,マンハッタンカフェ
2021104846,サトノダイヤモンド,フレンチデピュティ
2020103082,グランデッツァ,キングカメハメハ
2021105661,ロードカナロア,マンハッタンカフェ
2019104838,ディープインパクト,キングカメハメハ
2019105532,エピファネイア,ディープインパクト
2017105109,スクリーンヒーロー,シンボリクリスエス
2019105434,ハーツクライ,Rahy
2021100687,デクラレーションオブウォー,キングカメハメハ
2021106986,ディスクリートキャット,ダイワメジャー
2021104313,コパノリッキー,ハーツクライ
2021102745,コパノリッキー,エンドスウィープ
2020103670,ダイワメジャー,Danehill Dancer
2020106021,ヘニーヒューズ,ディープインパクト
2022101823,リアルスティール,ダイワメジャー
2022104909,アドマイヤマーズ,Salt Lake
2022101561,Street Boss,Bernardini
2022102632,リアルスティール,Sea The StarsSea the Stars
2022100981,ビッグアーサー,ファスリエフ
2022101943,レイデオロ,クロフネ
2022101692,タワーオブロンドン,アドマイヤムーン
2022102519,アメリカンペイトリオット,オルフェーヴル
2022106581,ヘニーヒューズ,スペシャルウィーク
2022103189,ロジャーバローズ,メイショウボーラー
2022102892,Justify,Van Nistelrooy
2022103465,サンダースノー,スマートファルコン
2022102972,ディーマジェスティ,Storm Cat
2022102758,シャンハイボビー,サウスヴィグラス
2022100893,ラブリーデイ,マンハッタンカフェ
2022104267,ルヴァンスレーヴ,Indygo Shiner
2022101548,ディープブリランテ,エルコンドルパサー
2022104526,ゴールドシップ,シンボリクリスエス
2022102554,ホッコータルマエ,ヴィクトワールピサ
2022104178,エピファネイア,Frankel
2022100871,ダイワメジャー,ヘニーヒューズ
2015104699,Dansili,Medicean
2019101825,サトノアラジン,ジャングルポケット
2020109076,ゴールドアクター,アルカセット
2020100850,ゴールドアクター,ヴァーミリアン
2020104005,ヤマカツエース,タバスコキャット
2021106196,ジャスタウェイ,ヴィクトワールピサ
2017100641,ゴールドヘイロー,ジャングルポケット
2016104874,ロードカナロア,シンボリクリスエス
2021101022,カレンブラックヒル,メイショウボーラー
2021106785,ゴールドシップ,ヤマニンセラフィム
2019105148,ヘニーヒューズ,ダイワメジャー
2017102952,オルフェーヴル,マイネルラヴ
2022101673,パイロ,Hard Spun
2022100158,American Pharoah,Camelot
2022103347,ウインブライト,エンパイアメーカー
2022104880,アジアエクスプレス,キンシャサノキセキ
2022105545,モーリス,ハービンジャー
2022100537,ルヴァンスレーヴ,スペシャルウィーク
2022104189,マクフィ,Shackleford
2022106476,アジアエクスプレス,キングカメハメハ
2022106799,ウインブライト,アグネスデジタル
2022105238,キタサンブラック,タイキシャトル
2021105072,モーリス,High Chaparral
2021105382,キズナ,Harlan's Holiday
2020106639,サトノアラジン,シニスターミニスター
2021100884,モーニン,ダイワメジャー
2021105993,カリフォルニアクローム,キングカメハメハ
2021106565,マジェスティックウォリアー,ゴールドアリュール
2019104558,ディープブリランテ,ブライアンズタイムBrian'
2020101327,ミッキーアイル,カコイーシーズ
2021109063,インカンテーション,ダンスインザダーク
2021103971,エピファネイア,サクラバクシンオー
2020103614,ダイワメジャー,Rahy
2021106178,シルバーステート,スエヒロコマンダー
2020106149,ダノンレジェンド,タイキシャトル
2021100163,ロードカナロア,オルフェーヴル
2019101873,ダイワメジャー,Raven's Pass
2021100651,リアルスティール,Galileo
2021102895,リアルスティール,エンパイアメーカー
2020103066,ラブリーデイ,スウェプトオーヴァーボード
2020109027,シルバーステート,ロードカナロア
2020103688,Saxon Warrior,Style Vendome
2020105760,ゴールドシップ,ダノンシャンティ
2020106535,ビーチパトロール,マンハッタンカフェ
2020101486,ディーマジェスティ,ロードカナロア
2021105601,スワーヴリチャード,Siyouni
2020104013,キズナ,Monsun
2018103927,ダイワメジャー,Footstepsinthesand
2021104893,ハーツクライ,Street Cry
2020102762,ハーツクライ,Storm Cat
2018100043,リオンディーズ,ステイゴールド
2020104708,ロゴタイプ,プリサイスエンド
2020106562,マクフィ,ナリタトップロード
2021106070,エスポワールシチー,フレンチデピュティ
2020110116,Collected,Tapit
2021110019,Invincible Spirit,Street Cry
2017104936,キングカメハメハ,ディープインパクト
2018103563,マツリダゴッホ,ホワイトマズル
2016102133,ワークフォース,ディープインパクト
2020100046,バゴ,メイショウボーラー
2018105050,エイシンフラッシュ,サンデーサイレンス
2017104415,ディープインパクト,ホワイトマズル
2018105236,モーリス,アドマイヤベガ
2022106765,ゴールドシップ,Temple City
2022101862,サトノアラジン,フレンチデピュティ
2022104926,サトノアラジン,ジャスタウェイ
2022103583,ブリックスアンドモルタル,トーセンダンス
2022106852,エピファネイア,Storm Cat
2022105459,サトノアラジン,オルフェーヴル
2022103032,サンダースノー,マツリダゴッホ
2022106567,フォーウィールドライブ,キングカメハメハ
2022104168,マクフィ,ディープインパクト
2022106536,サートゥルナーリア,ディープインパクト
2022100215,デクラレーションオブウォー,ケイムホーム
2022100784,ディスクリートキャット,スペシャルウィーク
2022109117,ベストウォーリア,ネオユニヴァース
2022106268,ロゴタイプ,ヴァーミリアン
2021100761,レイデオロ,フォーティナイナーズサン
2020102971,ダイワメジャー,Hawk Wing
2021107295,アポロケンタッキー,ハーツクライ
2021104770,ドレフォン,ハーツクライ
2020106953,シニスターミニスター,テイエムオペラオー
2021100119,ワールドエース,タートルボウル
2022105715,キタサンブラック,クロフネ
2022105883,アジアエクスプレス,スマートファルコン
2022106539,マインドユアビスケッツ,アグネスタキオン
2022103672,キタサンブラック,ディープスカイ
2022100222,ラニ,ディープインパクト
2022101797,ダノンバラード,ジャングルポケット
2022106580,ワールドエース,タニノギムレット
2022110005,Into Mischief,Tapit
2022100449,シャンハイボビー,キンシャサノキセキ
2022101933,ダンカーク,マヤノトップガン
2022100831,ディスクリートキャット,ダイワメジャー
2022104466,アポロケンタッキー,ダンスインザダーク
2022104593,ビッグアーサー,マンハッタンカフェ
2022104837,ドゥラメンテ,ゼンノロブロイ
2022106798,スクリーンヒーロー,ステイゴールド
2022106134,ミスターメロディ,ヴィクトワールピサ
2022106946,ミスターメロディ,デュランダル
2022102140,シルバーステート,Pure Prize
2022100021,フォーウィールドライブ,ロードカナロア
2021103376,タリスマニック,ゼンノロブロイ
2021101195,サトノアラジン,キングカメハメハ
2021102793,ビーチパトロール,Saint Ballado
2021105487,ニューイヤーズデイ,ゼンノロブロイ
2022101469,アルアイン,ロードカナロア
2022109047,タワーオブロンドン,オルフェーヴル
2022101983,サートゥルナーリア,ダイワメジャー
2022103036,ミッキーアイル,ダイワメジャー
2022102819,シャンハイボビー,ヨハネスブルグ
2021104840,オルフェーヴル,ティンバーカントリー
2020104224,キンシャサノキセキ,オペラハウス
2021105209,ブリックスアンドモルタル,ゼンノロブロイ
2021105713,モーリス,Monsun
2021101400,ドゥラメンテ,Unbridled's Song
2021105287,キズナ,カジノドライヴ
2021104941,ブリックスアンドモルタル,キングカメハメハ
2020102738,ダイワメジャー,Ready's Image
2019104361,ルーラーシップ,フジキセキ
2021100610,マクフィ,ハーツクライ
2021100626,ワールドエース,キングカメハメハ
2019103308,アロマカフェ,ストラヴィンスキー
2021105839,ドレフォン,Harlan's Holiday
2021107019,ヘニーヒューズ,カネヒキリ
2018100107,トビーズコーナーToby',Vindication
2022101210,アルアイン,キングカメハメハ
2022102838,モズアスコット,サウスヴィグラス
2022101667,New Approach,Dubawi
2022102105,ダンカーク,エスポワールシチー
2022101212,ニシケンモノノフ,キングヘイロー
2022101086,ロゴタイプ,エンパイアメーカー
2022103087,バゴ,クロフネ
2022107210,サンダースノー,シンボリクリスエス
2022100147,アドマイヤムーン,マーベラスサンデー
2021102973,デクラレーションオブウォー,ハーツクライ
2020102798,ハーツクライ,Mount Nelson
2019106985,トゥザグローリー,ラストタイクーン
2020106384,ロードカナロア,ネオユニヴァース
2019103634,ケープブランコ,ゴールドアリュール
2021101210,キングリオ,フリオーソ
2020102795,ハービンジャー,Unbridled's Song
2020103289,ドレフォン,ジャングルポケット
2022105756,ルーラーシップ,ディープインパクト
2022104689,ドゥラメンテ,Siyouni
2022102079,ブリックスアンドモルタル,ルーラーシップ
2022102969,デクラレーションオブウォー,Poet's Voice
2022107001,ミッキースワロー,ダイワメジャー
2022101916,ドレフォン,Giant's Causeway
2022103761,アドマイヤマーズ,キングカメハメハ
2022101620,サンダースノー,タニノギムレット
2022110040,Kingman,English Channel
2022104958,レイデオロ,マンハッタンカフェ
2022106688,キズナ,Quality Road
2022103547,ブリックスアンドモルタル,ヴァーミリアン
2019105794,ゴールドシップ,クロフネ
2021104151,ホッコータルマエ,アフリート
2020102592,ロードカナロア,キングヘイロー
2021104549,マクフィ,キングカメハメハ
2020101229,ビッグアーサー,ステイゴールド
2021102091,ネオユニヴァース,Miswaki
2020101140,シルバーステート,ディープスカイ
2020103799,ラブリーデイ,ディープインパクト
2021102294,ルーラーシップ,スペシャルウィーク
2021100895,カレンブラックヒル,スターリングローズ
2020103876,サトノダイヤモンド,シニスターミニスター
2020100714,トビーズコーナーToby',キングズベストKing'
2021106307,エスポワールシチー,アルデバラン
2021110109,Liam's Map,Union Rags
2021104908,リアルスティール,Sageburg
2021107154,モーニン,マンハッタンカフェ
2019103978,ザファクター,アグネスタキオン
2020102044,オルフェーヴル,Giant's Causeway
2021104903,ミッキーロケット,ダイワメジャー
2019103422,レッドスパーダ,アドマイヤコジーン
2020101678,キンシャサノキセキ,Stormy Atlantic
2019102137,キズナ,ファルブラヴ
2017103005,ヴァンセンヌ,キングカメハメハ
2021103323,ロジャーバローズ,スニッツェル
2019105806,トーセンラー,フレンチデピュティ
2021102595,ドリームバレンチノ,フジキセキ
2021105329,ネオユニヴァース,エンパイアメーカー
2019101620,キングカメハメハ,Bernardini
2021102098,ヤマカツエース,モンテロッソ
2020104748,ゴールドシップ,Smart Strike
2023105187,パイロ,アイルハヴアナザーI'
2023102953,マテラスカイ,A.P. Indy
2023106457,ゴールドシップ,レッドスパーダ
2023103733,エピファネイア,キングカメハメハ
2023100179,ダノンプレミアム,キングカメハメハ
2023103472,サトノアラジン,ルーラーシップ
2023103536,キタサンブラック,Canford Cliffs
2023101230,アドマイヤマーズ,キングカメハメハ
2023102697,ダノンスマッシュ,ハーツクライ
2023106285,コントレイル,Street Cry
2023107023,スワーヴリチャード,ヴィクトワールピサ
2023102921,ダノンバラード,キングカメハメハ
2023106110,バゴ,エイシンフラッシュ
2023103184,モズアスコット,フレンチデピュティ
2023106321,ヴァンゴッホ,アドマイヤマックス
2023106468,フィエールマン,スターオブコジーン
2023105862,ベンバトル,ステイゴールド
2023106025,カレンブラックヒル,Hard Spun
2023101119,タワーオブロンドン,ヴィクトワールピサ
2023100160,ビッグアーサー,アドマイヤムーン
2023110056,Frankel,Smart Strike
2023102941,ミスターメロディ,ステイゴールド
2023106220,ダイワメジャー,スウェプトオーヴァーボード
2023110087,Upstart,Cuvee
2023102029,エイシンフラッシュ,ケープブランコ
2023103499,イスラボニータ,Successful Appeal
2023101986,セイウンコウセイ,ヘニーヒューズ
2023106190,ビッグアーサー,マルカシェンク
2022105100,ドレフォン,クロフネ
2022101248,マクフィ,アドマイヤムーン
2022101436,ルーラーシップ,マンハッタンカフェ
2022102974,スズカコーズウェイ,クロフネ
2022105308,イスラボニータ,メイショウサムソン
2022102985,シャンハイボビー,スズカフェニックス
2022105016,ドゥラメンテ,Proud Citizen
2022106721,Raven's Pass,Intense Focus
2022105002,サートゥルナーリア,ディープインパクト
2022102064,キズナ,タニノギムレット
2022100462,キズナ,キングズベストKing'
2022105523,ロードカナロア,Montjeu
2022106543,バゴ,ヴィクトワールピサ
2022101200,ルーラーシップ,Bluegrass Cat
2022101741,サトノクラウン,ダイワメジャー
2021103197,シニスターミニスター,ネオユニヴァース
2022110115,Constitution,Footstepsinthesand
2019105330,ドレフォン,ディープインパクト
2021104889,ニューイヤーズデイ,ステイゴールド
2020103718,リアルスティール,シンボリクリスエス
2019106148,ドレフォン,キングカメハメハ
2021101928,ドレフォン,ディープインパクト
2021105864,ロードカナロア,ゼンノロブロイ
2020103364,モーリス,ハーツクライ
2020102625,ルーラーシップ,ディープインパクト
2020106900,ダノンバラード,タイキシャトル
2021106595,ノヴェリスト,ダイワメジャー
2020101174,グレーターロンドン,シニスターミニスター
2021100184,Saxon Warrior,Royal Applause
2021101072,ヴィクトワールピサ,タイキシャトル
2022102729,リオンディーズ,ハービンジャー
2021101015,ルーラーシップ,ハーツクライ
2021101225,キンシャサノキセキ,ティンバーカントリー
2022102423,サンダースノー,ヨハネスブルグ
2022106988,リアルインパクト,Poet's Voice
2022104625,リオンディーズ,マンハッタンカフェ
2022102403,グレーターロンドン,ファルブラヴ
2022101811,ノーブルミッション,バゴ
2022110089,Le Havre,Montjeu
2022101511,コパノリッキー,アドマイヤムーン
2022103311,ホッコータルマエ,スウェプトオーヴァーボード
2022110096,Maclean's Music,Storm Cat
2021101864,レッドファルクス,フリオーソ
2022100028,ゴールドドリーム,Cherokee Run
2022105158,ヘニーヒューズ,キングカメハメハ
2021104069,シニスターミニスター,サクラプレジデント
2022110156,Liam's Map,Bernardini
2021104899,エピファネイア,ダイワメジャー
2022101739,キズナ,キングカメハメハ
2022102305,Frankel,キングカメハメハ
2021105575,レイデオロ,ディープインパクト
2022104722,ミッキーアイル,Firebreak
2022100051,ウインブライト,ワークフォース
2022101509,アルアイン,アドマイヤムーン
2022104572,ノーブルミッション,ブライアンズタイムBrian'
2022105357,キンシャサノキセキ,ショウナンカンプ
2022101483,エポカドーロ,ヴィクトワールピサ
2023107069,サートゥルナーリア,First Dude
2023103843,グレーターロンドン,タイキシャトル
2023100587,Saxon Warrior,Champs Elysees
2023106850,モーリス,ディープインパクト
2023103444,エピファネイア,Motivator
2023103326,イスラボニータ,ホワイトマズル
2023106886,サートゥルナーリア,ヴィクトワールピサ
2023105390,サングレーザー,シンボリクリスエス
2023100681,モズアスコット,ステイゴールド
2023102122,ドレフォン,キングカメハメハ
2023103698,ダイワメジャー,Tale of the Cat
2023100581,ダノンプレミアム,タニノギムレット
2022104312,ディーマジェスティ,Proudest Romeo
2022100348,ミッキーロケット,ハーツクライ
2022107126,オルフェーヴル,ヘニーヒューズ
2022100875,マクフィ,カジノドライヴ
2022103502,ブリックスアンドモルタル,ゴールドアリュール
2022100777,リオンディーズ,ハービンジャー
2022106071,シニスターミニスター,ゼンノロブロイ
2022100096,ヘニーヒューズ,アドマイヤムーン
2022105307,シュヴァルグラン,カネヒキリ
2022100527,シルバーステート,ブライアンズタイムBrian'
2022103169,バゴ,ディープインパクト
2022100872,シニスターミニスター,タイキシャトル
2022101733,ホッコータルマエ,ブライアンズタイムBrian'
2022103396,ルヴァンスレーヴ,スパイキュール
2022103028,イスラボニータ,ワイルドラッシュ
2022106420,ホッコータルマエ,クロフネ
2022100224,オルフェーヴル,フォーティナイナーズサン
2022105326,サートゥルナーリア,ハーツクライ
2021105127,ブリックスアンドモルタル,ヴィクトワールピサ
2021101580,グレーターロンドン,ヨハネスブルグ
2020101772,シルバーステート,Shamardal
2022105143,モーリス,ルーラーシップ
2021105252,キズナ,Reckless Abandon
2019104732,ディープインパクト,Ghostzapper
2020102140,ディスクリートキャット,アドマイヤマックス
2021105647,レイデオロ,ネオユニヴァース
2019105293,ロードカナロア,Royal Applause
2021110031,Farhh,Kingmambo
2021107179,ダイワメジャー,Tizway
2019104556,ルーラーシップ,ゼンノロブロイ
2021105423,モーリス,ディープインパクト
2019101408,ハービンジャー,アグネスタキオン
2021101384,グレーターロンドン,ブライアンズタイムBrian'
2022110114,Complexity,Pulpit
2022104697,マクフィ,ディープインパクト
2020104702,ミッキーロケット,アグネスデジタル
2020101967,ヤマカツエース,ブライアンズタイムBrian'
2020107001,グレーターロンドン,ルーラーシップ
2021105548,エピファネイア,ダイワメジャー
2020100792,ハクサンムーン,サマーバード
2018110043,Havana Gold,Mr. Greeley
2020103462,ドゥラメンテ,Sightseeing
2021103706,レッドファルクス,ゴールドアリュール
2019102186,クリエイター,ネオユニヴァース
2020103316,ルーラーシップ,ダイワメジャー
2022104732,ロードカナロア,サクラバクシンオー
2020107095,イスラボニータ,ナカヤマフェスタ
2021100086,ダノンレジェンド,バブルガムフェロー
2020105350,ロージズインメイ,タマモクロス
2022102167,ディーマジェスティ,Devil's Bag
2022105859,ブリックスアンドモルタル,ディープブリランテ
2022105495,マインドユアビスケッツ,ステイゴールド
2021102676,ドレフォン,ストリートセンス
2021101256,レイデオロ,ロサード
2020102944,リアルスティール,ワークフォース
2022106737,シルバーステート,Motivator
2022105342,サートゥルナーリア,ゼンノロブロイ
2022100163,ダノンバラード,パイロ
2022105749,ディーマジェスティ,サウスヴィグラス
2022103507,ダノンバラード,オペラハウス
2022103932,レイデオロ,クロフネ
2022107275,ノーブルミッション,マンハッタンカフェ
2022106990,ルヴァンスレーヴ,ハービンジャー
2022101006,マジェスティックウォリアー,ゴールドアリュール
2021105956,グレーターロンドン,ウォーエンブレム
2022105279,イスラボニータ,Lemon Drop Kid
2021105484,モーリス,ディープインパクト
2021100454,ダノンバラード,Galileo
2022106796,ジョーカプチーノ,ダンスインザダーク
2020102956,マインドユアビスケッツ,ゼンノロブロイ
2018104268,ゴールドシップ,A.P. Indy
2022105877,ノーブルミッション,クロフネ
2019106364,ヘニーヒューズ,Kingmambo
2022100390,マクフィ,サウスヴィグラス
2022104999,ルヴァンスレーヴ,ハーツクライ
2022100519,サトノアラジン,メイショウボーラー
2022104074,エイシンフラッシュ,サクラプレジデント
2022105377,ハービンジャー,ディープインパクト
2022101256,リアルインパクト,Planteur
2022102801,ナダル,スペシャルウィーク
2022102789,ダノンレジェンド,キズナ
2023109091,ビッグアーサー,Seeking the Gold
2023102165,ミスチヴィアスアレックス,キングズベストKing'
2023106964,エピファネイア,ゼンノロブロイ
2023107377,キズナ,マクフィ
2023103447,サトノダイヤモンド,Iffraaj
2023105396,アドマイヤマーズ,ノヴェリスト
2023104417,キズナ,Dansili
2023103747,デクラレーションオブウォー,クロフネ
2023107183,キタサンブラック,Freud
2023103728,キタサンブラック,Invincible Spirit
2023105392,アドマイヤマーズ,Zensational
2023103831,デクラレーションオブウォー,ダイワメジャー
2023104128,ヘンリーバローズ,スターリングローズ
2023107109,ルーラーシップ,ネオユニヴァース
2022103326,カリフォルニアクローム,ネオユニヴァース
2022101864,リアルインパクト,Temple City
2022101640,ディスクリートキャット,Street Cry
2022105416,モーリス,ハーツクライ
2022105463,マインドユアビスケッツ,グラスワンダー
2022107197,ダノンレジェンド,ジャングルポケット
2022106270,アジアエクスプレス,マンハッタンカフェ
2021110030,Iffraaj,Dubawi
2022104814,フィエールマン,Lope de Vega
2021105871,リアルインパクト,シンボリクリスエス
2022104912,ドレフォン,キングカメハメハ
2022104666,シルバーステート,Sevres Rose
2021103303,エピファネイア,ディープインパクト
2022103638,ノーブルミッション,マンハッタンカフェ
2021101211,ヴィクトワールピサ,シンボリクリスエス
2022101134,エピファネイア,ディープブリランテ
2021104510,サトノダイヤモンド,Birdstone
2019102143,ホッコータルマエ,ゴールドアリュール
2021105156,パイロ,スウェプトオーヴァーボード
2018101243,サウスヴィグラス,ダイワメジャー
2020102161,エスポワールシチー,ヘクタープロテクター
2020105627,ラニ,ジャングルポケット
2020102594,マジェスティックウォリアー,シンボリクリスエス
2021105569,リアルインパクト,Vindication
2021104104,ホッコータルマエ,シンボリクリスエス
2019110088,Arrogate,Wild Again
2020104567,シビルウォー,アドマイヤベガ
2019104953,ドゥラメンテ,Giant's Causeway
2021105885,ブリックスアンドモルタル,スペシャルウィーク
2019105322,ハーツクライ,Essence of Dubai
2020105147,シニスターミニスター,ブラックタイド
2021103000,スワーヴリチャード,Redattore
2019106330,ホッコータルマエ,シンボリクリスエス
2018101630,ドゥラメンテ,Fusaichi Pegasus
2022105564,ジャスタウェイ,Oasis Dream
2021101660,ディスクリートキャット,パイロ
2022100582,エスポワールシチー,タートルボウル
2022105364,ダノンレジェンド,フジキセキ
2022105548,キズナ,Wilburn
2021105125,ルーラーシップ,ハーツクライ
2022102508,ダノンレジェンド,シャンハイボビー
2021110151,Omaha Beach,Touch Gold
2022105123,フィエールマン,ストロングリターン
2022104702,レイデオロ,ディープインパクト
2022105205,サートゥルナーリア,フジキセキ
2022105278,ロゴタイプ,ヴィクトワールピサ
2022101690,エピファネイア,アドマイヤムーン
2022103987,エピファネイア,アグネスタキオン
2022107068,ローレルゲレイロ,ハーツクライ
2022105019,サトノアラジン,Medaglia d'Oro
2022110046,Almanzor,Nathaniel
2022105139,レイデオロ,ゼンノロブロイ
2022104954,キズナ,ボストンハーバー
2018105213,モーリス,シンボリクリスエス
2021102221,マジェスティックウォリアー,ゴールドアリュール
2021103506,エピファネイア,コロナドズクエストCoronado'
2021104768,ジャスタウェイ,Flatter
2021102960,ニューイヤーズデイ,スペシャルウィーク
2019105967,ディスクリートキャット,サウスヴィグラス
2019100657,キズナ,Street Cry
2023101527,ホッコータルマエ,ディープブリランテ
2023107158,クリソベリル,Bernardini
2023110086,Good Magic,Kitten's Joy
2023102909,ゴールドドリーム,ワイルドラッシュ
2023101131,ディスクリートキャット,パイロ
2023103521,ハービンジャー,ディープインパクト
2023104572,アポロケンタッキー,エンパイアメーカー
2023103632,ルヴァンスレーヴ,デュランダル
2023105662,マテラスカイ,ネオユニヴァース
2023104052,シャンハイボビー,ブラックタイド
2023103845,ニューイヤーズデイ,ハービンジャー
2023105542,ベストウォーリア,フリオーソ
2023101068,ベストウォーリア,ディープブリランテ
2023104346,レイデオロ,ブラックタイド
2023104257,ダイシンバルカン,ルーラーシップ
2023105948,マクマホン,ディープインパクト
2023106864,モーリス,ロードカナロア
2023107278,コントレイル,Galileo
2023101151,ファインニードル,Elusive Quality
2023103800,リアルインパクト,Orpen
2023103694,サングレーザー,Scat Daddy
2023106854,ルーラーシップ,マンハッタンカフェ
2023102152,レッドベルジュール,デュランダル
2023106832,モーリス,ゼンノロブロイ
2023100360,セイウンコウセイ,コロナドズクエストCoronado'
2023106371,ダノンプレミアム,ゴールドシップ
2022100539,シニスターミニスター,ディープインパクト
2022104259,ビーチパトロール,ルーラーシップ
2022109100,カリフォルニアクローム,ダイワメジャー
2022101031,ビッグアーサー,アグネスタキオン
2022105717,ミスターメロディ,ダノンシャンティ
2022103029,ロジャーバローズ,ワイルドラッシュ
2022104571,ヘニーヒューズ,ダイワメジャー
2022103158,ラブリーデイ,Tiznow
2021103790,ゴールドシップ,ディープインパクト
2021101603,ルーラーシップ,フジキセキ
2021107058,アジアエクスプレス,ディープインパクト
2020102764,リアルインパクト,Frankel
2019100510,カレンブラックヒル,Woodman
2022105390,ドゥラメンテ,Distorted Humor
2022104782,フィエールマン,キングカメハメハ
2022105258,ハービンジャー,クロフネ
2022104147,マクフィ,ヴァーミリアン
2022101671,ディスクリートキャット,A.P. Indy
2022105867,ニューイヤーズデイ,Privately Held
2022104440,デクラレーションオブウォー,スペシャルウィーク
2021102756,サトノクラウン,マンハッタンカフェ
2022103857,デクラレーションオブウォー,トワイニング
2022104730,サトノダイヤモンド,Sunday Break
2022105847,リオンディーズ,ディープインパクト
2022107258,サンダースノー,ショウナンカンプ
2023100936,Into Mischief,Drosselmeyer
2023100657,パドトロワ,アサクサデンエン
2023102935,アジアエクスプレス,クロフネ
2023105818,キズナ,オルフェーヴル
2023102896,ゴールドドリーム,キングカメハメハ
2023100354,セイウンコウセイ,ドリームジャーニー
2023106434,フィレンツェファイア,ネオユニヴァース
2023103934,ファインニードル,ハーツクライ
2023101185,タワーオブロンドン,アドマイヤムーン
2023100517,キンシャサノキセキ,フレンチデピュティ
2023109051,キセキ,アドマイヤコジーン
2023101471,エポカドーロ,マイネルセレクト
2023100277,サートゥルナーリア,Dubawi
2022107074,ロジユニヴァース,ハービンジャー
2022101423,アルアイン,Storm Cat
2022105009,ヘニーヒューズ,ルーラーシップ
2022103544,ミッキーグローリー,ルーラーシップ
2022106396,ベストウォーリア,トーセンダンス
2022105049,ドゥラメンテ,Equal Stripes
2022105243,ハービンジャー,ディープインパクト
2022102365,ダンカーク,ゼンノロブロイ
2022106926,モーニン,スマートファルコン
2021103918,マルターズアポジー,ブライアンズタイムBrian'
2019105745,ロージズインメイ,ブラックタイド
2022103584,ミッキーグローリー,アイルハヴアナザーI'
2021106326,カレンブラックヒル,エンパイアメーカー
2020103240,ドゥラメンテ,Frankel
2021101068,ニューイヤーズデイ,ハービンジャー
2022104864,エピファネイア,ディープインパクト
2021103744,ブリックスアンドモルタル,スズカマンボ
2020103696,エピファネイア,ダイワメジャー
2022105318,ブリックスアンドモルタル,Le Havre
2021103486,ブリックスアンドモルタル,ブラックタイド
2021102351,シュヴァルグラン,スウェプトオーヴァーボード
2020103674,ロードカナロア,ファルブラヴ
2017105194,ディープインパクト,キングカメハメハ
2019104850,スピルバーグ,スウェプトオーヴァーボード
2018101348,トーセンジョーダン,サンデーサイレンス
2019100628,ディープインパクト,Kitten's Joy
2018103535,ディープインパクト,Shamardal
2020101813,ファインニードル,アルカセット
2019101782,モーリス,ファルブラヴ
2023106900,インディチャンプ,Azamour
2022105787,ルーラーシップ,ホワイトマズル
2022106172,ベストウォーリア,ジャスタウェイ
2022105685,ナダル,ディープインパクト
2020103046,ルーラーシップ,サンデーサイレンス
2021106419,ビッグアーサー,マーベラスサンデー
2021100886,リアルインパクト,キングカメハメハ
2022110137,Frosted,エスケンデレヤ
2021105429,ニューイヤーズデイ,ネオユニヴァース
2021105973,ドレフォン,ゴールドアリュール
2021105706,サトノアラジン,Tiz Wonderful
2021106983,ロードカナロア,Frankel
2021106923,サンダースノー,オルフェーヴル
2019102736,ビッグアーサー,マンハッタンカフェ
2020106687,イスラボニータ,クロフネ
2022105560,スワーヴリチャード,American Post
2022104876,スワーヴリチャード,フレンチデピュティ
2022104763,ラブリーデイ,クロフネ
2022106108,アメリカンペイトリオット,ヴィクトワールピサ
2022103309,グレーターロンドン,ストーミングホーム
2022109091,フィエールマン,ロードカナロア
2022107049,カレンブラックヒル,シンボリクリスエス
2022104495,エピファネイア,ハーツクライ
2022104867,スワーヴリチャード,Souvenir Copy
2022105499,ストロングリターン,サンデーサイレンス
2022105272,アルアイン,ローエングリン
2022105044,キズナ,Holy Roman Emperor
2022102542,スワーヴリチャード,The Leopard
2022102714,ホークビル,エスケンデレヤ
2022100657,ロードカナロア,Tapit
2022102298,リオンディーズ,ハーツクライ
2023106325,インディチャンプ,グラスワンダー
2023102486,ベンバトル,マンハッタンカフェ
2023107060,アドマイヤマーズ,クロフネ
2023100149,ミッキーアイル,Curlin
2023107288,サトノダイヤモンド,Not for Sale
2023105825,ロードカナロア,Sligo Bay
2023101120,ロードカナロア,Raven's Pass
2023107360,アドマイヤマーズ,ルーラーシップ
2023103483,サートゥルナーリア,ディープブリランテ
2023106896,キズナ,Dansili
2023103527,ブリックスアンドモルタル,ハービンジャー
2023105433,ダノンプレミアム,Dream Ahead
2023100348,ミスチヴィアスアレックス,ハーツクライ
2023100970,アルアイン,キングカメハメハ
2023106428,ルヴァンスレーヴ,ゴールドアリュール
2023110091,Goldencents,Intidab
2023104798,ベストウォーリア,ゴールドヘイロー
2023102699,ゴールドドリーム,ディープブリランテ
2023104852,パイロ,キンシャサノキセキ
2023106586,ダノンバラード,ゴールドアリュール
2023100198,サトノアラジン,ロックオブジブラルタル
2023104992,フォーウィールドライブ,オルフェーヴル
2023104074,アジアエクスプレス,ロードカナロア
2023102970,フォーウィールドライブ,エイシンフラッシュ
2023106270,ファインニードル,ダイワメジャー
2023101448,ミスターメロディ,カジノドライヴ
2023100770,レッドファルクス,フリオーソ
2023102653,ベストウォーリア,マツリダゴッホ
2022105541,American Pharoah,Midnight Lute
2022104181,ゴールドシップ,ストリートセンス
2022106995,サンダースノー,シンボリクリスエス
2022102137,パイロ,ゴールドアリュール
2022106096,タリスマニック,シンボリクリスエス
2022106348,サトノクラウン,ヨハネスブルグ
2022106986,マジェスティックウォリアー,ゼンノロブロイ
2022105117,サトノアラジン,Mr. Greeley
2022105082,モーリス,ダイワメジャー
2022104626,イスラボニータ,ドゥラメンテ
2022102016,サングレーザー,オンファイア
2022106846,シルバーステート,スクリーンヒーロー
2022102671,ロードカナロア,オレハマッテルゼ
2022104662,サトノダイヤモンド,ルーラーシップ
2022106853,ミスターメロディ,メイショウサムソン
2020103132,ドゥラメンテ,Orpen
2020105203,スクリーンヒーロー,マイネルラヴ
2021104854,レイデオロ,Unusual Heat
2021106369,グレーターロンドン,Henrythenavigator
2020105494,エイシンヒカリ,ストリートセンス
2021101387,サトノダイヤモンド,Galileo
2022106942,アジアエクスプレス,アグネスタキオン
2022103941,ホッコータルマエ,ストロングリターン
2022103614,ナダル,ステイゴールド
2022106925,Justify,Afleet Alex
2022102039,ヘニーヒューズ,キングヘイロー
2022104888,ゴールドドリーム,Spanish Steps
2022104832,リアルスティール,キングカメハメハ
2022100255,アドマイヤマーズ,ホワイトマズル
2022104643,ニューイヤーズデイ,ステイゴールド
2022100653,ミッキーアイル,ロードカナロア
2022104928,ルヴァンスレーヴ,ワイルドラッシュ
2022105775,ルヴァンスレーヴ,フジキセキ
2022110140,Into Mischief,Candy Ride
2022110108,Twirling Candy,Bernstein
2020101378,ヴィクトワールピサ,スタチューオブリバティ
2021102709,ダノンレジェンド,フジキセキ
2022102937,フォーウィールドライブ,ヘクタープロテクター
2022101544,ドレフォン,サムライハート
2022101904,ビッグアーサー,チチカステナンゴ
2022100419,ノーブルミッション,カリズマティック
2022102019,オーヴァルエース,ダンスインザダーク
2022101042,アメリカンペイトリオット,キンシャサノキセキ
2022104200,ラブリーデイ,サウスヴィグラス
2022106427,アポロケンタッキー,メイショウボーラー
2021104618,タリスマニック,スパイキュール
2022105035,ドレフォン,モーリス
2022105197,ルヴァンスレーヴ,クロフネ
2022102058,オルフェーヴル,ファルブラヴ
2021105904,ドレフォン,キングカメハメハ
2022109052,ダノンレジェンド,ハービンジャー
2022103986,デクラレーションオブウォー,アグネスタキオン
2022104177,リオンディーズ,A.P. Indy
2021103525,ミッキーグローリー,タイキシャトル
2021100597,シュヴァルグラン,チチカステナンゴ
2022105984,アドマイヤマーズ,メジロベイリー
2022105118,キタサンブラック,Danehill Dancer
2021106561,リオンディーズ,シンボリクリスエス
2022104898,ブリックスアンドモルタル,キングカメハメハ
2022105257,エピファネイア,Alphabet Soup
2020103727,エピファネイア,ダイワメジャー
2022100678,モズアスコット,マツリダゴッホ
2021110001,Kingman,Bated Breath
2020110082,Air Force Blue,Medaglia d'Oro
2023105308,ミッキーアイル,Congrats
2023100953,モーリス,Pioneerof the Nile
2023107055,エピファネイア,Cross Traffic
2023103506,ジャスタウェイ,Alhaarth
2022104675,モーリス,アグネスタキオン
2022107235,サトノクラウン,キングカメハメハ
2022106966,モーニン,マーベラスサンデー
2023106859,キズナ,Sebring
2023100307,ルヴァンスレーヴ,アドマイヤムーン
2023105450,シルバーステート,ダイワメジャー
2023106658,ミッキーアイル,シンボリクリスエス
2023103489,ビーチパトロール,ルーラーシップ
2023106486,ポエティックフレア,ステイゴールド
2023104787,キタサンブラック,Cosmic
2023100795,クラウンレガーロ,スニッツェル
2023106477,ベンバトル,マンハッタンカフェ
2023107262,Tapit,Midnight Lute
2023100974,ダノンスマッシュ,ハーツクライ
2023107279,アルアイン,Dubawi
2023105362,No Nay Never,War Front
2023104425,アルアイン,バゴ
2023103584,エピファネイア,Bellamy Road
2023104033,ディスクリートキャット,マンハッタンカフェ
2023103569,エイシンフラッシュ,American Pharoah
2023101689,タリスマニック,マーベラスサンデー
2023104150,モズアスコット,ファスリエフ
2023106174,アメリカンペイトリオット,Tapit
2023104309,シャンハイボビー,キングヘイロー
2023101271,シスキン,リーチザクラウン
2023104261,アルアイン,キングカメハメハ
2023103692,クリソベリル,ディープインパクト
2022101192,サートゥルナーリア,Offlee Wild
2022104818,サートゥルナーリア,Medicean
2021105035,トーセンラー,Pleasantly Perfect
2022105047,スワーヴリチャード,Kingmambo
2022104622,エピファネイア,ハーツクライ
2021105486,リアルスティール,Alamosa
2021106554,マジェスティックウォリアー,エンパイアメーカー
2020104346,バゴ,Milt's Overture
2021102953,ドレフォン,ヨハネスブルグ
2021104745,シュヴァルグラン,キングカメハメハ
2018104775,ディープブリランテ,ファルブラヴ
2019104169,アジアエクスプレス,ハーツクライ
2019107016,ドレフォン,サンデーサイレンス
2020107082,Speightstown,Kitten's Joy
2021103912,トランセンド,ロックオブジブラルタル
2022105979,アジアエクスプレス,メジロライアン
2022105776,リーチザクラウン,Kitten's Joy
2021104786,スワーヴリチャード,シンボリクリスエス
2020103007,リアルスティール,グラスワンダー
2022103059,ヘニーヒューズ,ディープインパクト
2019101661,ディープブリランテ,キングカメハメハ
2017103267,アイルハヴアナザーI',ゴールドアリュール
2020101134,ルーラーシップ,ゴールドアリュール
2019104899,キズナ,Dr Fong
2019103152,キズナ,ボストンハーバー
2019100794,スクリーンヒーロー,ロージズインメイ
2020103875,エイシンフラッシュ,マツリダゴッホ
2017100360,ハーツクライ,Giant's Causeway
2016102442,ダイワメジャー,ダンシングブレーヴ
2015110032,Stormy Atlantic,Dixieland Band
2022110018,Vino Rosso,Touch Gold
2022101637,アメリカンペイトリオット,ストーミングホーム
2022107023,サートゥルナーリア,ディープインパクト
2022104695,ハービンジャー,ゼンノロブロイ
2020104291,シャンハイボビー,ブライアンズタイムBrian'
2021102774,ディスクリートキャット,タニノギムレット
2021100573,オルフェーヴル,Charm Spirit
2022103738,サートゥルナーリア,Galileo
2022101206,ゴールドシップ,アドマイヤコジーン
2022103025,ディーマジェスティ,ロックオブジブラルタル
2022102392,ダイワメジャー,Selkirk
2021100361,オルフェーヴル,アグネスタキオン
2019103507,エスポワールシチー,アルカセット
2022105955,ハービンジャー,ステイゴールド
2017106236,ゴールドシップ,フレンチデピュティ
2019104116,コパノリッキー,クロフネ
2019102676,ワールドエース,Fusaichi Pegasus
2020100656,サトノアラジン,フレンチデピュティ
2022103259,ロジャーバローズ,フレンチデピュティ
2022102336,コパノリッキー,ジャングルポケット
2022104044,レイデオロ,タイキシャトル
2022104386,シニスターミニスター,クロフネ
2023105327,アドマイヤマーズ,Australia
2023106148,コントレイル,ステイゴールド
2023106839,ロードカナロア,ハーツクライ
2023107154,アルアイン,キングカメハメハ
2023106376,ハービンジャー,キズナ
2023103715,キズナ,シンボリクリスエス
2023107296,ロードカナロア,Creative Cause
2023101798,サトノジェネシス,ティンバーカントリー
2023103560,ブラックタイド,Frankel
2023106603,ウインブライト,ブラックホーク
2023102911,シュヴァルグラン,アフリート
2022103852,ディーマジェスティ,ストリートセンス
2022103578,ダノンバラード,エンパイアメーカー
2022104690,American Pharoah,Frankel
2022100115,オーヴァルエース,シンボリクリスエス
2022103719,モーリス,エンパイアメーカー
2022101639,ヘニーヒューズ,パイロ
2022104522,シュヴァルグラン,サッカーボーイ
2022102813,ニューイヤーズデイ,アグネスデジタル
2019104385,ジャスタウェイ,Lizard Island
2019102238,フリオーソ,スペシャルウィーク
2020100484,コパノリッキー,コロナドズクエストCoronado'
2019103529,マジェスティックウォリアー,フジキセキ
2020102751,ドレフォン,ハーツクライ
2019103605,ドレフォン,コロナドズクエストCoronado'
2020110062,War Front,Galileo
2021101703,パイロ,ディープスカイ
2018103105,ロードカナロア,サクラバクシンオー
2019105400,ドゥラメンテ,Proud Citizen
2022104615,ブラックタイド,キングカメハメハ
2021106563,シュヴァルグラン,クロフネ
2018105462,ディープインパクト,Galileo
2016102767,ドリームジャーニー,メイショウオウドウ
2020106475,ゴールドシップ,アグネスデジタル
2022102399,アドマイヤマーズ,Freud
2021104874,ドレフォン,ワークフォース
2020101956,マクフィ,ヨハネスブルグ
2022100547,フォーウィールドライブ,タヤスツヨシ
2022101636,ニューイヤーズデイ,パイロ
2021102347,ダノンシャーク,フレンチデピュティ
2021103010,コパノリッキー,オウケンブルースリ
2021101120,ダイワメジャー,サウスヴィグラス
2022104773,モーリス,ハービンジャー
2021105763,アルアイン,ナリタトップロード
2022103063,ハービンジャー,ハーツクライ
2022107351,サンダースノー,Giant's Causeway
2022104980,ドゥラメンテ,Dylan Thomas
2022104853,ロードカナロア,ディープインパクト
2022103120,ビッグアーサー,オペラハウス
2022106575,リオンディーズ,ゼンノロブロイ
2022106701,マクフィ,ディープインパクト
2022104805,ルーラーシップ,ゼンノロブロイ
2022105520,エピファネイア,Sir Prancealot
2022103788,レイデオロ,ローエングリン
2022105797,アドマイヤマーズ,Smart Strike
2022104134,ブリックスアンドモルタル,ゼンノロブロイ
2022100807,ビッグアーサー,ハーツクライ
2022105135,ブリックスアンドモルタル,ハーツクライ
2022104875,モーリス,キングカメハメハ
2022100960,フィエールマン,サクラバクシンオー
2022105001,レイデオロ,フジキセキ
2022103559,ノヴェリスト,ジャングルポケット
2022100053,ブラックタイド,チチカステナンゴ
2023104842,レイデオロ,エンパイアメーカー
2023107051,キズナ,ディスクリートキャット
2023100021,ダノンプレミアム,Duke of Marmalade
2023105432,ヤマカツエース,ワールドエース
2023103802,ロードカナロア,ゴールドアリュール
2023105179,マインドユアビスケッツ,ロードカナロア
2023106604,ファインニードル,メイショウボーラー
2023105797,ダノンプレミアム,Holy Roman Emperor
2023106591,ヴァンゴッホ,ブラックタイド
2023105547,リアルインパクト,ゼンノロブロイ
2022101984,サンダースノー,Tiznow
2022105196,ロードカナロア,ファルブラヴ
2022104402,サトノアラジン,アドマイヤムーン
2021105580,リアルスティール,ディスクリートキャット
2022105030,サトノアラジン,Elusive City
2022106691,ドレフォン,Candy Ride
2022100621,リオンディーズ,ダイワメジャー
2022102446,モーニン,ハービンジャー
2020103574,リアルインパクト,Mr. Greeley
2021102933,イスラボニータ,Motivator
2022106631,シニスターミニスター,マンハッタンカフェ
2020101567,ロードカナロア,Star Dabbler
2022104862,モズアスコット,ダイワメジャー
2021106673,ドレフォン,フジキセキ
2021110161,Kantharos,Lemon Drop Kid
2020106101,ドレフォン,スパイキュール
2021106939,マツリダゴッホ,キングヘイロー
2019109138,ケイムホーム,クロフネ
2021105974,ロードカナロア,Tapit
2020102861,ハービンジャー,ディープインパクト
2021104200,ロジャーバローズ,Frankel
2021105591,エピファネイア,ゼンノロブロイ
2022105807,ブリックスアンドモルタル,ディープインパクト
2019105526,ジャスタウェイ,アドマイヤムーン
2021105485,ミッキーアイル,サクラバクシンオー
2021100879,ハクサンムーン,デュランダル
2021110021,Invincible Spirit,Dubawi
2022104588,モーリス,Galileo
2020104753,デクラレーションオブウォー,フジキセキ
2020103634,カレンブラックヒル,Blame
2022105232,ドゥラメンテ,Northern Afleet
2019105746,ロージズインメイ,ゴールドアリュール
2021103717,ロードカナロア,マンハッタンカフェ
2020101275,アイファーソング,ハーツクライ
2019105604,アジアエクスプレス,サンデーサイレンス
2020105545,コパノリッキー,キングカメハメハ
2022104815,シスキン,キングカメハメハ
2022102920,モーリス,Medaglia d'Oro
2022104750,サートゥルナーリア,ディープインパクト
2022104844,ドゥラメンテ,Galileo
2020103540,エピファネイア,アグネスタキオン
2019105187,ハービンジャー,ハーツクライ
2021103689,タニノギムレット,オペラハウス
2022106304,マインドユアビスケッツ,ネオユニヴァース
2022105174,ミスターメロディ,ゼンノロブロイ
2022105728,フォーウィールドライブ,シンボリクリスエス
2022103273,イスラボニータ,フレンチデピュティ
2022105842,ニューイヤーズデイ,ワイルドラッシュ
2022104652,Wootton Bassett,No Nay Never
2022101758,リオンディーズ,クロフネ
2022103964,アメリカンペイトリオット,シニスターミニスター
2022103339,アメリカンペイトリオット,マンハッタンカフェ
2023106426,ダノンバラード,New Approach
2023104576,シルバーステート,シンボリクリスエス
2023100067,イスラボニータ,Galileo
2023102731,ショウナンバッハ,キンシャサノキセキ
2023105778,タリスマニック,ディープインパクト
2023100872,サトノジェネシス,スクリーンヒーロー
2023105444,ロジャーバローズ,ルーラーシップ
2023107035,アルアイン,Lope de Vega
2023104563,ゴールドシップ,アフリート
2023106452,ゴールドシップ,Giacomo
2023105345,リオンディーズ,ダイワメジャー
2023104373,キズナ,ノヴェリスト
2023103437,コントレイル,Lope de Vega
2023105447,オルフェーヴル,シンボリクリスエス
2023101443,リオンディーズ,ハーツクライ
2023107372,St Mark's Basilica,Cape Cross
2023106493,ヴァンセンヌ,アイルハヴアナザーI'
2023103942,インディチャンプ,クロフネ
2023107078,キズナ,チチカステナンゴ
2023101675,ミスターメロディ,サクラバクシンオー
2023100583,ダノンキングリー,クロフネ
2023102715,ロゴタイプ,ダイワメジャー
2023100121,フィレンツェファイア,ヴィクトワールピサ
2022105738,マインドユアビスケッツ,サンデーサイレンス
2022104699,リアルインパクト,クロフネ
2022106654,トランセンド,キングカメハメハ
2021105255,ロードカナロア,マンハッタンカフェ
2020103486,ドゥラメンテ,Tapit
2020103373,ディープインパクト,Ghostzapper
2021105837,ロードカナロア,ディープインパクト
2020103517,レッドファルクス,Grand Slam
2020110081,Lea,Tapit
2021103559,ロジャーバローズ,Red Ransom
2020105198,エイシンヒカリ,Pulpit
2020110133,Bolt d'Oro,Giant's Causeway
2020103428,ディープインパクト,エンドスウィープ
2018105454,ディープインパクト,Closing Argument
2020102853,イスラボニータ,Pleasantly Perfect
2021104830,リアルインパクト,Songandaprayer
2021100494,モーリス,ハーツクライ
2021101382,ブリックスアンドモルタル,シンボリクリスエス
2023103604,ポエティックフレア,ステイゴールド
2023107265,サートゥルナーリア,ハーツクライ
2023107020,ドレフォン,ハービンジャー
2023100724,グレーターロンドン,ジャングルポケット
2020103710,リアルスティール,Diesis
2021104382,ファインニードル,Soave
2020106654,ハービンジャー,サンデーサイレンス
2023103701,ルヴァンスレーヴ,ダイワメジャー
2023102674,サトノダイヤモンド,ストリートセンス
2023105224,ルヴァンスレーヴ,ディープブリランテ
2023106258,アジアエクスプレス,リーチザクラウン
2022107387,サンダースノー,パイロ
2022103952,オルフェーヴル,ファルブラヴ
2023104523,モーリス,ダイワメジャー
2023103629,ダノンスマッシュ,ゼンノロブロイ
2023103557,モーリス,ディープインパクト
2023101566,ミスターメロディ,サクラプレジデント
2023105751,ベストウォーリア,サマーバード
2023104540,イスラボニータ,Tale of the Cat
2023100895,シュヴァルグラン,サクラバクシンオー
2023106986,エピファネイア,ディープインパクト
2023100776,アルアイン,キングカメハメハ
2023110022,Volatile,Uncle Mo
2023105596,タワーオブロンドン,ジャスタウェイ
2023106162,パドトロワ,ナカヤマフェスタ
2023102581,ダノンスマッシュ,High Yield
2023104795,ヘンリーバローズ,ネオユニヴァース
2023103967,ストロングリターン,キングヘイロー
2022105735,キズナ,キングカメハメハ
2022103896,サートゥルナーリア,ハーツクライ
2022104519,ウインブライト,ブラックタイド
2022104595,サトノダイヤモンド,Danehill Dancer
2022101747,レイデオロ,Darshaan
2022105762,ナダル,ロードカナロア
2022101370,アドマイヤムーン,キングカメハメハ
2022105474,イスラボニータ,Zensational
2021105432,リアルインパクト,ロードカナロア
2022101573,レイデオロ,Multiplex
2022105985,デクラレーションオブウォー,ダイワメジャー
2022110130,Exceedance,Lonhro
2022104663,ラブリーデイ,ディープインパクト
2021106102,バゴ,ティンバーカントリー
2022105202,キタサンブラック,Ready's Image
2021105883,エピファネイア,アグネスタキオン
2022104736,ブリックスアンドモルタル,ゼンノロブロイ
2020100976,ジャスタウェイ,アドマイヤムーン
2020103562,ハーツクライ,Monsun
2020103713,ミッキーロケット,ディープインパクト
2020101152,グレーターロンドン,メジロマックイーン
2021102800,ゴールドシップ,アグネスデジタル
2021104971,キズナ,ルーラーシップ
2018103507,アイルハヴアナザーI',Cozzene
2019105370,ハービンジャー,シンボリクリスエス
2022100918,アジアエクスプレス,ゼンノロブロイ
2021102049,ミッキーロケット,シンボリクリスエス
2022106398,デクラレーションオブウォー,ゼンノロブロイ
2020100551,ザサンデーフサイチ,エンパイアメーカー
2020102599,ダイワメジャー,Closing Argument
2021104068,シャンハイボビー,アグネスタキオン
2017102809,ヴィクトワールピサ,サクラバクシンオー
2019102793,ルーラーシップ,ネオユニヴァース
2022100949,ナダル,マンハッタンカフェ
2022104795,Saxon Warrior,True Cause
2022104667,バゴ,ヴィクトワールピサ
2023107107,キタサンブラック,Oratorio
2023107121,キズナ,ルーラーシップ
2023107226,エピファネイア,Holy Roman Emperor
2023105779,ロジャーバローズ,Hansen
2023104679,サトノダイヤモンド,Awesome Again
2023103533,ダノンキングリー,クロフネ
2023107440,リアルスティール,スクリーンヒーロー
2023100313,リオンディーズ,ゼンノロブロイ
2023107446,クリソベリル,Fastnet Rock
2023102155,ディープブリランテ,タニノギムレット
2023110072,Uncle Mo,Unbridled's Song
2023103793,クリソベリル,オナーコード
2023100647,モズアスコット,マジェスティックウォリアー
2023100332,カリフォルニアクローム,ダンスインザダーク
2023100559,パイロ,ネオユニヴァース
2023110034,Omaha Beach,Unbridled's Song
2023101570,シャンハイボビー,ゴールドアリュール
2023102160,アニマルキングダム,エンパイアメーカー
2023105062,ホッコータルマエ,ゴールドアリュール
2023104963,パイロ,アドマイヤムーン
2023100940,ポエティックフレア,ゼンノロブロイ
2023106169,カリフォルニアクローム,ブラックタイド
2023104529,カリフォルニアクローム,ネオユニヴァース
2022105535,マインドユアビスケッツ,オルフェーヴル
2022101763,ゴールドドリーム,ヘニーヒューズ
2021105670,No Nay Never,Galileo
2022104988,モーリス,ディープインパクト
2022106618,キズナ,Dansili
2022104925,キタサンブラック,Intikhab
2022104907,レイデオロ,Street Cry
2022104376,ラブリーデイ,エイシンフラッシュ
2022102117,モーニン,ベーカバド
2022106186,レイデオロ,ハーツクライ
2019102705,シニスターミニスター,ゴールドアリュール
2020109107,デクラレーションオブウォー,ディープインパクト
2022104685,ドゥラメンテ,Noverre
2018104475,ディープインパクト,Bellamy Road
2020103242,ロードカナロア,ディープインパクト
2020103101,ハーツクライ,Sri Pekan
2021105236,ブリックスアンドモルタル,キングカメハメハ
2019105195,ハーツクライ,Tizway
2020103439,ハーツクライ,Dalakhani
2021105414,キズナ,Harlington
2021100144,ロードカナロア,Sea The StarsSea the Stars
2023103678,エピファネイア,キングカメハメハ
2023104015,ロジユニヴァース,ハーツクライ
2023106474,ダノンバラード,アドマイヤコジーン
2023104387,コントレイル,Successful Appeal
2023106687,タリスマニック,ブラックタイド
2023101083,ハービンジャー,ディープインパクト
2023106446,ベンバトル,スクリーンヒーロー
2023104157,ホッコータルマエ,ハーツクライ
2023104285,ホッコータルマエ,スペシャルウィーク
2023104706,リーチザクラウン,スマートファルコン
2023104168,サトノジェネシス,ウインクリューガー
2023104316,ビーチパトロール,エンパイアメーカー
2023101231,パイロ,ヘニーヒューズ
2023104173,カレンブラックヒル,ディープインパクト
2023109173,ネロ,オルフェーヴル
2023107384,ミスターメロディ,ディープインパクト
2023107497,シスキン,ゴールドシップ
2023100421,サトノクラウン,ダイワメジャー
2023103928,アメリカンペイトリオット,ベーカバド
2023101094,ロジャーバローズ,エピファネイア
2023104956,アメリカンペイトリオット,パイロ
2021105451,ルーラーシップ,クロフネ
2022101416,シャンハイボビー,ネオユニヴァース
2022102768,ダノンレジェンド,マンハッタンカフェ
2023106312,ミスチヴィアスアレックス,ハービンジャー
2023100803,ナダル,New Approach
2023106232,アニマルキングダム,ゼンノロブロイ
2023106259,セイウンコウセイ,クロフネ
2023100924,マテラスカイ,キングカメハメハ
2023106556,フォーウィールドライブ,ブライアンズタイムBrian'
2023101251,セイウンコウセイ,ハービンジャー
2023102227,クリソベリル,ディープインパクト
2023104048,マインドユアビスケッツ,ゴールドアリュール
2023101965,タワーオブロンドン,オルフェーヴル
2023102971,ジャスタウェイ,シンボリクリスエス
2023100215,モズアスコット,Storm Cat
2023102570,マジェスティックウォリアー,エスポワールシチー
2022110121,Cloud Computing,Medaglia d'Oro
2022102037,オルフェーヴル,スマートファルコン
2021107279,Omaha Beach,Smart Strike
2021110007,Catholic Boy,Tapit
2021110115,Frankel,Docksider
2022104723,ルーラーシップ,サムライハート
2022107149,エイシンフラッシュ,リンカーン
2021104148,キズナ,キングカメハメハ
2022105062,リオンディーズ,フレンチデピュティ
2022109125,エスケンデレヤ,オレハマッテルゼ
2022103307,ディスクリートキャット,ゴールドアリュール
2021101432,アニマルキングダム,ゴールドアリュール
2022103271,ゴールドシップ,Blame
2022101651,アメリカンペイトリオット,アルカセット
2021104394,ブリックスアンドモルタル,Distorted Humor
2020100665,モーリス,ダンスインザダーク
2021105880,ロードカナロア,ディープインパクト
2021105242,ロゴタイプ,スクリーンヒーロー
2018102091,ドゥラメンテ,アドマイヤドン
2020104616,ネロ,アンライバルド
2023102333,バゴ,ステイゴールド
2023106649,ルーラーシップ,ブラックタイド
2023106464,ベンバトル,マツリダゴッホ
2023102096,マクフィ,Tobougg
2023100156,ガルボ,スーパーホーネット
2023104044,シルバーステート,Bertolini
2023107535,Beau Liam,Frosted
2023110089,Modernist,Pioneerof the Nile
2021101651,リアルインパクト,Street Cry
2021103737,ドレフォン,Medaglia d'Oro
2023104991,ビッグアーサー,ダイワメジャー
2023101865,ロードカナロア,マンハッタンカフェ
2023104980,ミスチヴィアスアレックス,オペラハウス
2023104341,サトノアラジン,スウェプトオーヴァーボード
2023105333,ミッキーアイル,キンシャサノキセキ
2023106706,ダノンスマッシュ,アグネスタキオン
2023104826,ロジャーバローズ,アドマイヤコジーン
2023102394,カリフォルニアクローム,ダイワメジャー
2023100325,ダノンスマッシュ,クロフネ
2023102548,ジャスタウェイ,エンパイアメーカー
2023106729,フィエールマン,Kingman
2023104466,レッドファルクス,Redoute's Choice
2023102737,ダノンバラード,ダンカーク
2023105134,サンダースノー,アドマイヤムーン
2023104161,サトノジェネシス,スズカマンボ
2023106454,サトノダイヤモンド,スクリーンヒーロー
2021106054,マジェスティックウォリアー,フジキセキ
2022102624,エイシンヒカリ,ファルブラヴ
2022104176,リオンディーズ,クロフネ
2022103741,ヘニーヒューズ,マンハッタンカフェ
2022104879,ワールドエース,Giant's Causeway
2022101062,Tiz the Law,Union Rags
2022105628,フィエールマン,シンボリクリスエス
2022107106,レッドベルジュール,ルーラーシップ
2021105729,ドゥラメンテ,Vale of York
2021103490,ブリックスアンドモルタル,デュランダル
2021102498,マジェスティックウォリアー,ダイワメジャー
2021101201,サトノアラジン,フレンチデピュティ
2022102956,バゴ,ドリームジャーニー
2022104311,ホッコータルマエ,ハーツクライ
2022105488,ブリックスアンドモルタル,シンボリクリスエス
2021106628,ルーラーシップ,ジャングルポケット
2022106354,モズアスコット,ディープインパクト
2022103416,アメリカンペイトリオット,ディープインパクト
2020103636,ドゥラメンテ,Not for Sale
2022100226,ディスクリートキャット,ゴールドアリュール
2021105581,ハーツクライ,Tale of the Cat
2021105801,ドゥラメンテ,Pulpit
2022100136,エピファネイア,サクラバクシンオー
2022100466,キタサンブラック,Elusive Quality
2022105347,リアルインパクト,Elusive City
2023101004,ハクサンムーン,クロフネ
2023105672,ドレフォン,ハーツクライ
2023109129,ネロ,アドマイヤムーン
2023100372,ダノンスマッシュ,ゼンノロブロイ
2023107442,タワーオブロンドン,ダンスインザダーク
2023109063,ノーブルミッション,パイロ
2023105427,フォーウィールドライブ,ダンスインザダーク
2023105514,モーニン,エイシンデピュティ
2023104810,マテラスカイ,タニノギムレット
2023104239,モーニン,ディープインパクト
2023105310,ゴールドドリーム,トワイニング
2023105402,ダイワメジャー,Pure Prize
2023104875,シャンハイボビー,キズナ
2023106411,ダノンバラード,ロージズインメイ
2023106286,ポエティックフレア,スペシャルウィーク
2023101948,シュヴァルグラン,キングカメハメハ
2023103118,ディーマジェスティ,マンハッタンカフェ
2022100065,ロジャーバローズ,バトルプラン
2020101086,キズナ,アドマイヤムーン
2021104140,デクラレーションオブウォー,Tapit
2022105585,ナダル,City Zip
2022106663,ラニ,Distorted Humor
2022104740,アドマイヤマーズ,Medaglia d'Oro
2020100838,カレンブラックヒル,コマンダーインチーフ
2020101635,ハーツクライ,サクラバクシンオー
2021103901,レッドファルクス,ハービンジャー
2022105094,サートゥルナーリア,Dubawi
2022101396,フォーウィールドライブ,タニノギムレット
2022103750,キンシャサノキセキ,High Yield
2022106915,サートゥルナーリア,Dark Angel
2021106401,タツゴウゲキ,フジキセキ
2020100652,ホッコータルマエ,アグネスタキオン
2020100472,デクラレーションオブウォー,ダイワメジャー
2022104944,ナダル,ロードカナロア
2021102273,ヴィクトワールピサ,Invincible Spirit
2022100161,ドゥラメンテ,Bellamy Road
2021106164,ヘニーヒューズ,キングヘイロー
2020103318,ダンカーク,キングカメハメハ
2021105574,レイデオロ,ウォーエンブレム
2021106738,キズナ,Mizzen Mast
2021106548,ヤマカツエース,ハーツクライ
2018102178,グラスワンダー,ステイゴールド
2020103049,イスラボニータ,ステイゴールド
2021102231,デクラレーションオブウォー,ディープインパクト
2020103456,ロードカナロア,Soldier Hollow
2020103193,サトノダイヤモンド,キングカメハメハ
2019104080,キングカメハメハ,Storm Cat
2022107182,ロードカナロア,Invincible Spirit
2021105175,スワーヴリチャード,キングズベストKing'
2023106734,シルバーステート,Giant's Causeway
2023107077,ナダル,シンボリクリスエス
2023107306,クリソベリル,Ghostzapper
2023104553,レイデオロ,Kitten's Joy
2023105068,トランセンド,オレハマッテルゼ
2023100091,キセキ,クロフネ
2023101927,クリソベリル,ハービンジャー
2023104960,ダノンプレミアム,グラスワンダー
2023105516,モズアスコット,Tapit
2023102357,ブリックスアンドモルタル,ブラックタイド
2023101792,マクフィ,ハーツクライ
2023101268,インディチャンプ,ディープブリランテ
2023105708,カレンブラックヒル,サウスヴィグラス
2023104700,ゴールドドリーム,キングカメハメハ
2023106547,ヴァンゴッホ,エンパイアメーカー
2023105455,シルバーステート,モーリス
2023102579,モーリス,ダイワメジャー
2023105995,エイシンフラッシュ,ヴィクトワールピサ
2023106061,クリソベリル,ロードカナロア
2022105250,ブリックスアンドモルタル,ロックオブジブラルタル
2021105162,ラブリーデイ,ディープインパクト
2022101048,オルフェーヴル,キングカメハメハ
2022104977,キタサンブラック,Monsun
2022105107,サトノダイヤモンド,Storm Cat
2023105011,ダノンキングリー,New Approach
2023107049,ルーラーシップ,ブラックタイド
2023100639,リオンディーズ,Bluegrass Cat
2023102403,ミッキーグローリー,タイキシャトル
2023102434,イスラボニータ,コンデュイット
2023101627,エポカドーロ,ネオユニヴァース
2023103657,フィエールマン,スウェプトオーヴァーボード
2023100928,キセキ,クロフネ
2023106618,キタサンブラック,Luhuk
2023106574,タワーオブロンドン,ワールドエース
2023100171,サンダースノー,Bertolini
2023100600,キタサンブラック,Ghostzapper
2023106756,シュヴァルグラン,アグネスデジタル
2023101605,アジアエクスプレス,ダンスインザダーク
2022105774,ナダル,ティンバーカントリー
2022102701,タワーオブロンドン,Flying Spur
2021100708,シュヴァルグラン,Tapit
2022107300,ファインニードル,クロフネ
2020104437,ヴィクトワールピサ,スウェプトオーヴァーボード
2022105868,イスラボニータ,オルフェーヴル
2022110125,Gun Runner,エンパイアメーカー
2022105322,サートゥルナーリア,ディープインパクト
2022102228,コパノリッキー,Afternoon Deelites
2022102347,シャンハイボビー,バチアー
2021102969,ハービンジャー,ハーツクライ
2022106132,コパノリッキー,ロジユニヴァース
2022104692,モーリス,ディープインパクト
2021103227,ルーラーシップ,ディープインパクト
2022105334,ミッキーアイル,Smart Strike
2022104990,リアルスティール,Orpen
2021106200,ジャスタウェイ,ロージズインメイ
2022106218,リオンディーズ,ステイゴールド
2020104878,レッドファルクス,エイシンフラッシュ
2020103560,ハービンジャー,アグネスタキオン
2021105626,ドゥラメンテ,Include
2020106015,マジェスティックウォリアー,ディープインパクト
2022110001,Into Mischief,マジェスティックウォリアー
2021110063,War Front,Rahy
2021104945,レッドファルクス,シンボリクリスエス
2021110081,Zoustar,Kheleyf
2022100329,タワーオブロンドン,ステイゴールド
2022107284,パイロ,クロフネ
2022103363,ディーマジェスティ,ロードアルティマ
2022101727,ミッキーアイル,キングカメハメハ
2022105565,マインドユアビスケッツ,ダイワメジャー
2022103183,パイロ,アグネスタキオン
2022101188,リアルスティール,チチカステナンゴ
2022103186,ダノンバラード,アグネスデジタル
2022106914,ルヴァンスレーヴ,キングカメハメハ
2022103871,ディーマジェスティ,アグネスデジタル
2022101156,コパノリッキー,シンボリクリスエス
2022104378,ミッキーグローリー,キングカメハメハ
2022100866,ホッコータルマエ,マンハッタンカフェ
2022106337,モーニン,ディープスカイ
2022107016,ブリックスアンドモルタル,Tiznow
2022105799,アルアイン,My Golden Song
2022100482,マジェスティックウォリアー,ルーラーシップ
2022100093,ドレフォン,ダイワメジャー
2022100037,ゴールドドリーム,ワールドエース
2022105767,カリフォルニアクローム,クロフネ
2022104347,リーチザクラウン,アグネスデジタル
2022104278,ラブリーデイ,シンボリクリスエス
2022102207,フィエールマン,エイシンフラッシュ
2022100553,ミッキーロケット,アグネスデジタル
2022104893,エピファネイア,ディープインパクト
2022105411,ロゴタイプ,ディープインパクト
2022106843,ゴールドアクター,キングカメハメハ
2022103766,シニスターミニスター,Medaglia d'Oro
2022106718,サンダースノー,Oratorio
2022102202,ダノンレジェンド,エイシンフラッシュ
2022106553,ヘニーヒューズ,スペシャルウィーク
2022107272,ヘニーヒューズ,ダノンシャンティ
2022103538,ゴールドドリーム,New Approach
2022110117,Tom's d'Etat,Overanalyze
2022101060,フォーウィールドライブ,ゼンノロブロイ
2021103440,ドゥラメンテ,デヒア
2020102876,ジャスタウェイ,ネオユニヴァース
2021100897,ベストウォーリア,スターリングローズ
2021106308,キズナ,Malibu Moon
2020102962,ジャスタウェイ,バゴ
2021103044,カリフォルニアクローム,ボストンハーバー
2021105454,リオンディーズ,ディープインパクト
2021105155,ゴールドシップ,Kendargent
2020103803,エピファネイア,ゼンノロブロイ
2020104285,ビッグアーサー,コマンダーインチーフ
2020101261,リアルインパクト,サクラバクシンオー
2021105537,リアルスティール,Singspiel
2021106658,シニスターミニスター,ゴールドアリュール
2020102843,マインドユアビスケッツ,ゴールドアリュール
2019101759,ラニ,ワイルドラッシュ
2020106408,ディーマジェスティ,ヨハネスブルグ
2021100170,ロードカナロア,マンハッタンカフェ
2021106587,エピファネイア,ファスリエフ
2021106637,パイロ,ゴールドアリュール
2019106701,フリオーソ,ファスリエフ
2020104893,アメリカンペイトリオット,マイネルラヴ
2020102814,ルーラーシップ,エンパイアメーカー
2019110120,Quality Road,Unbridled's Song
2020103985,シニスターミニスター,フレンチデピュティ
2020110034,Hard Spun,Pioneerof the Nile
2022104720,ドゥラメンテ,ハーツクライ
2022105466,キズナ,Lord of England
2022106611,キタサンブラック,チチカステナンゴ
2022104596,エピファネイア,ネオユニヴァース
2022107042,ロジャーバローズ,キングカメハメハ
2021105356,ブラックタイド,Malibu Moon
2020104107,ヘニーヒューズ,キングヘイロー
2021101468,シニスターミニスター,アグネスデジタル
2020100061,ダノンレジェンド,Singspiel
2019102341,コパノリッキー,サクラローレル
2018106610,モンテロッソ,アグネスタキオン
2021103812,ダノンレジェンド,フォティテン
2021101084,マインドユアビスケッツ,ゴールドアリュール
2018101662,ロージズインメイ,ネオユニヴァース
2021104464,マクフィ,ブラックタイド
2021100677,シニスターミニスター,ロードカナロア
2019103027,Fort Larned,Distorted Humor
2022106767,ルヴァンスレーヴ,カジノドライヴ
2022103847,ダノンレジェンド,High Chaparral
2022106013,ポアゾンブラック,ゴールドアリュール
2022100047,カリフォルニアクローム,クロフネ
2022105642,アジアエクスプレス,ハービンジャー
2022104770,アドマイヤマーズ,クロフネ
2022106349,ラブリーデイ,ゼンノロブロイ
2022102378,ドレフォン,ダイワメジャー
2022105860,サートゥルナーリア,ダイワメジャー
2022100917,ルヴァンスレーヴ,ゼンノロブロイ
2022101484,ミッキーロケット,ディープインパクト
2022102475,カリフォルニアクローム,Jump Start
2022100050,リアルスティール,ロードカナロア
2022104234,バンブーエール,ゴールドアリュール
2022106405,マジェスティックウォリアー,ハーツクライ
2022107334,パイロ,ダンスインザダーク
2022106987,ノヴェリスト,ゼンノエルシド
2022106774,ダイワメジャー,スキャン
2022106509,アジアエクスプレス,バゴ
2022106360,ロゴタイプ,ジャングルポケット
2022107174,Karakontie,A.P. Indy
2022107073,キタサンブラック,キングヘイロー
2022104756,ハービンジャー,ハーツクライ
2022106800,キタサンブラック,スウェプトオーヴァーボード
2022100236,シルバーステート,マンハッタンカフェ
2022104589,シルバーステート,タニノギムレット
2022101063,サトノダイヤモンド,Gone West
2022106423,ブラックタイド,Mr. Greeley
2022104199,ロジャーバローズ,Giant's Causeway
2019103021,ドゥラメンテ,ハーツクライ
2021104160,エピファネイア,クロフネ
2021102318,ドゥラメンテ,マンハッタンカフェ
2018105544,ヘニーヒューズ,チチカステナンゴ
2021104922,ドレフォン,ゴールドアリュール
2021107089,アメリカンペイトリオット,ヴィクトワールピサ
2021101240,シルバーステート,エンパイアメーカー
2021105023,ドゥラメンテ,スペシャルウィーク
2021105599,ロードカナロア,ストリートセンス
2019106280,シルバーステート,サウスヴィグラス
2018103620,リーチザクラウン,ハービンジャー
2018110149,スニッツェル,Hurricane Sky
2021104401,ロゴタイプ,ダイワメジャー
2021101429,ビッグアーサー,ディープインパクト
2018106552,ダイワメジャー,キングカメハメハ
2016105797,レッドスパーダ,ロックオブジブラルタル
2019101923,キングズベストKing',サウスヴィグラス
2019103879,イスラボニータ,キングカメハメハ
2020101373,ラニ,サウスヴィグラス
2020100301,キズナ,ボストンハーバー
2020102891,Justify,City Zip
2020106756,キンシャサノキセキ,タイキシャトル
2022105402,ブラックタイド,サクラバクシンオー
2022104764,エピファネイア,ハーツクライ
2022105014,リアルスティール,Australia
2022106562,アニマルキングダム,アイルハヴアナザーI'
2022106653,キズナ,ハービンジャー
2022103278,キズナ,Bernstein
2022105981,キズナ,シンボリクリスエス
2022104418,エピファネイア,ダイワメジャー
2022105246,リアルスティール,ルーラーシップ
2022104781,キズナ,Ghostzapper
2022105063,エピファネイア,ディープインパクト
2021105775,Into Mischief,Giant's Causeway
2019105041,ロードカナロア,クロフネ
2021101023,バトルプラン,ステイゴールド
2021104514,カリフォルニアクローム,サウスヴィグラス
2019106808,ミッキーアイル,マクフィ
2021110005,Justify,War Front
2021104191,ロジャーバローズ,War Front
2020101582,Justify,Tapit
2021103549,エイシンフラッシュ,ストラヴィンスキー
2022106639,マインドユアビスケッツ,アグネスタキオン
2022102212,コパノリッキー,シニスターミニスター
2022106455,モーニン,Aragorn
2022104565,ロードカナロア,Siyouni
2022105432,ドゥラメンテ,Bahamian Bounty
2022102284,ゴールドドリーム,ネオユニヴァース
2022106136,アメリカンペイトリオット,ルーラーシップ
2022107018,ダノンレジェンド,ドリームジャーニー
2022109141,アルアイン,ロックオブジブラルタル
2022101818,デクラレーションオブウォー,ヨハネスブルグ
2022102085,モズアスコット,オレハマッテルゼ
2022100907,ルヴァンスレーヴ,ジャングルポケット
2022104753,アルアイン,ルーラーシップ
2022103143,ダノンレジェンド,マイネルラヴ
2022101450,サンダースノー,ボーナスフィーバー
2022102914,American Pharoah,City Banker
2022100922,ガルボ,アグネスデジタル
2022106232,レイデオロ,ダイワメジャー
2022105991,サートゥルナーリア,Smart Strike
2021104887,ヨシダ,Kitten's Joy
2021106972,キズナ,オルフェーヴル
2020100052,シルバーステート,ロックオブジブラルタル
2020104623,ナムラタイタン,ヨハネスブルグ
2020103477,モーリス,ネオユニヴァース
2021104663,シニスターミニスター,シンボリクリスエス
2021106064,ヘニーヒューズ,フジキセキ
2020105271,ベーカバド,マンハッタンカフェ
2021103285,ドレフォン,ダイワメジャー
2020100462,シニスターミニスター,スズカマンボ
2021102838,レイデオロ,マンハッタンカフェ
2020103208,ジャスタウェイ,エリシオ
2020102976,ハーツクライ,Smarty Jones
2021105264,マインドユアビスケッツ,サンデーサイレンス
2020102988,ハービンジャー,デュランダル
2020101579,ルーラーシップ,マンハッタンカフェ
2020103199,サトノクラウン,ゼンノロブロイ
2021101147,オルフェーヴル,カコイーシーズ
2021103096,サンダースノー,キングカメハメハ
2020102925,キズナ,キングカメハメハ
2021102903,シニスターミニスター,ブライアンズタイムBrian'
2019104192,ホッコータルマエ,カリズマティック
2021105477,ドレフォン,キングカメハメハ
2019104767,キタサンブラック,ヴィクトワールピサ
2020106919,ホッコータルマエ,ダイワメジャー
2019101875,ジャスタウェイ,Tiznow
2022105157,ロードカナロア,ディープインパクト
2022102296,ドゥラメンテ,ディープインパクト
2022101448,キズナ,エンパイアメーカー
2022105532,デクラレーションオブウォー,Kitten's Joy
2022104885,アドマイヤマーズ,Nathaniel
2022104616,サートゥルナーリア,Distorted Humor
2022110069,Constitution,エスケンデレヤ
2019106526,ビッグアーサー,スペシャルウィーク
2019105394,クロフネ,キングカメハメハ
2021102424,リオンディーズ,パイロ
2019105496,ロードカナロア,ディープインパクト
2015104364,ドリームジャーニー,アドマイヤコジーン
2020101503,ビッグアーサー,ノヴェリスト
2020103276,モーリス,ダイワメジャー
2020105154,キズナ,キングヘイロー
2020105018,サトノダイヤモンド,ローレルゲレイロ
2020104243,ディスクリートキャット,ディープインパクト
2020103189,リアルスティール,Galileo
2020101803,タリスマニック,Hard Spun
2021105073,イスラボニータ,City Zip
2020103505,ヘニーヒューズ,ワイルドラッシュ
2020101764,トーホウジャッカル,サウスヴィグラス
2020101035,スズカコーズウェイ,サンデーサイレンス
2018105047,キングカメハメハ,サンデーサイレンス
2019100083,シニスターミニスター,ダンスインザダーク
2020103253,リアルスティール,Mutakddim
2022103371,ホッコータルマエ,フレンチデピュティ
2022103128,ルーラーシップ,ヨハネスブルグ
2022101875,エスポワールシチー,カジノドライヴ
2022106297,マジェスティックウォリアー,ホワイトマズル
2022101819,タワーオブロンドン,サンデーサイレンス
2022106149,マクフィ,ダンスインザダーク
2022100702,モズアスコット,ノヴェリスト
2022104639,サートゥルナーリア,ローエングリン
2022103137,デクラレーションオブウォー,ルーラーシップ
2022101185,フォーウィールドライブ,パラダイスクリーク
2022102698,サンダースノー,オルフェーヴル
2022106015,ヴァンセンヌ,ケープブランコ
2022101662,パイロ,ダイワメジャー
2022102221,Sottsass,Born To Sea
2022104811,リアルスティール,ヴァーミリアン
2022105350,ドゥラメンテ,Le Havre
2022105742,レインボーライン,スウェプトオーヴァーボード
2022102936,スワーヴリチャード,フェノーメノ
2022105325,アルアイン,Pleasantly Perfect
2022104802,キズナ,Tapit
2022103144,タワーオブロンドン,マンハッタンカフェ
2022106453,モーニン,マンハッタンカフェ
2022110063,Into Mischief,Malibu Moon
2022102681,ゴールドドリーム,ロージズインメイ
2022104448,アポロケンタッキー,スペシャルウィーク
2022110113,Vekomaヴェコマ,Flatter
2022107069,ホッコータルマエ,ダイワメジャー
2020103118,ハーツクライ,After Market
2020101916,ゴールドシップ,シンボリルドルフ
2020104479,ジャスタウェイ,Grand Slam
2021106881,ゴールドアクター,フジキセキ
2021104865,エピファネイア,ゼンノロブロイ
2021100008,ホークビル,タイキシャトル
2021104791,シュヴァルグラン,Starspangledbanner
2021105578,ドゥラメンテ,Mineshaft
2021105609,スワーヴリチャード,シンボリクリスエス
2020100806,ホッコータルマエ,マンハッタンカフェ
2021105271,キタサンブラック,Bellamy Road
2021104159,リアルスティール,Distorted Humor
2021110128,Arrogate,Bellamy Road
2019105537,サトノアラジン,フレンチデピュティ
2018100830,マジェスティックウォリアー,アグネスタキオン
2019110015,Pioneerof the Nile,Sky Mesa
2019104589,ダンカーク,チチカステナンゴ
2020100761,ゴールドシップ,Bernardini
2019104194,ホッコータルマエ,バゴ
2020104474,エピファネイア,ステイゴールド
2022104416,スワーヴリチャード,Shamardal
2022105438,ドゥラメンテ,ディープインパクト
2022100099,サートゥルナーリア,ディープインパクト
2022105588,サートゥルナーリア,Danehill Dancer
2022105871,エピファネイア,ロードカナロア
2022105122,サートゥルナーリア,ファルブラヴ
2022104719,サートゥルナーリア,ハービンジャー
2018106597,プリサイスエンド,キャプテンスティーヴ
2020101465,フリオーソ,ネオユニヴァース
2020105949,ダノンレジェンド,ブライアンズタイムBrian'
2021100338,リアルスティール,ファルブラヴ
2021101235,スクリーンヒーロー,アグネスデジタル
2021105965,ドゥラメンテ,Street Boss
2020102731,ヘニーヒューズ,Privately Held
2019103825,リオンディーズ,シニスターミニスター
2021104325,ドレフォン,ダイワメジャー
2022100620,フォーウィールドライブ,キングカメハメハ
2022103369,アポロケンタッキー,ディープブリランテ
2022102344,サトノアラジン,シンボリクリスエス
2022102290,エスポワールシチー,フリオーソ
2022106971,ノーブルミッション,カジノドライヴ
2022104469,ナカヤマフェスタ,Hurricane Run
2022102560,アメリカンペイトリオット,キズナ
2022103607,ヘニーヒューズ,キングカメハメハ
2022107013,ホッコータルマエ,リーチザクラウン
2022106262,オーヴァルエース,スパイキュール
2022100988,エピカリス,ヴァーミリアン
2022100649,ロジャーバローズ,ルーラーシップ
2022105154,シュヴァルグラン,キングカメハメハ
2022105288,ダイワメジャー,Exchange Rate
2022104293,タリスマニック,エンパイアメーカー
2022102830,ロジャーバローズ,タイキシャトル
2022104212,リーチザクラウン,スウェプトオーヴァーボード
2022104608,シスキン,キングカメハメハ
2022105033,イスラボニータ,ナリタトップロード
2022103394,ミッキーグローリー,カジノドライヴ
2019104135,ダノンレジェンド,ストーミングホーム
2020104936,ドレフォン,ダイワメジャー
2021103529,ロージズインメイ,デュランダル
2021101412,キタサンブラック,キングカメハメハ
2020106727,キタサンブラック,Dubawi
2021100363,スワーヴリチャード,コマンズ
2021105121,モーリス,キングカメハメハ
2021105105,キズナ,シンボリクリスエス
2019106925,マジェスティックウォリアー,ゼンノロブロイ
2021100143,ロードカナロア,ディープインパクト
2018103590,ロードカナロア,City Zip
2022106658,ロードカナロア,サクラバクシンオー
2022102924,デクラレーションオブウォー,プリサイスエンド
2022104604,ヘニーヒューズ,ワークフォース
2022101814,モーニン,クロフネ
2019102632,シルバーステート,マンハッタンカフェ
2019104711,ディープインパクト,Hawk Wing
2021105817,モーリス,Fastnet Rock
2017100464,ルーラーシップ,ディープインパクト
2019104878,ロードカナロア,サンデーサイレンス
2016106606,トゥザグローリー,フレンチデピュティ
2021105744,モーリス,アドマイヤベガ
2020101784,アメリカンペイトリオット,アドマイヤムーン
2021100913,キズナ,シンボリクリスエス
2019101348,アメリカンペイトリオット,ネオユニヴァース
2017104172,ロードカナロア,マイネルラヴ
2021106734,ドレフォン,Sixties Icon
2021105888,ルーラーシップ,スマートファルコン
2021106639,キズナ,Smart Strike
2020102568,ロードカナロア,ダイワメジャー
2017104086,エイシンフラッシュ,ダンスインザダーク
2020101763,トーホウジャッカル,ノヴェリスト
2020106024,アジアエクスプレス,ダンスインザダーク
2022101535,ビッグアーサー,エイシンフラッシュ
2022103472,ルヴァンスレーヴ,マイネルラヴ
2022100278,ダノンレジェンド,ブライアンズタイムBrian'
2022102362,バゴ,ボストンハーバー
2022103295,リオンディーズ,シンボリクリスエス
2022107384,インカンテーション,サクラバクシンオー
2022105054,キタサンブラック,Tiz Wonderful
2022101175,オルフェーヴル,エイシンフラッシュ
2022101015,キタサンブラック,パイロ
2022105611,サトノクラウン,マツリダゴッホ
2022100788,ワールドエース,ロードカナロア
2022110021,Masar,Siyouni
2022100903,ビッグアーサー,ドリームジャーニー
2022104745,リアルスティール,ワークフォース
2022101937,ルーラーシップ,ディープインパクト
2022106099,ミスターメロディ,ディープブリランテ
2022104704,ミッキーアイル,キングカメハメハ
2022106494,トランセンド,ブラックタイド
2022102516,オルフェーヴル,Unbridled's Song
2022104841,ゴールドドリーム,Bernardini
2022105116,Medaglia d'Oro,Creative Cause
2022102882,アジアエクスプレス,エンパイアメーカー
2021110020,New Approach,Dubawi
2019101416,ロードカナロア,アドマイヤベガ
2021106216,ストロングリターン,スクリーンヒーロー
2021101605,トーホウジャッカル,ノヴェリスト
2017105253,タートルボウル,ジャングルポケット
2021105716,シルバーステート,ウォーエンブレム
2021103586,ロジャーバローズ,フリオーソ
2021105211,マインドユアビスケッツ,マンハッタンカフェ
2021105555,モーリス,ヴィクトワールピサ
2021101259,ドレフォン,アサクサキングス
2021106126,リオンディーズ,フレンチデピュティ
2020103444,ドレフォン,スペシャルウィーク
2021105767,リアルスティール,Dushyantor
2021105831,ハーツクライ,Storm Cat
2020100987,ジャスタウェイ,デヒア
2020104452,ワールドエース,ストーミングホーム
2020102793,ルーラーシップ,チチカステナンゴ
2021106694,ブリックスアンドモルタル,Unbridled's Song
2021106353,アポロキングダム,カネヒキリ
2020102929,イスラボニータ,Doyen
2020102077,ドレフォン,サウスヴィグラス
2019100792,スクリーンヒーロー,ムタファーウエク
2020102870,ドゥラメンテ,Elusive City
2020100593,サトノクラウン,スペシャルウィーク
2018101660,ルーラーシップ,アグネスタキオン
2022104772,キズナ,キングカメハメハ
2022105778,ロードカナロア,フレンチデピュティ
2022104401,シルバーステート,ローエングリン
2022105128,キタサンブラック,Numerous
2022105467,マインドユアビスケッツ,シンボリクリスエス
2022106768,ダノンバラード,マツリダゴッホ
2022103051,エピファネイア,ディープインパクト
2022105230,エピファネイア,ゼンノロブロイ
2022104751,モーリス,ディープインパクト
2022105396,モーリス,ハーツクライ
2022104617,サトノクラウン,マンハッタンカフェ
2022105071,キズナ,Pulpit
2022104971,バゴ,スペシャルウィーク
2021110112,Mendelssohn,Pioneerof the Nile
2020103005,ロードカナロア,クロフネ
2020110104,Justify,Ghostzapper
2018101989,ディスクリートキャット,サムライハート
2019105413,アジアエクスプレス,ディープインパクト
2020106518,サトノクラウン,キングカメハメハ
2020104793,マインドユアビスケッツ,サンライズペガサス
2021104844,ニューイヤーズデイ,ステイゴールド
2020101905,ドゥラメンテ,フジキセキ
2022106257,ヴァンセンヌ,ブラックホーク
2022106627,サートゥルナーリア,エンパイアメーカー
2022101023,サトノダイヤモンド,デヒア
2022105311,ロードカナロア,スペシャルウィーク
2022100374,ディーマジェスティ,Pivotal
2022102480,タワーオブロンドン,ディープスカイ
2022100767,カリフォルニアクローム,ディープインパクト
2022101851,トゥザワールド,フレンチデピュティ
2022104620,キズナ,Monsun
2022102256,フィエールマン,Maclean's Music
2022102847,カフェラピード,ノヴェリスト
2022106763,ダノンバラード,ヴィクトワールピサ
2022102932,サンダースノー,ステイゴールド
2022102601,ディープブリランテ,アドマイヤコジーン
2022106228,ウインブライト,Fusaichi Pegasus
2022110152,American Pharoah,Harlan's Holiday
2022102493,マクフィ,ルーラーシップ
2022106699,モーニン,フレンチデピュティ
2022103286,モズアスコット,サウスヴィグラス
2022106669,ニューイヤーズデイ,ゴールドアリュール
2022103714,エピファネイア,アルデバラン
2022105321,ブリックスアンドモルタル,Ghostzapper
2022105247,マジェスティックウォリアー,ロージズインメイ
2022102148,モーニン,フジキセキ
2021104762,ロードカナロア,Scat Daddy
2020106974,グレーターロンドン,アグネスデジタル
2021110162,Justify,So You Think
2021105616,カリフォルニアクローム,ダイワメジャー
2021105860,エピファネイア,アドマイヤベガ
2021102797,ロージズインメイ,エンパイアメーカー
2021105646,ミッキーアイル,Congrats
2021105598,American Pharoah,Galileo
2021105086,ストロングリターン,ハービンジャー
2021105391,ブリックスアンドモルタル,マンハッタンカフェ
2021105856,ドゥラメンテ,Sadler's Wells
2019102937,コパノリッキー,ステイゴールド
2020101198,ミッキーロケット,リンカーン
2020101695,ビーチパトロール,メジロベイリー
2021103557,ミッキーロケット,スペシャルウィーク
2021104479,タリスマニック,ゼンノロブロイ
2019104800,ロードカナロア,ハービンジャー
2021101415,ジャスタウェイ,Sinndar
2021105901,キズナ,シンボリクリスエス
2019106031,リアルインパクト,エンパイアメーカー
2021103720,ダノンレジェンド,Medaglia d'Oro
2021105622,ドゥラメンテ,Soldier Hollow
2022105856,リアルスティール,More Than Ready
2022106564,アニマルキングダム,フレンチデピュティ
2022104787,リアルスティール,Not for Sale
2022104023,スマートファルコン,ブライアンズタイムBrian'
2022106730,ルーラーシップ,スペシャルウィーク
2022100864,デクラレーションオブウォー,マジェスティックウォリアー
2022102170,ダノンレジェンド,ステイゴールド
2022103274,ナダル,マンハッタンカフェ
2022106689,ドレフォン,エンパイアメーカー
2022105162,ドレフォン,スペシャルウィーク
2022102388,パイロ,マンハッタンカフェ
2022106324,Quality Road,Awesome Again
2022100159,Tiz the Law,Candy Ride
2022105442,ラブリーデイ,ディープインパクト
2021105865,ハーツクライ,American Post
2020103538,ルーラーシップ,フジキセキ
2021105367,エピファネイア,キングカメハメハ
2020103241,ロードカナロア,ハーツクライ
2019103659,キズナ,キングカメハメハ
2020102578,シニスターミニスター,キングカメハメハ
2019106854,ドゥラメンテ,Deputy Minister
2020102896,ストロングリターン,ヴィクトワールピサ
2019102421,パイロ,ロードカナロア
2021105354,ダイワメジャー,Danehill Dancer
2021104434,カリフォルニアクローム,アグネスタキオン
2020103390,キタサンブラック,ダイワメジャー
2021105541,ハーツクライ,Lomitas
2021100019,シルバーステート,メイショウボーラー
2020102928,ハーツクライ,シンボリクリスエス
2020102343,ミッキーアイル,クロフネ
2021103288,サンダースノー,マンハッタンカフェ
2020102776,マインドユアビスケッツ,ダイワメジャー
2019106691,エスポワールシチー,ヨハネスブルグ
2019110112,Candy Ride,エンパイアメーカー
2020105635,ドレフォン,ゴールドアリュール
2018103341,ロードカナロア,ハーツクライ
2021105807,リアルスティール,Gold Away
2019103815,イスラボニータ,クロフネ
2021105425,ニューイヤーズデイ,ディープインパクト
2022103469,カレンブラックヒル,ワイルドラッシュ
2022100153,シニスターミニスター,ハーツクライ
2022107402,サンダースノー,スピニングワールド
2022105880,レイデオロ,ディープインパクト
2022104800,ブリックスアンドモルタル,ダイワメジャー
2022106790,ダノンバラード,Australia
2022102036,ロージズインメイ,ノボジャック
2022101410,アジアエクスプレス,キングカメハメハ
2022104542,アルアイン,ジャングルポケット
2022105835,イスラボニータ,Sageburg
2022102505,ルーラーシップ,アグネスタキオン
2022106359,ホッコータルマエ,アグネスタキオン
2022100680,ストロングリターン,ケイムホーム
2022103848,カリフォルニアクローム,Afleet Alex
2022104822,ドゥラメンテ,Not A Single Doubt
2022105203,イスラボニータ,Redoute's Choice
2022104497,カリフォルニアクローム,Tiznow
2022101736,エピファネイア,フォーティナイナー
2022106435,トーセンラー,アドマイヤオーラ
2022104534,サトノクラウン,エンパイアメーカー
2022104871,キズナ,Soldier Hollow
2022106807,ゴールドシップ,ロージズインメイ
2022105404,ロードカナロア,ファルブラヴ
2022105962,ナダル,ディープインパクト
2022103609,アドマイヤマーズ,シニスターミニスター
2021109088,リアルスティール,ワークフォース
2021104829,リアルインパクト,フレンチデピュティ
2021102784,アジアエクスプレス,アグネスタキオン
2020106457,デクラレーションオブウォー,ステイゴールド
2021105614,ニューイヤーズデイ,ディープインパクト
2022104767,エピファネイア,ハーツクライ
2022101197,エピファネイア,ディープインパクト
2021104928,ニューイヤーズデイ,Dynaformer
2021110126,パレスマリス,ディープインパクト
2020106557,ロードカナロア,Pivotal
2019106214,シニスターミニスター,ドリームジャーニー
2019100551,ブラックタイド,キングカメハメハ
2016101865,マツリダゴッホ,ショウナンカンプ
2020103295,ヘニーヒューズ,キングカメハメハ
2021100873,ドレフォン,ダイワメジャー
2021106521,モーニン,ワイルドラッシュ
2019105822,イスラボニータ,サクラバクシンオー
2019104606,ジャスタウェイ,スウェプトオーヴァーボード
2022104475,ナカヤマフェスタ,Siyouni
2022106975,リアルスティール,ブライアンズタイムBrian'
2022106468,ホッコータルマエ,ゼンノロブロイ
2022105263,レッドファルクス,Spirit One
2022101606,トーホウジャッカル,ロードカナロア
2022105079,ミッキースワロー,キングカメハメハ
2022101253,スクリーンヒーロー,ロックオブジブラルタル
2022101897,ドレフォン,ゼンノロブロイ
2022110104,McKinzie,Harlan's Holiday
2022105070,キズナ,Frankel
2022103625,カリフォルニアクローム,アドマイヤムーン
2022105181,エピファネイア,ルーラーシップ
2022106805,ウインブライト,アグネスタキオン
2022104627,マジェスティックウォリアー,サクラバクシンオー
2022104490,ナダル,Singspiel
2021104103,ドゥラメンテ,Tapit
2020103048,キズナ,Tapit
2021106085,サトノアラジン,ナカヤマフェスタ
2021104856,リアルインパクト,キングカメハメハ
2020106306,キズナ,エンパイアメーカー
2021104911,ルーラーシップ,ディープインパクト
2021105704,レイデオロ,ファルブラヴ
2019103827,フェノーメノ,オウケンブルースリ
2020103960,ヴィクトワールピサ,Red Ransom
2020109067,イスラボニータ,タイキシャトル
2022105110,ハービンジャー,ダイワメジャー
2022103546,キズナ,Closing Argument
2022105815,キタサンブラック,Kitten's Joy
2022104994,キズナ,Congrats
2022105185,アドマイヤマーズ,クロフネ
2022103205,エピファネイア,Galileo
2022103875,キズナ,シンボリクリスエス
2022105192,サトノダイヤモンド,キングカメハメハ
2022101411,デクラレーションオブウォー,サンデーサイレンス
2022105696,サトノダイヤモンド,Zoffany
2020105603,サトノダイヤモンド,スペシャルウィーク
2018104778,ディープインパクト,Sligo Bay
2021104092,キズナ,エンパイアメーカー
2021104824,マインドユアビスケッツ,フレンチデピュティ
2021106797,Good Magic,Giacomo
2020101036,リアルスティール,エンパイアメーカー
2021104784,ニューイヤーズデイ,キングカメハメハ
2022104334,バトルプラン,ネオユニヴァース
2022100234,モズアスコット,ディープインパクト
2022106933,エピカリス,サウスヴィグラス
2022104962,キズナ,Smoke Glacken
2022106620,リアルインパクト,ブライアンズタイムBrian'
2022100209,シャンハイボビー,ディープインパクト
2022103082,ファインニードル,キングズベストKing'
2022106090,アメリカンペイトリオット,エンパイアメーカー
2022105218,ダイワメジャー,Areion
2022105274,モーリス,Le Havre
2022106783,ウインブライト,トーセンホマレボシ
2021101779,ゴールドシップ,クロフネ
2021104590,デクラレーションオブウォー,アグネスタキオン
2019104983,ハーツクライ,Orpen
2019104602,エイシンフラッシュ,フジキセキ
2020103867,ブラックタイド,Authorized
2022100009,リオンディーズ,ハーツクライ
2022101578,エスポワールシチー,キングカメハメハ
2022102395,ラブリーデイ,ディープインパクト
2022101562,サトノダイヤモンド,タイキシャトル
2021104395,カリフォルニアクローム,エンパイアメーカー
2021105556,キズナ,キングヘイロー
2020103499,リアルスティール,Songandaprayer
2021103799,イスラボニータ,Touch Gold
2020110024,Maclean's Music,マジェスティックウォリアー
2019105482,カレンブラックヒル,デインヒル
2020103732,ルーラーシップ,ディープインパクト
2019100539,ロードカナロア,スペシャルウィーク
2021102436,リアルスティール,キングカメハメハ
2021100162,ロードカナロア,ダイワメジャー
2020100060,バトルプラン,タニノギムレット
2022106659,Authentic,War Front
2022102612,アルアイン,フレンチデピュティ
2022104089,シニスターミニスター,サウスヴィグラス
2022106723,Saxon Warrior,Rip Van Winkle
2022102412,アジアエクスプレス,ゴールドアリュール
2022107008,オルフェーヴル,First American
2022103757,ニューイヤーズデイ,マンハッタンカフェ
2022102775,オルフェーヴル,Sadler's Wells
2022101956,ラブリーデイ,サウスヴィグラス
2022104838,ロードカナロア,クロフネ
2022104203,エピファネイア,Galileo
2022103162,バトルプラン,ハーツクライ
2022103335,ビッグアーサー,スズカマンボ
2022110075,Magna Grecia,Maxios
2022105701,ロードカナロア,Australia
2022100670,ウインブライト,ダノンシャンティ
2022106133,ブリックスアンドモルタル,ヘニーヒューズ
2022101863,カレンブラックヒル,フリオーソ
2022105439,マインドユアビスケッツ,ディープインパクト
2022103898,ホッコータルマエ,アドマイヤムーン
2021100043,マインドユアビスケッツ,サンデーサイレンス
2019104560,イスラボニータ,Sea of Secrets
2021100929,シャンハイボビー,ハーツクライ
2021103507,キズナ,クロフネ
2021105755,ハービンジャー,ゼンノロブロイ
2021105499,ワールドエース,ハービンジャー
2021105639,ミッキーロケット,ディープインパクト
2021105503,ブラックタイド,フレンチデピュティ
2019102384,ゴールドシップ,Street Cry
2020103329,ジャスタウェイ,Myboycharlie
2018106693,マクフィ,シンボリクリスエス
2018109026,スピルバーグ,Dansili
2018104591,マジェスティックウォリアー,スペシャルウィーク
2019105197,キタサンブラック,キングカメハメハ
2021105757,ハービンジャー,キングカメハメハ
2022105102,キタサンブラック,Cape Cross
2022105519,ドゥラメンテ,ディープインパクト
2022104714,サートゥルナーリア,オルフェーヴル
2022101420,キズナ,Star Dabbler
2022105099,キズナ,High Chaparral
2022105081,リオンディーズ,ハーツクライ
2022105105,ドゥラメンテ,Not for Sale
2022103995,エピファネイア,Footstepsinthesand
2022104922,キズナ,Galileo
2022104896,レイデオロ,ハーツクライ
2022104397,リアルスティール,ハービンジャー
2022105836,サートゥルナーリア,ジャスタウェイ
2022105891,スクリーンヒーロー,エンパイアメーカー
2022106155,イスラボニータ,ノヴェリスト
2022104218,モズアスコット,スペシャルウィーク
2021105369,レイデオロ,ハーツクライ
2019102879,ハーツクライ,ブライアンズタイムBrian'
2016100752,スクリーンヒーロー,ロージズインメイ
2019101847,オルフェーヴル,アフリート
2019104091,ゴールドシップ,パイロ
2016104624,キングカメハメハ,クロフネ
2018104881,ハーツクライ,キングカメハメハ
2018102917,ゴールドシップ,アルデバラン
2020105730,シルバーステート,グラスワンダー
2018105328,キングカメハメハ,シンボリクリスエス
2021104180,レイデオロ,Storm Cat
2022105943,ルヴァンスレーヴ,ワレンダー
2022102499,ヘニーヒューズ,ディープインパクト
2022107343,レイデオロ,Montjeu
2022103314,カリフォルニアクローム,ダイワメジャー
2022102459,カレンブラックヒル,アグネスデジタル
2022106738,キズナ,Mizzen Mast
2022106634,キズナ,Successful Appeal
2022104396,ゴールドシップ,ブライアンズタイムBrian'
2022101034,シャンハイボビー,フジキセキ
2023103452,スワーヴリチャード,キンシャサノキセキ
2023103178,サートゥルナーリア,ダイワメジャー
2023105947,マクマホン,ゴールドシップ
2023103146,キタサンブラック,War Front
2022101954,ミッキーロケット,ノボジャック
2022109151,アレスバローズ,シニスターミニスター
2022106625,ワンアンドオンリー,デインヒル
2022100336,ビーチパトロール,バゴ
2022106804,ウインブライト,Teofilo
2022106409,スワーヴリチャード,Giant's Causeway
2022104733,キズナ,Myboycharlie
2021103862,ディスクリートキャット,ディープブリランテ
2022110034,Too Darn Hot,Dark Angel
2020103653,ロードカナロア,アグネスデジタル
2021102982,American Pharoah,War Front
2021102275,ファインニードル,Shirocco
2021103073,マジェスティックウォリアー,アドマイヤムーン
2019100110,シニスターミニスター,キングカメハメハ
2020101271,アイファーソング,スズカマンボ
2021103786,アニマルキングダム,ハーツクライ
2019101295,アジアエクスプレス,スウェプトオーヴァーボード
2019104853,ハービンジャー,デュランダル
2021105431,モーリス,アグネスタキオン
2017105807,アイルハヴアナザーI',メイショウボーラー
2020102565,ヘニーヒューズ,ゴールドアリュール
2022110120,Not This Time,Twirling Candy
2022101986,シニスターミニスター,ネオユニヴァース
2022104540,モーニン,ハーツクライ
2022107290,ダイワメジャー,Trappe Shot
2022104691,ルーラーシップ,ディープインパクト
2022105408,ブリックスアンドモルタル,Manduro
2022104327,ドレフォン,スペシャルウィーク
2022100927,シニスターミニスター,Elusive Quality
2022101792,ダノンバラード,ストラヴィンスキー
2022104099,タワーオブロンドン,マンハッタンカフェ
2022104878,サトノクラウン,ダンスインザダーク
2023107005,エピファネイア,Tizway
2023107321,キズナ,ルーラーシップ
2023105456,スワーヴリチャード,Singspiel
2023106104,ダノンキングリー,マイネルラヴ
2023103532,オルフェーヴル,ファルブラヴ
2023107006,モーリス,ダイワメジャー
2023105820,ポエティックフレア,ディープインパクト
2023101105,ロードカナロア,ハーツクライ
2023102619,モーリス,ディープインパクト
2022101543,ベストウォーリア,メジロベイリー
2020103559,ロードカナロア,City Zip
2022105242,ジャスタウェイ,ヴィクトワールピサ
2022100618,ルヴァンスレーヴ,ロードカナロア
2022104959,シルバーステート,Royal Anthem
2022101565,リアルスティール,Equal Stripes
2022104890,リアルスティール,Vindication
2022101909,ディープブリランテ,マヤノトップガン
2022104655,リアルスティール,ヴィクトワールピサ
2021105417,ブリックスアンドモルタル,アドマイヤベガ
2021105509,アジアエクスプレス,スペシャルウィーク
2020103270,キンシャサノキセキ,Harlan's Holiday
2019102656,リオンディーズ,ファルブラヴ
2020102636,リアルスティール,キングカメハメハ
2021102845,マジェスティックウォリアー,ヴィクトワールピサ
2021107171,パレスマリス,Wilburn
2019104476,キタサンブラック,クロフネ
2018100382,ルーラーシップ,マンハッタンカフェ
2019100213,アイルハヴアナザーI',フジキセキ
2020103075,ドゥラメンテ,Reckless Abandon
2017103751,ネオユニヴァース,シンボリクリスエス
2021100953,ドレフォン,ヴィクトワールピサ
2019110020,Dark Angel,Indian Ridge
2019105118,ワールドエース,クロフネ
2021105724,キズナ,Twirling Candy
2018104708,ヴィクトワールピサ,Kendargent
2018105610,キズナ,フレンチデピュティ
2018105277,ハーツクライ,Lizard Island
2018103489,モーリス,フジキセキ
2022100640,モーリス,Storm Cat
2022103330,ウインブライト,トーセンホマレボシ
2022102142,Dark Angel,Muhaarar
2018103308,ロードカナロア,シンボリクリスエス
2015104512,ステイゴールド,シンボリクリスエス
2018105438,オルフェーヴル,キングカメハメハ
2021104800,ブリックスアンドモルタル,クロフネ
2016100158,キンシャサノキセキ,Fusaichi Pegasus
2023107146,キズナ,ハービンジャー
2023102944,エピファネイア,クロフネ
2023103689,シルバーステート,Zoffany
2023101563,フィレンツェファイア,ディープインパクト
2023102915,デクラレーションオブウォー,エピファネイア
2023101101,ダノンスマッシュ,ハーツクライ
2023100204,ワールドエース,タイキシャトル
2022103763,マクフィ,ディープインパクト
2022100906,マインドユアビスケッツ,クロフネ
2022106694,ジャスタウェイ,Yes It's True
2021106625,マジェスティックウォリアー,マンハッタンカフェ
2020105670,リアルスティール,ルーラーシップ
2018101704,パイロ,ネオユニヴァース
2020102724,ドレフォン,ダイワメジャー
2019104922,スクリーンヒーロー,Encosta de Lago
2020110120,Gun Runner,A.P. Indy
2018102040,ハーツクライ,Kitten's Joy
2020105929,シニスターミニスター,バトルライン
2020105761,Bayern,アグネスゴールド
2020103664,ドゥラメンテ,Storm Cat
2018104896,モーリス,キングカメハメハ
2018105092,ロードカナロア,ディープインパクト
2019102609,ドゥラメンテ,キングヘイロー
2021100410,ロードカナロア,ダンスインザダーク
2022106586,ニューイヤーズデイ,ハーツクライ
2022107409,ホークビル,アグネスデジタル
2022101621,サンダースノー,ディープインパクト
2023104386,リオンディーズ,マンハッタンカフェ
2023103372,コントレイル,Rainbow Quest
2023103707,サトノクラウン,ダイワメジャー
2023105553,アドマイヤムーン,Dynaformer
2023106582,ストーミーシー,タイキシャトル
2023104494,アルアイン,シンボリクリスエス
2022107021,ナダル,ステイゴールド
2022104601,ナダル,ゴールドヘイロー
2022102391,リアルスティール,スクリーンヒーロー
2022101669,ファインニードル,ディクタット
2020102935,ノヴェリスト,キングカメハメハ
2020101537,ハーツクライ,キングカメハメハ
2021105559,キズナ,ヴァーミリアン
2021105412,ドゥラメンテ,Mineshaft
2016104668,ジャスタウェイ,サクラバクシンオー
2021105707,ロードカナロア,Canadian Frontier
2019110074,Tapit,Tale of the Cat
2022104523,グレーターロンドン,オペラハウス
2022100846,サートゥルナーリア,ブライアンズタイムBrian'
2022104631,ドゥラメンテ,Zoffany
2023107251,リアルスティール,Pulpit
2023107050,ルーラーシップ,ディープインパクト
2023105077,ダノンキングリー,クロフネ
2023103398,エピファネイア,Speightstown
2023107389,キタサンブラック,Cape Cross
2023100747,ノヴェリスト,キングカメハメハ
2023100578,アドマイヤマーズ,フジキセキ
2023107119,ドレフォン,キンシャサノキセキ
2023110061,Into Mischief,More Than Ready
2023102006,シャンハイボビー,ダンスインザダーク
2023102267,モーニン,グランシュヴァリエ
2023106742,シュヴァルグラン,Shirocco
2022102164,スワーヴリチャード,Kyllachy
2022103284,ミスターメロディ,サクラバクシンオー
2022106974,オルフェーヴル,キングカメハメハ
2022100221,ルーラーシップ,マイネルラヴ
2022101041,エスポワールシチー,ルーラーシップ
2022105189,サートゥルナーリア,エンパイアメーカー
2022110060,Oscar Performance,Daylami
2022104799,レイデオロ,ハービンジャー
2019105051,エピファネイア,フジキセキ
2021100171,ロードカナロア,Sligo Bay
2021105812,サトノアラジン,Sinndar
2022110015,Kingman,Teofilo
2021105374,ブリックスアンドモルタル,ゼンノロブロイ
2018106701,ブラックタイド,オペラハウス
2020103448,ロードカナロア,ディープインパクト
2020103387,ドレフォン,キングカメハメハ
2020104760,モーリス,ネオユニヴァース
2019106748,キングカメハメハ,Rockport Harbor
2021105496,リアルスティール,ワークフォース
2019102665,トーセンジョーダン,ダンスインザダーク
2021105805,オルフェーヴル,Tapizar
2022103044,ホッコータルマエ,デュランダル
2019104079,キタサンブラック,Pivotal
2020106354,デクラレーションオブウォー,ストリートセンス
2022101019,アメリカンペイトリオット,プリサイスエンド
2022105424,イスラボニータ,Congrats
2022102831,ミッキーロケット,ダンスインザダーク
2023105250,ジャスタウェイ,Wootton Bassett
2023107179,エピファネイア,Congrats
2023100177,コントレイル,Uncle Mo
2023100377,ダノンプレミアム,Elusive Quality
2023105356,Twirling Candy,Stormy Atlantic
2023103294,アドマイヤマーズ,Dubai Destination
2023101837,ダノンキングリー,Pour Moi
2023102694,リオンディーズ,ウォーエンブレム
2023106275,ホッコータルマエ,カジノドライヴ
2023103718,ナダル,キングカメハメハ
2023100961,ドレフォン,ダイワメジャー
2023106114,モーリス,バブルガムフェロー
2023102170,ノーブルミッション,Street Cry
2023105936,マクマホン,Sebi Halo
2021104365,オルフェーヴル,クロフネ
2021105225,ドゥラメンテ,フレンチデピュティ
2022105761,ルヴァンスレーヴ,キングカメハメハ
2022105601,サートゥルナーリア,Tawqeet
2020100406,キンシャサノキセキ,キングカメハメハ
2021101121,オルフェーヴル,Dubawi
2021106328,カレンブラックヒル,ストラヴィンスキー
2019109106,キタサンブラック,メイショウボーラー
2021104576,ヘニーヒューズ,ゼンノロブロイ
2020104473,コパノリッキー,シンボリクリスエス
2021105253,スワーヴリチャード,Broken Vow
2021106805,ロージズインメイ,ダンスインザダーク
2020103575,キタサンブラック,Invincible Spirit
2017105634,ハーツクライ,キャプテンスティーヴ
2020102836,イスラボニータ,ハーツクライ
2021105618,ロードカナロア,ディープインパクト
2020105354,ミッキーアイル,ジャングルポケット
2020103328,ダイワメジャー,サクラバクシンオー
2020100906,ビッグアーサー,キングズベストKing'
2021107098,シルバーステート,ベーカバド
2021106550,キズナ,キングカメハメハ
2020107030,リオンディーズ,ステイゴールド
2022105598,リアルスティール,ファルブラヴ
2021100948,レッドファルクス,ジャスタウェイ
2020105114,ロゴタイプ,テレグノシス
2023104927,ナダル,サウスヴィグラス
2023105803,ダノンプレミアム,フジキセキ
2023109103,メイショウボーラー,シンボリクリスエス
2023102162,マクフィ,ヘニーヒューズ
2023103589,リーチザクラウン,Dubawi
2023105475,スズカコーズウェイ,シンボリクリスエス
2023101559,アニマルキングダム,マンハッタンカフェ
2023105002,エピファネイア,Galileo
2023107229,コントレイル,Equal Stripes
2023106442,ウインブライト,ヴィクトワールピサ
2023100711,タニノフランケル,タイキシャトル
2023101169,ファインニードル,ハーツクライ
2023105771,ルヴァンスレーヴ,キングカメハメハ
2023103518,ベンバトル,グラスワンダー
2023104054,イスラボニータ,ロードカナロア
2023105600,ミッキーアイル,ルーラーシップ
2023102422,ベンバトル,マツリダゴッホ
2023105562,シルバーステート,サクラバクシンオー
2023104404,オルフェーヴル,Gone West
2023106579,ルーラーシップ,ステイゴールド
2023101410,タリスマニック,ヴィクトワールピサ
2023100656,ビーチパトロール,ステイゴールド
2023100805,エーシントップ,タートルボウル
2020105611,ワンアンドオンリー,ブライアンズタイムBrian'
2020103003,レッドファルクス,オルフェーヴル
2019102813,ビッグアーサー,ファスリエフ
2023100553,サングレーザー,ハービンジャー
2023103458,ハービンジャー,ディープインパクト
2023106463,ウインブライト,Crimson Tide
2023104371,エピファネイア,ハーツクライ
2023106901,モーリス,ディープインパクト
2023106433,ベンバトル,ディープインパクト
2023106889,インディチャンプ,ロックオブジブラルタル
2023103885,ブリックスアンドモルタル,ステイゴールド
2023107307,アドマイヤマーズ,Rockport Harbor
2023107403,コントレイル,アドマイヤムーン
2023106590,ミッキーグローリー,アイルハヴアナザーI'
2023103465,トーセンラー,キングカメハメハ
2023106717,シルバーステート,Dylan Thomas
2023107463,ディープブリランテ,Danehill Dancer
2023101052,サトノクラウン,スウィフトカレント
2021103051,マインドユアビスケッツ,ダイワメジャー
2022101796,ノーブルミッション,フジキセキ
2022101227,ブラックタイド,プリサイスエンド
2022101438,ブリックスアンドモルタル,ディープインパクト
2021104285,シャンハイボビー,ステイゴールド
2021101422,モーリス,マンハッタンカフェ
2022105032,ドゥラメンテ,ディープインパクト
2020110039,Frankel,タニノギムレット
2021105752,ハービンジャー,サンデーサイレンス
2021101019,キズナ,キングカメハメハ
2020102904,ロゴタイプ,ハービンジャー
2022103622,ドレフォン,キングヘイロー
2020100145,ロードカナロア,ダイワメジャー
2019106575,ゼンノロブロイ,Distorted Humor
2020105144,ヘニーヒューズ,ディープインパクト
2021103725,モーリス,ネオユニヴァース
2020105246,ヘニーヒューズ,スペシャルウィーク
2023110008,Mendelssohn,Pioneerof the Nile
2023105162,コパノリッキー,キンシャサノキセキ
2023101146,ディスクリートキャット,Hard Spun
2023104534,ヘンリーバローズ,ロゴタイプ
2023110047,American Pharoah,Mr. Greeley
2023103603,エピファネイア,ディープインパクト
2023106241,キセキ,アジアエクスプレス
2023102431,ダノンバラード,サッカーボーイ
2023101473,ヤングマンパワー,ルーラーシップ
2023106484,ベンバトル,ステイゴールド
2023104160,リオンディーズ,ウインクリューガー
2023103195,ダノンキングリー,タイキシャトル
2023100614,キセキ,ゼンノロブロイ
2023105702,コパノリッキー,Smoke Glacken
2023104317,ダイシンサンダー,ケイムホーム
2023106777,マテラスカイ,メイショウボーラー
2023104616,イスラボニータ,ヴィクトワールピサ
2019102803,ワンダーアキュート,デヒア
2021101711,ヘニーヒューズ,キングカメハメハ
2023105378,コントレイル,Tapit
2023101102,ベンバトル,Singspiel
2023106939,サトノダイヤモンド,Include
2023107171,サトノダイヤモンド,ウォーエンブレム
2023104531,フィエールマン,ハービンジャー
2023107105,コントレイル,Union Rags
2023106419,ウインブライト,Blame
2023101215,ダノンプレミアム,ジャングルポケット
2023107084,オルフェーヴル,Van Nistelrooy
2023104471,ハービンジャー,キズナ
2023106422,ゴールドシップ,ルーラーシップ
2023100862,ゴールドシップ,マヤノトップガン
2023101917,デクラレーションオブウォー,バトルプラン
2023104737,ノーブルミッション,ハービンジャー
2023102034,シスキン,クロフネ
2023104614,カレンブラックヒル,カンパニー
2023100291,ニューイヤーズデイ,ディープインパクト
2023105216,コントレイル,City Zip
2023106350,ダノンプレミアム,キングカメハメハ
2023106958,クリソベリル,ジャングルポケット
2023100722,ミスチヴィアスアレックス,ディープブリランテ
2023105753,モーニン,ミスキャスト
2023103088,フィレンツェファイア,ハーツクライ
2023106596,マテラスカイ,ゴールドアリュール
2023102123,ルヴァンスレーヴ,キングカメハメハ
2023104437,シルバーステート,エンパイアメーカー
2023102118,エタリオウ,ルーラーシップ
2023103954,マクフィ,クロフネ
2023104141,ビーチパトロール,ジョーカプチーノ
2021105533,モーリス,アグネスタキオン
2022104918,レイデオロ,ディープブリランテ
2022104050,ストロングリターン,ザール
2020105951,エピファネイア,ディープインパクト
2020102078,リアルスティール,トウカイテイオー
2020100680,ディープブリランテ,ブライアンズタイムBrian'
2020103331,ジャスタウェイ,Congaree
2021105643,ハービンジャー,キングカメハメハ
2021101106,キズナ,キングヘイロー
2021102280,スワーヴリチャード,Camelot
2020104126,ドレフォン,Medaglia d'Oro
2023101558,エイシンフラッシュ,ディープインパクト
2023106844,インディチャンプ,ロックオブジブラルタル
2023105102,サートゥルナーリア,サクラバクシンオー
2023105952,トーセンレーヴ,Galileo
2023100095,アルアイン,フレンチデピュティ
2023109094,リアルスティール,キングカメハメハ
2023100461,アジアエクスプレス,アドマイヤボス
2023100280,フォーウィールドライブ,ケイムホーム
2023102158,マクフィ,ヨハネスブルグ
2023100075,サンライズソア,シルポート
2023109013,スマートファルコン,ティンバーカントリー
2023100239,ニューイヤーズデイ,ゼンノロブロイ
2023101186,サトノクラウン,マイネルラヴ
2023101397,モーニン,フジキセキ
2023101115,ディスクリートキャット,パイロ
2023102782,パイロ,ディープインパクト
2023101135,パイロ,ダイワメジャー
2023106406,スクリーンヒーロー,ロージズインメイ
2023100633,ゴールドドリーム,サウスヴィグラス
2023105592,ミスチヴィアスアレックス,ゴールドアリュール
2023101524,サートゥルナーリア,ゴールドアリュール
2023106273,ブリックスアンドモルタル,ディープインパクト
2023106252,ドレフォン,カフェオリンポス
2023106331,ミスチヴィアスアレックス,ディープインパクト
2023109074,モズアスコット,オルフェーヴル
2023100810,エスケンデレヤ,スマートファルコン
2023102209,シルバーステート,アグネスタキオン
2023103270,ファインニードル,オペラハウス
2023100027,ダノンスマッシュ,クロフネ
2023104450,シスキン,ディープブリランテ
2023101592,キタサンブラック,Afternoon Deelites
2023105384,エピファネイア,Dubawi
2023107329,レイデオロ,マンハッタンカフェ
2023101825,ジャスタウェイ,バゴ
2023104401,コントレイル,Dubawi
2023103238,ダノンプレミアム,Singspiel
2023106279,ミッキースワロー,ダイワメジャー
2023107313,ロードカナロア,ディープインパクト
2023100943,ルーラーシップ,ダンスインザダーク
2023102797,サートゥルナーリア,ブライアンズタイムBrian'
2023104691,サトノジェネシス,タイキシャトル
2023102397,ヴァンゴッホ,ディープインパクト
2023102072,ダノンスマッシュ,ゼンノロブロイ
2023101132,サンダースノー,ディープスカイ
2023103709,ルヴァンスレーヴ,キングカメハメハ
2023106836,リオンディーズ,ディープインパクト
2023101814,ビーチパトロール,ダイワメジャー
2023101125,ファインニードル,コマンズ
2023106979,クリソベリル,クロフネ
2023105413,ゴールドドリーム,ボーナスフィーバー
2023102796,ニューイヤーズデイ,ハーツクライ
2023102575,アドマイヤマーズ,Galileo
2023101489,スマートファルコン,キングズベストKing'
2023104886,ロードカナロア,Tiznow
2023106944,サートゥルナーリア,Azamour
2021101385,コパノリッキー,スウェプトオーヴァーボード
2022106542,リオンディーズ,ディープインパクト
2020100233,ハーツクライ,キングカメハメハ
2021105048,キズナ,Dance Brightly
2021105562,キズナ,Broken Vow
2019103728,ホッコータルマエ,シンボリクリスエス
2020105228,バンドワゴン,リンカーン
2023103895,モーリス,Street Boss
2022104009,シニスターミニスター,サウスヴィグラス
2021104101,キンシャサノキセキ,エンパイアメーカー
2023106037,アルアイン,ロードカナロア
2023106435,ベンバトル,シンボリクリスエス
2023100433,ホッコータルマエ,スズカマンボ
2023103875,サトノアラジン,キングカメハメハ
2023103047,シャンハイボビー,マーベラスサンデー
2023105248,レイデオロ,ゼンノロブロイ
2023106416,ビーチパトロール,ダノンシャンティ
2023106885,シスキン,Congrats
2023102266,ディープブリランテ,ダンカーク
2023106784,ニューイヤーズデイ,ジャスタウェイ
2023106948,マクフィ,ハーツクライ
2023102399,マインドユアビスケッツ,アグネスタキオン
2023104565,モーニン,ゴールドアリュール
2023107536,McKinzie,Dubawi
2023105008,ブリックスアンドモルタル,オルフェーヴル
2023107249,モーリス,キングカメハメハ
2023103834,アメリカンペイトリオット,ヨハネスブルグ
2023101647,フォーウィールドライブ,ロードカナロア
2023101571,カリフォルニアクローム,ゴールドアリュール
2023105161,ダノンバラード,アグネスデジタル
2023105950,トーセンレーヴ,キングカメハメハ
2023104550,モーニン,タイムパラドックス
2023107030,キタサンブラック,キングヘイロー
2023105000,スクリーンヒーロー,ディープインパクト
2023103799,ルヴァンスレーヴ,Kitten's Joy
2023101582,シルバーステート,ゴールドアリュール
2023103729,ハービンジャー,クロフネ
2023104390,キズナ,Galileo
2023106451,Dawn Approach,Teofilo
2023105962,オルフェーヴル,リアルインパクト
2023104632,リオンディーズ,キズナ
2021105749,ドレフォン,ディープインパクト
2022102260,フィエールマン,シャンハイボビー
2020103901,ヴァンセンヌ,ヘニーヒューズ
2021102707,キズナ,シンボリクリスエス
2022106545,デクラレーションオブウォー,ホワイトマズル
2022104635,エピファネイア,ロードカナロア
2022104717,キズナ,Azamour
2021105982,レイデオロ,メジロベイリー
2022100128,リアルスティール,エピファネイア
2022105783,ニューイヤーズデイ,ネオユニヴァース
2020100583,ヘニーヒューズ,エンパイアメーカー
2021101685,ディスクリートキャット,パイロ
2022105381,リオンディーズ,スウェプトオーヴァーボード
2022104219,シャンハイボビー,ヴィクトワールピサ
2022101016,ゴールドドリーム,ストーミングホーム
2022107130,ルヴァンスレーヴ,フレンチデピュティ
2019102491,ドレフォン,Galileo
2021104424,スピリッツミノル,ワイルドラッシュ
2021109113,コパノリッキー,ブライアンズタイムBrian'
2023100941,オルフェーヴル,キングカメハメハ
2023101401,ルーラーシップ,ジャングルポケット
2023103544,ロードカナロア,Sligo Bay
2023104149,ダノンプレミアム,チチカステナンゴ
2023104870,ロジャーバローズ,スペシャルウィーク
2023103320,マジェスティックウォリアー,エンパイアメーカー
2023103764,シスキン,フジキセキ
2023103291,ドレフォン,ネオユニヴァース
2023101039,フォーウィールドライブ,エイシンフラッシュ
2023100099,ビッグアーサー,ハーツクライ
2023101264,ミスチヴィアスアレックス,ハービンジャー
2023104595,アスクピーターパン,ネオユニヴァース
2020106884,パイロ,ネオユニヴァース
2023106469,ベンバトル,ディープインパクト
2023103468,レイデオロ,ハービンジャー
2023106916,イスラボニータ,Frankel
2023101880,ハービンジャー,フジキセキ
2023103639,フォーウィールドライブ,Royal Applause
2023105826,ダノンプレミアム,ケープブランコ
2023106936,ダンカーク,クロフネ
2023106126,ゴールドシップ,クロフネ
2023107086,リアルスティール,Monsun
2023103597,ブリックスアンドモルタル,ダイワメジャー
2023105275,モーリス,ディープインパクト
2023103487,エピファネイア,ロードカナロア
2023107172,サートゥルナーリア,City Zip
2023102172,コントレイル,メイショウサムソン
2023105457,スワーヴリチャード,スクリーンヒーロー
2023103898,アドマイヤマーズ,Congrats
2023105226,サートゥルナーリア,ステイゴールド
2023104406,コントレイル,Giant's Causeway
2023103430,レイデオロ,Spring At Last
2023102065,ジャスタウェイ,アイルハヴアナザーI'
2023107261,ダノンスマッシュ,ディープインパクト
2023100397,インディチャンプ,アイルハヴアナザーI'
2023106154,サトノダイヤモンド,ハービンジャー
2023103805,シスキン,シンボリクリスエス
2023103237,レイデオロ,Bodemeister
2022100526,ホッコータルマエ,ジャングルポケット
2022106199,ルヴァンスレーヴ,ワイルドラッシュ
2021101950,ダノンレジェンド,マヤノトップガン
2023105106,ナダル,ゴールドアリュール
2023106845,ルヴァンスレーヴ,オルフェーヴル
2021105416,リアルインパクト,ウォーエンブレム
2022102732,モズアスコット,ハーツクライ
2022101574,スワーヴリチャード,Loup Solitaire
2021110077,Frankel,Monsun
2018105162,ワールドエース,シンボリクリスエス
2019105168,ハーツクライ,Candy Stripes
2021106645,キズナ,Frankel
2022100418,アルアイン,Vicar
2022104972,ミッキーアイル,スニッツェル
2021101896,ドゥラメンテ,アグネスタキオン
2020100651,モーリス,サクラバクシンオー
2023101323,シニスターミニスター,クロフネ
2023105727,モズアスコット,Uncle Mo
2023105454,カリフォルニアクローム,クロフネ
2023102281,タリスマニック,アドマイヤムーン
2023106895,ディーマジェスティ,サクラバクシンオー
2023105817,ロードカナロア,オルフェーヴル
2023100913,コントレイル,Galileo
2023103290,デクラレーションオブウォー,ディープインパクト
2023102426,ヴァンセンヌ,サクラバクシンオー
2023106999,エピファネイア,Dubawi
2023103434,ロードカナロア,City Zip
2023105285,サトノダイヤモンド,Dubawi
2023103086,シスキン,Frankel
2023102210,リオンディーズ,ディープインパクト
2023105222,ドレフォン,キングカメハメハ
2023106965,リオンディーズ,ハーツクライ
2023100285,ダノンスマッシュ,ブライアンズタイムBrian'
2023103100,ビッグアーサー,スペシャルウィーク
2023103231,ミスチヴィアスアレックス,ダイワメジャー
2023106085,オルフェーヴル,ヨハネスブルグ
2023102527,イスラボニータ,ウォーエンブレム
2023102157,ハービンジャー,リンカーン
2023107282,サートゥルナーリア,オルフェーヴル
2023101778,ビーチパトロール,マンハッタンカフェ
2023101392,ファインニードル,ハービンジャー
2023100031,エポカドーロ,アドマイヤムーン
2023100991,タニノフランケル,ハービンジャー
2023105311,リアルスティール,Zoffany
2023107352,レイデオロ,アグネスタキオン
2023107238,コントレイル,Mizzen Mast
2023106913,スワーヴリチャード,Frankel
2023106803,ドレフォン,ディープインパクト
2023103886,シルバーステート,Exceed And Excel
2023103915,アメリカンペイトリオット,エピファネイア
2023100629,インディチャンプ,Giant's Causeway
2023100812,クラウンレガーロ,エピファネイア
2023106455,ウインブライト,Bernstein
2023104002,ダノンバラード,トーセンブライト
2023107145,シスキン,ネオユニヴァース
2023102317,ルーラーシップ,ゼンノロブロイ
2023100002,マクフィ,ダイワメジャー
2023107407,サートゥルナーリア,フジキセキ
2022105473,リアルインパクト,ディスクリートキャット
2022105858,ドゥラメンテ,Power
2022105769,キズナ,Dynaformer
2022105454,オルフェーヴル,クロフネ
2023103752,サートゥルナーリア,オルフェーヴル
2023106492,ダノンバラード,スターリングローズ
2019106030,ジョーカプチーノ,サンダーガルチ
2021105508,ニューイヤーズデイ,ゴールドアリュール
2021105692,ニューイヤーズデイ,ハーツクライ
2021105119,ロードカナロア,サクラバクシンオー
2016103884,ベルシャザール,ロックオブジブラルタル
2022100328,ハクサンムーン,デュランダル
2020103736,リアルスティール,クロフネ
2021103711,カリフォルニアクローム,キングヘイロー
2023106407,ダノンバラード,アグネスデジタル
2023105841,ヴァンゴッホ,ロードカナロア
2023101724,モズアスコット,エピファネイア
2023109104,ロードバリオス,Proud Citizen
2023102411,ブラックタイド,Hansen
2023104412,キズナ,War Front
2023106694,シルバーステート,Giant's Causeway
2023100276,ダノンスマッシュ,ネオユニヴァース
2023106766,ミスターメロディ,スペシャルウィーク
2023106458,ベンバトル,ハーツクライ
2023101148,ディスクリートキャット,パイロ
2023100858,マジェスティックウォリアー,ハーツクライ
2023103142,ミスチヴィアスアレックス,ディープスカイ
2023106994,ドレフォン,ハーツクライ
2023107325,ドレフォン,ディープインパクト
2023102313,ゴールドドリーム,Flatter
2023106409,ゴールドドリーム,エンパイアメーカー
2023105022,ダノンレジェンド,パイロ
2023103610,パドトロワ,エンパイアメーカー
2023107096,ドレフォン,ディープインパクト
2023100909,サートゥルナーリア,シンボリクリスエス
2023106448,ベンバトル,オルフェーヴル
2023105619,ドレフォン,ハーツクライ
2023106682,カリフォルニアクローム,ディープインパクト
2023103391,キズナ,Green Tune
2023106145,フィエールマン,High Chaparral
2023105443,キセキ,Richly Blended
2023102732,イスラボニータ,ハーツクライ
2023106007,キタサンブラック,ロードカナロア
2023107039,コントレイル,Medicean
2023106206,サートゥルナーリア,ハービンジャー
2023103175,St Mark's Basilica,Le Havre
2023107044,リアルスティール,Not A Single Doubt
2023104606,ダノンバラード,ロードカナロア
2023106462,スクリーンヒーロー,ゴールドシップ
2023103731,ドレフォン,ブライアンズタイムBrian'
2023104559,ヤマカツエース,クロフネ
2023103144,サトノダイヤモンド,ノヴェリスト
2023100084,ウインブライト,ロージズインメイ
2023102734,ハービンジャー,ジャングルポケット
2023100465,ホークビル,ゴールドアリュール
2023107475,アルアイン,サウスヴィグラス
2022105501,イスラボニータ,Footstepsinthesand
2021100190,ブリックスアンドモルタル,ルーラーシップ
2022110010,Bernardini,More Than Ready
2022100613,ドゥラメンテ,キンシャサノキセキ
2022103577,ジャスタウェイ,スタチューオブリバティ
2021103332,ホッコータルマエ,ゴールドアリュール
2021104631,サトノアラジン,ファルブラヴ
2020106659,ラニ,ルーラーシップ
2022104257,タツゴウゲキ,サクラプレジデント
2019101614,キタサンブラック,Giant's Causeway
2019105143,キタサンブラック,Bernardini
2020103129,ハービンジャー,ディープインパクト
2023105714,スクリーンヒーロー,Danehill Dancer
2023107068,コントレイル,ストリートセンス
2023102621,アメリカンペイトリオット,ハーツクライ
2023107538,Yaupon,Violence
2023104053,フィレンツェファイア,フジキセキ
2023102594,パイロ,ゴールドアリュール
2023104526,アジアエクスプレス,オルフェーヴル
2023101707,ホッコータルマエ,パイロ
2023100252,フォーウィールドライブ,ジェイドロバリー
2023100376,ルヴァンスレーヴ,ダノンシャンティ
2023104001,アメリカンペイトリオット,アグネスタキオン
2023101845,ヴァンゴッホ,ゼンノロブロイ
2023100750,ニシケンモノノフ,キングヘイロー
2023103873,ヘンリーバローズ,エピファネイア
2023100789,ダノンプレミアム,ヘニーヒューズ
2023100118,ディーマジェスティ,スクリーンヒーロー
2023106727,オルフェーヴル,カリフォルニアクローム
2023103668,ブリックスアンドモルタル,エンパイアメーカー
2023102305,アポロケンタッキー,スクリーンヒーロー
2023107228,エピファネイア,キングカメハメハ
2023107168,キタサンブラック,Pierro
2023105642,キズナ,Sea The StarsSea the Stars
2023107331,ドレフォン,キングカメハメハ
2023103298,レイデオロ,ハーツクライ
2023104676,リオンリオン,ハービンジャー
2023103461,コントレイル,Storm Cat
2023105262,サートゥルナーリア,ファルブラヴ
2023106362,ハービンジャー,Get Stormy
2023104174,ヘニーヒューズ,スクリーンヒーロー
2023106821,ロードカナロア,Galileo
2023105363,ベンバトル,アグネスデジタル
2023106626,ミッキーグローリー,スウェプトオーヴァーボード
2023103360,リアルスティール,Manduro
2023104274,ロージズインメイ,タートルボウル
2023107029,ドレフォン,クロフネ
2023107195,ヴァンゴッホ,コンデュイット
2023105177,ルヴァンスレーヴ,ダイワメジャー
2023101644,オルフェーヴル,キングカメハメハ
2023104765,クリソベリル,ベーカバド
2023104727,クリソベリル,ヘニーヒューズ
2023105594,トランセンド,キングカメハメハ
2023101987,レーヴミストラル,ダイワメジャー
2023104849,ドレフォン,Paynter
2023102502,ホッコータルマエ,Singspiel
2021100337,パイロ,カリスタグローリ
2022102262,フィエールマン,Camelot
2022100704,ジャスタウェイ,Malibu Moon
2022110093,Into Mischief,ダイワメジャー
2021105360,ドレフォン,ゴールドヘイロー
2021102389,ヘニーヒューズ,ダイワメジャー
2019100723,ヘニーハウンド,サンデーサイレンス
2023100917,レイデオロ,Equal Stripes
2023102906,コントレイル,War Front
2018104030,リオンディーズ,Dylan Thomas
2021105736,モーリス,キングカメハメハ
2021107259,シニスターミニスター,エンパイアメーカー
2018101894,カレンブラックヒル,ブライアンズタイムBrian'
2023106208,スズカコーズウェイ,スズカマンボ
2023106969,サトノダイヤモンド,キングカメハメハ
2023107163,レイデオロ,ネオユニヴァース
2023106966,モーリス,ダイワメジャー
2017105439,キングカメハメハ,ディープインパクト
2023103356,アドマイヤマーズ,Dubawi
2023105449,ガルボ,アグネスデジタル
2023106835,リアルスティール,Orpen
2023102418,ベンバトル,スマートファルコン
2023104156,ワールドプレミア,シャンハイボビー
2023101165,ベンバトル,ダイワメジャー
2023102167,リオンディーズ,ゼンノロブロイ
2023102019,シルバーステート,Siyouni
2023101110,バゴ,ディープインパクト
2023100585,Sottsass,Teofilo
2023103971,リアルスティール,ストロングリターン
2023105883,シルバーステート,アドマイヤコジーン
2023104273,トランセンド,ブラックタイド
2023103583,スワーヴリチャード,タニノギムレット
2023101907,タニノフランケル,フジキセキ
2023105064,コントレイル,Into Mischief
2023104068,ミスチヴィアスアレックス,ステイゴールド
2023101296,ミッキーアイル,ルーラーシップ
2023107255,ルヴァンスレーヴ,Dubawi
2023107532,Mo Town,City Zip
2023101727,ビッグアーサー,マンハッタンカフェ
2023102440,ウインブライト,ロージズインメイ
2023104588,シルバーステート,パイロ
2023100351,アルアイン,ロードカナロア
2023101279,サトノジェネシス,クリーンエコロジー
2023103002,シュヴァルグラン,グラスワンダー
2023100861,タワーオブロンドン,ファルブラヴ
2023104351,ドレフォン,エピファネイア
2023102074,ロジャーバローズ,マリエンバード
2023107528,Yaupon,Violence
2023101869,ジョーカプチーノ,キンシャサノキセキ
2023101606,シルバーステート,キングヘイロー
2023104082,ミスターメロディ,マンハッタンカフェ
2023106599,ダノンキングリー,アグネスデジタル
2022110066,American Pharoah,ヴィクトワールピサ
2022101676,モーリス,コマンズ
2021104504,カリフォルニアクローム,Singspiel
2020100446,ゴールドシップ,Danehill Dancer
2020106746,アメリカンペイトリオット,Leroidesanimaux
2021110148,パレスマリス,More Than Ready
2021101457,ダノンレジェンド,ハーツクライ
2019100252,バトルプラン,スペシャルウィーク
2020110106,American Pharoah,Tiznow
2021105688,ドレフォン,メイショウサムソン
2022105824,ヘニーヒューズ,ステイゴールド
2023107348,キズナ,American Pharoah
2023101301,ゴールドドリーム,キングカメハメハ
2023100801,カリフォルニアクローム,カネヒキリ
2023110050,Wootton Bassett,Galileo
2023101498,ミスターメロディ,エアジハード
2023103338,アルアイン,Pioneerof the Nile
2023107087,フィエールマン,キングカメハメハ
2023106981,ラブリーデイ,フレンチデピュティ
2023103552,マインドユアビスケッツ,ルーラーシップ
2023101477,ニューイヤーズデイ,ダイワメジャー
2023104708,フォーウィールドライブ,シニスターミニスター
2023106369,パイロ,オルフェーヴル
2023102182,ダノンプレミアム,タイキシャトル
2023107385,キセキ,ステイゴールド
2023102284,ルヴァンスレーヴ,スパイキュール
2023102188,アポロケンタッキー,キングカメハメハ
2023100921,アメリカンペイトリオット,サクラバクシンオー
2023103592,ニューイヤーズデイ,ダイワメジャー
2023104329,サンダースノー,コマンズ
2023106374,アメリカンペイトリオット,ゴールドアリュール
2023107033,レイデオロ,ヴァーミリアン
2023105694,ハクサンムーン,ゴールドアリュール
2023106244,メイショウボーラー,ステイゴールド
2023103835,アジアエクスプレス,シンボリクリスエス
2023105314,ポエティックフレア,ネオユニヴァース
2023106849,インディチャンプ,Harlan's Holiday
2023107333,エピファネイア,ディープインパクト
2023106947,サートゥルナーリア,ディープインパクト
2023101645,ミッキーアイル,タニノギムレット
2023102802,リアルスティール,ケープブランコ
2023103714,キズナ,Pollard's Vision
2023104023,ベンバトル,フレンチデピュティ
2023103010,タニノフランケル,オペラハウス
2023101298,サトノダイヤモンド,ロードカナロア
2023106427,ベンバトル,マツリダゴッホ
2023100390,ロジャーバローズ,ダンカーク
2023100181,ダノンスマッシュ,フォーティナイナー
2022104758,ナダル,ゴールドアリュール
2021100652,マジェスティックウォリアー,ヴァーミリアン
2021105386,ニューイヤーズデイ,マンハッタンカフェ
2021103387,サトノアラジン,サクラバクシンオー
2021103017,ニューイヤーズデイ,キャプテンスティーヴ
2022104965,サトノダイヤモンド,Anabaa
2022100403,レイデオロ,ヴィクトワールピサ
2022105710,サートゥルナーリア,ハーツクライ
2022104929,アドマイヤマーズ,Havana Gold
2020101677,デクラレーションオブウォー,シンボリクリスエス
2023100734,ロードカナロア,アドマイヤベガ
2023104248,タワーオブロンドン,Shamardal
2023107277,モーリス,Fastnet Rock
2023103550,ブリックスアンドモルタル,ローエングリン
2023103618,マインドユアビスケッツ,ディープインパクト
2023103153,キタサンブラック,Azamour
2023101171,タワーオブロンドン,ダイワメジャー
2023106991,モーリス,ダイワメジャー
2023101478,サートゥルナーリア,キングヘイロー
2023106485,ベンバトル,オルフェーヴル
2023103459,イスラボニータ,エピファネイア
2023107311,ロードカナロア,ステイゴールド
2023103816,サートゥルナーリア,ディープインパクト
2023105956,トーセンレーヴ,Put It Back
2023104698,ダンカーク,モーリス
2023103145,マクフィ,ディープインパクト
2023105867,ブリックスアンドモルタル,マツリダゴッホ
2023102320,タニノフランケル,サマーバード
2023107256,キズナ,Medaglia d'Oro
2023105255,ポエティックフレア,ハービンジャー
2023101048,アドマイヤマーズ,アドマイヤムーン
2023100440,ディーマジェスティ,キングヘイロー
2023100651,アルアイン,ハーツクライ
2023103438,ブリックスアンドモルタル,Seattle Fitz
2023103601,スクリーンヒーロー,シンボリクリスエス
2023106827,ロードカナロア,ブラックタイド
2023106597,ストーミーシー,アドマイヤマックス
2022100994,ルヴァンスレーヴ,ヨハネスブルグ
2023107345,フィエールマン,Dark Angel
2022105590,ブリックスアンドモルタル,ディープインパクト
2018104332,ヘニーヒューズ,フジキセキ
2019105346,ディープインパクト,Royal Anthem
2021105436,スワーヴリチャード,ハービンジャー
2021103272,ゴールドシップ,フレンチデピュティ
2020103532,サトノクラウン,マンハッタンカフェ
2020102899,キタサンブラック,Motivator
2020107081,ブラックタイド,クロフネ
2023102213,ミスチヴィアスアレックス,ケイムホーム
2023107237,クリソベリル,クロフネ
2023107284,ルヴァンスレーヴ,クロフネ
2023105228,ゴールドドリーム,ディスクリートキャット
2023103471,キズナ,サクラバクシンオー
2023106408,ゴールドシップ,マイネルラヴ
2023110062,Authentic,Curlin
2023103068,モズアスコット,ブラックタイド
2023101495,マジェスティックウォリアー,ワイルドラッシュ
2023106313,デクラレーションオブウォー,ヨハネスブルグ
2023103133,ダノンプレミアム,ヘニーヒューズ
2023103084,マジェスティックウォリアー,ハーツクライ
2023101307,カレンブラックヒル,クリプティックラスカル
2023107537,Known Agenda,Tiznow
2023102135,アルアイン,スマートファルコン
2023101643,ミスターメロディ,ワークフォース
2023104564,ベストウォーリア,Pivotal
2023101108,タワーオブロンドン,Dansili
2023100828,デクラレーションオブウォー,ダイワメジャー
2023106533,ダノンレジェンド,パイロ
2023101383,ホッコータルマエ,オルフェーヴル
2023105419,アスクピーターパン,ディープインパクト
2023105238,ロードカナロア,Ghostzapper
2023103467,エピファネイア,ノヴェリスト
2023105007,エピファネイア,Catcher In The Rye
2023103429,キズナ,ジャスタウェイ
2023106465,ベンバトル,ステイゴールド
2023106418,ゴールドシップ,スクリーンヒーロー
2023104854,レイデオロ,ハービンジャー
2023107394,アメリカンペイトリオット,More Than Ready
2023102908,マクフィ,Mineshaft
2023103628,ジャスタウェイ,クロフネ
2023101479,モズアスコット,Dalakhani
2023107015,キタサンブラック,ルーラーシップ
2023102776,ゴールドシップ,アグネスタキオン
2023104909,ダノンスマッシュ,ステイゴールド
2023105208,モズアスコット,フジキセキ
2023102390,ディーマジェスティ,Henrythenavigator
2023103421,ドレフォン,トワイニング
2023106429,ゴールドシップ,Magician
2023106332,ドリームバレンチノ,フサイチセブン
2023101830,ビッグアーサー,Kingman
2023102410,ブリックスアンドモルタル,ブラックタイド
2023107456,サンダースノー,クロフネ
2023105938,エピファネイア,Sky Mesa
2023104032,サンダースノー,ヘニーヒューズ
2023101314,サートゥルナーリア,Storm Cat
2023106396,オルフェーヴル,ロードカナロア
2021110134,St Patrick's Day,Sky Mesa
2021103574,Liam's Map,ストリートセンス
2020102805,ロードカナロア,スペシャルウィーク
2018106458,ミッキーアイル,ホワイトマズル
2023105685,ブリックスアンドモルタル,ディープインパクト
2023103782,イスラボニータ,Liaison
2023106184,ビッグアーサー,ディープインパクト
2023102542,ファインニードル,ブラックタイド
2022104126,モーリス,ステイゴールド
2022104611,エピファネイア,ステイゴールド
2022105069,ダイワメジャー,Blame
2023107148,キズナ,キングカメハメハ
2023105572,レイデオロ,ディープインパクト
2023107162,クリソベリル,キングカメハメハ
2023102813,Gun Runner,Maclean's Music
2023104671,マジェスティックウォリアー,キングヘイロー
2023107443,ナダル,ダイワメジャー
2023105893,ウインブライト,ショウナンカンプ
2023105570,キタサンブラック,Soldier Hollow
2023107364,アドマイヤマーズ,Oasis Dream
2023106843,コントレイル,American Post
2023107111,シルバーステート,キングカメハメハ
2023101050,コントレイル,Mastercraftsman
2023101116,バゴ,ステイゴールド
2023104486,ゴールドシップ,ロージズインメイ
2023104597,サトノダイヤモンド,シンボリクリスエス
2023103422,ポエティックフレア,Le Havre
2023107382,ゴールドドリーム,Forest Camp
2023105264,ニューイヤーズデイ,ゴールドヘイロー
2023105439,シュヴァルグラン,シニスターミニスター
2023103717,ドレフォン,Tapit
2023104101,ヘニーヒューズ,メイショウサムソン
2023103376,エピファネイア,Hawk Wing
2023106914,リアルスティール,Champs Elysees
2023105342,クリソベリル,Mamool
2023102520,クリソベリル,キングカメハメハ
2023106870,オルフェーヴル,ヘニーヒューズ
2023102430,ダノンバラード,バトルプラン
2023101366,レッドファルクス,キングカメハメハ
2023106696,トビーズコーナーToby',キングヘイロー
2023105196,フィレンツェファイア,デヒア
2021104314,シニスターミニスター,Proudest Romeo
2022103242,American Pharoah,Into Mischief
2021110131,Bernardini,ストリートセンス
2021102516,バンブーエール,パイロ
2023110090,Tiz the Law,First Samurai
2023101269,ダノンレジェンド,フリオーソ
2023110100,Good Magic,Point of Entry
2023104352,ルヴァンスレーヴ,ファスリエフ
2023101423,シャンハイボビー,サウスヴィグラス
2021105138,キタサンブラック,ハービンジャー
2019100109,ディープインパクト,クロフネ
2019104909,スクリーンヒーロー,Layman
2019105552,ハービンジャー,キングカメハメハ
2021104665,シルバーステート,スペシャルウィーク
2017101767,オルフェーヴル,ダンスインザダーク
2022104942,エピファネイア,ハービンジャー
2023107021,ダノンスマッシュ,サンデーサイレンス
2023110075,Dabirsim,Green Tune
2023107370,ポエティックフレア,ファルブラヴ
2023104493,ダノンバラード,グラスワンダー
2023104935,ヴァンゴッホ,スズカフェニックス
2023100741,カリフォルニアクローム,Monarchos
2023103810,マインドユアビスケッツ,ヴィクトワールピサ
2023104913,スワーヴリチャード,ヨハネスブルグ
2023102707,キズナ,スクワートルスクワート
2023101855,ゴールドシップ,バトルプラン
2023106305,キタサンブラック,Smart Strike
2023105965,サートゥルナーリア,ディープインパクト
2023105904,サトノジェネシス,Frankel
2023107129,ダノンキングリー,キンシャサノキセキ
2023106254,ルーラーシップ,オペラハウス
2023105230,ブリックスアンドモルタル,フジキセキ
2023100737,サトノクラウン,ディープインパクト
2023106612,アメリカンペイトリオット,エピファネイア
2023102718,シルバーステート,ハーツクライ
2023106490,ベンバトル,ステイゴールド
2023100675,サートゥルナーリア,ディープインパクト
2023106810,シスキン,ダイワメジャー
2023107024,ロードカナロア,Tapit
2023105295,サートゥルナーリア,Manhattan Rain
2023107095,ドレフォン,キングカメハメハ
2023103530,サートゥルナーリア,ハーツクライ
2023103686,エピファネイア,キングカメハメハ
2023105725,キタサンブラック,ロックオブジブラルタル
2023103571,サートゥルナーリア,ダイワメジャー
2023100532,マクフィ,ディープインパクト
2023101394,スワーヴリチャード,Oasis Dream
2023105023,アルアイン,First Samurai
2023105830,ダノンプレミアム,ロードカナロア
2023105650,サートゥルナーリア,ディープインパクト
2023102361,ヴァンセンヌ,フサイチコンコルド
2022103781,Quality Road,War Front
2021104861,サトノダイヤモンド,Smart Strike
2018106474,リオンディーズ,クロフネ
2017105248,キズナ,Dansili
2020103388,リアルスティール,Wiesenpfad
2021103002,ブリックスアンドモルタル,キングカメハメハ
2022101432,レイデオロ,サンデーサイレンス
2022110083,American Pharoah,More Than Ready
2020103307,ロードカナロア,ハーツクライ
2020101599,ドレフォン,アフリート
2018106084,キングカメハメハ,マンハッタンカフェ
2019103034,ロードカナロア,Sligo Bay
2022104584,ドレフォン,Shackleford
2019101681,リオンディーズ,ブライアンズタイムBrian'
2023106272,ドレフォン,リーチザクラウン
2023102212,ナダル,ヴィクトワールピサ
2023106188,コントレイル,Tale of Ekati
2023103060,ビーチパトロール,ステイゴールド
2023107067,ロードカナロア,ハーツクライ
2023103528,モーリス,ディープインパクト
2023104397,ダイワメジャー,War Front
2023102392,アジアエクスプレス,ショウナンカンプ
2023102181,モズアスコット,ゴールドアリュール
2023104808,ニューイヤーズデイ,Kitten's Joy
2023105811,ダノンスマッシュ,エンパイアメーカー
2023102763,イスラボニータ,アグネスデジタル
2023104103,エスポワールシチー,Distorted Humor
2023103779,マインドユアビスケッツ,クロフネ
2023106078,ディープブリランテ,キングカメハメハ
2023106871,キズナ,Ruler of The World
2023105243,イスラボニータ,シニスターミニスター
2023106796,クリソベリル,ティンバーカントリー
2023101878,ドレフォン,キングカメハメハ
2023106587,マジェスティックウォリアー,チーフベアハート
2023104154,アジアエクスプレス,ダイワメジャー
2023101457,アメリカンペイトリオット,モンテロッソ
2023103138,ダノンスマッシュ,ハービンジャー
2023105153,ヴァンセンヌ,キングカメハメハ
2023101313,ロードカナロア,Giant's Causeway
2023110093,Not This Time,Saintly Look
2023105245,イスラボニータ,Bahamian Bounty
2023104069,ダノンスマッシュ,ハーツクライ
2023110057,Kameko,キングズベストKing'
2023102033,ホークビル,ダイワメジャー
2023101598,アメリカンペイトリオット,シンボリクリスエス
2023102525,キセキ,ゴールドアリュール
2023105156,ゴールドシップ,コンデュイット
2023104757,マクフィ,ローエングリン
2023106771,サトノジェネシス,ホワイトマズル
2022103643,American Pharoah,Drosselmeyer
2022103264,シニスターミニスター,ダイワメジャー
2018104512,キングカメハメハ,ジャングルポケット
2020103795,ドゥラメンテ,メジロベイリー
2022100623,Into Mischief,Candy Ride
2021100316,アジアエクスプレス,サウスヴィグラス
2021100734,ヘニーヒューズ,ディープスカイ
2020106908,ダノンレジェンド,メイショウサムソン
2021104910,ダイワメジャー,フレンチデピュティ
2022104145,ロードカナロア,マンハッタンカフェ
2021105379,ハーツクライ,Exchange Rate
2020103061,ロードカナロア,ディープインパクト
2021104894,エピファネイア,ネオユニヴァース
2022110139,カラヴァッジオ,Malibu Moon
2023106662,タワーオブロンドン,キズナ
2023101920,ビッグアーサー,マツリダゴッホ
2023103789,アルアイン,ステイゴールド
2023104684,ロジユニヴァース,エピファネイア
2023107322,ロードカナロア,ハーツクライ
2023110094,Bolt d'Oro,Sky Mesa
2023107260,ミッキーアイル,キングカメハメハ
2023100419,フィレンツェファイア,ハーツクライ
2023106494,サンダースノー,ゴールドアリュール
2023104780,モーニン,オルフェーヴル
2023107242,ナダル,フレンチデピュティ
2023100035,ベストウォーリア,Galileo
2023102804,ルヴァンスレーヴ,タニノギムレット
2023101642,マジェスティックウォリアー,ドゥラメンテ
2023100037,マジェスティックウォリアー,ヴァーミリアン
2023102107,マジェスティックウォリアー,シンボリクリスエス
2023110012,Frosted,Bodemeister
2023107529,Maclean's Music,Jump Start
2023100414,エイシンフラッシュ,カリズマティック
2023101420,カリフォルニアクローム,クロフネ
2023106828,リオンディーズ,マンハッタンカフェ
2023103888,グレーターロンドン,ウォーエンブレム
2023105726,フィエールマン,ロックオブジブラルタル
2023103173,スワーヴリチャード,Pivotal
2023106432,ダノンバラード,Street Boss
2023103152,インディチャンプ,Distorted Humor
2023103375,ダイワメジャー,Exchange Rate
2023104631,キズナ,Tapit
2023102292,ダノンプレミアム,サクラバクシンオー
2023107379,サトノジェネシス,Grand Lodge
2023106801,ハービンジャー,ホワイトマズル
2022105293,キズナ,Sageburg
2021102531,デクラレーションオブウォー,ディープインパクト
2022106316,シルバーステート,キングカメハメハ
2021105229,キズナ,クロフネ
2020105471,ホッコータルマエ,ハーツクライ
2023105325,モーリス,Orpen
2023104108,モズアスコット,スペシャルウィーク
2018106154,モーリス,キングカメハメハ
2020103577,ロードカナロア,フジキセキ
2020106782,ダノンレジェンド,ザッツザプレンティ
2023107116,リアルスティール,Scat Daddy
2023107066,リアルスティール,ワークフォース
2023110005,ハイランドリール,Lope de Vega
2023104857,コントレイル,シンボリクリスエス
2023107127,キタサンブラック,Galileo
2023107178,サートゥルナーリア,アグネスタキオン
2023105283,シスキン,フジキセキ
2023103345,イスラボニータ,Dubai Destination
2023107319,アドマイヤマーズ,ロードカナロア
2023107007,アドマイヤマーズ,キングカメハメハ
2023106805,サトノクラウン,ネオユニヴァース
2023103514,ロゴタイプ,ヴィクトワールピサ
2023104170,リオンディーズ,ゼンノロブロイ
2023104914,ミスチヴィアスアレックス,カンパニー
2023100892,フォーウィールドライブ,ネオユニヴァース
2023102676,キセキ,ダイワメジャー
2023103972,カリフォルニアクローム,ハーツクライ
2023101964,クワイトファイン,エピファネイア
2023107276,モーリス,キングカメハメハ
2023103719,St Mark's Basilica,Kingman
2023100955,モーリス,サクラバクシンオー
2023107120,エピファネイア,マンハッタンカフェ
2023100258,ビッグアーサー,タニノギムレット
2023104018,ダノンスマッシュ,ヴィクトワールピサ
2023101871,ミッキーロケット,ダイワメジャー
2023103410,ポエティックフレア,ディープインパクト
2023101129,アドマイヤムーン,ストーミングホーム
2023100756,ディスクリートキャット,パイロ
2023104200,ダノンプレミアム,American Pharoah
2023101080,モーリス,フジキセキ
2023102372,ダノンキングリー,タイキシャトル
2023103450,ルーラーシップ,ハーツクライ
2020103198,ドレフォン,ジェイドハンター
2021101241,ニューイヤーズデイ,スクリーンヒーロー
2022105964,キズナ,Istan
2021103732,キズナ,クロフネ
2020102315,コパノリッキー,クロフネ
2020103519,バンドワゴン,フジキセキ
2020101941,トーセンジョーダン,アルデバラン
2023103687,シスキン,ハーツクライ
2023100627,コントレイル,ヴィクトワールピサ
2023107014,エピファネイア,ディープインパクト
2023107199,サトノダイヤモンド,キングカメハメハ
2023106718,シルバーステート,ダイワメジャー
2022104829,エピファネイア,Tale of the Cat
2023107239,キタサンブラック,Storm Embrujado
2023103962,コパノリッキー,ジャスタウェイ
2023105608,ニューイヤーズデイ,キングカメハメハ
2023101100,パイロ,ディープインパクト
2023110106,McKinzie,Magna Graduate
2023107223,ルヴァンスレーヴ,Pioneerof the Nile
2023101928,ベンバトル,オレハマッテルゼ
2023100833,マテラスカイ,ダンスインザダーク
2023101260,オルフェーヴル,プリサイスエンド
2023101549,ベストウォーリア,パイロ
2023106386,マテラスカイ,スクリーンヒーロー
2023100667,フィエールマン,ハービンジャー
2023104349,ダイワメジャー,Lizard Island
2023106600,ストーミーシー,トーセンホマレボシ
2023104554,バゴ,スマートファルコン
2023106147,ゴールドドリーム,スタチューオブリバティ
2023106905,レイデオロ,キズナ
2023105246,モーリス,ダイワメジャー
2023105795,ロードカナロア,オルフェーヴル
2023106255,ダノンスマッシュ,アグネスタキオン
2023104305,レイデオロ,マンハッタンカフェ
2023107346,シルバーステート,Tiz Wonderful
2023105268,ダノンキングリー,Awesome Gambler
2023102414,スワーヴリチャード,ロージズインメイ
2023106378,サンダースノー,オルフェーヴル
2023101589,ダイワメジャー,Born To Sea
2023103994,キズナ,ナカヤマフェスタ
2023107488,エポカドーロ,クロフネ
2023106415,スワーヴリチャード,ロージズインメイ
2021106209,ロージズインメイ,ジャングルポケット
2022104687,ジャスタウェイ,Dansili
2023106940,ニューイヤーズデイ,ダイワメジャー
2023110101,Maxfield,Sky Mesa
2023106388,ミスチヴィアスアレックス,ハーツクライ
2021110156,Twirling Candy,Tapit
2020101872,アメリカンペイトリオット,スズカマンボ
2020103640,ミッキーロケット,ディープインパクト
2020103102,スピルバーグ,Oasis Dream
2022105281,エピファネイア,ワークフォース
2022105144,キタサンブラック,ロードカナロア
2016102080,ディープブリランテ,バゴ
2023106873,ポエティックフレア,ステイゴールド
2023105783,ダノンスマッシュ,オルフェーヴル
2023107272,サトノダイヤモンド,El Corredor
2023103507,アドマイヤマーズ,クロフネ
2023107216,American Pharoah,マジェスティックウォリアー
2023109067,モズアスコット,Street Cry
2023100359,ミスチヴィアスアレックス,ワークフォース
2023100937,ルヴァンスレーヴ,キングカメハメハ
2023103069,カレンブラックヒル,クロフネ
2023101929,マクフィ,シンボリクリスエス
2023103314,ロードカナロア,Galileo
2023100515,コパノリッキー,ネオユニヴァース
2023106648,マジェスティックウォリアー,キングカメハメハ
2023107422,サンダースノー,エピファネイア
2023103968,アジアエクスプレス,アイルハヴアナザーI'
2023105130,イスラボニータ,ルーラーシップ
2023103090,ドレフォン,ディープインパクト
2023107274,ルヴァンスレーヴ,ゴールドアリュール
2023102826,リオンディーズ,アドマイヤベガ
2023101688,ミッキーグローリー,ジャングルポケット
2023107056,キタサンブラック,Fast Company
2023107247,キタサンブラック,アルデバラン
2023105559,ポエティックフレア,ハーツクライ
2023107045,フィエールマン,ウォーエンブレム
2023106685,ロジャーバローズ,Invincible Spirit
2023102396,ゴールドシップ,Congrats
2023103772,ダノンスマッシュ,ステイゴールド
2023102183,ラブリーデイ,モンテロッソ
2023100591,アメリカンペイトリオット,Nathaniel
2023107292,エピファネイア,ディープインパクト
2023106438,ウインブライト,ブラックタイド
2023103504,スワーヴリチャード,メイショウサムソン
2021101833,デクラレーションオブウォー,ヨハネスブルグ
2023106833,リオンディーズ,ダイワメジャー
2023106785,イスラボニータ,Speightstown
2021105662,モーリス,キングカメハメハ
2020103487,ドゥラメンテ,Astronomer Royal
2020103947,ドゥラメンテ,ホワイトマズル
2020105681,ハーツクライ,Unbridled's Song
2021190001,Gleneagles,Sinndar
2021105143,エピファネイア,Congrats
2021110048,Siyouni,Galileo
2018105012,ディープインパクト,フレンチデピュティ
2021105560,レイデオロ,マンハッタンカフェ
2020103650,ドゥラメンテ,More Than Ready
2022102774,サトノクラウン,アドマイヤジャパン
2022106454,モーニン,ゴールドアリュール
2022109081,ケープブランコ,フジキセキ
2022103017,マクフィ,クロフネ
2022102310,サートゥルナーリア,ディープインパクト
2022101641,サンダースノー,コマンズ
2022103113,エスケンデレヤ,ヨハネスブルグ
2022105825,ドゥラメンテ,ハーツクライ
2020105498,タリスマニック,スペシャルウィーク
2020103440,ドゥラメンテ,シンボリクリスエス
2020103305,ルーラーシップ,ハービンジャー
2022105958,グレーターロンドン,ウォーエンブレム
2022100396,ゴールドシップ,エアジハード
2022102568,リーチザクラウン,ブラックタイド
2022106066,ロゴタイプ,クロフネ
2022105057,フィエールマン,Kingmambo
2022103591,マインドユアビスケッツ,スウェプトオーヴァーボード
2021101194,エイシンヒカリ,ティンバーカントリー
2019100899,ジョーカプチーノ,ハーツクライ
2021100637,ヘンリーバローズ,ルーラーシップ
2019106502,リオンディーズ,ケイムホーム
2021102272,スワーヴリチャード,Giant's Causeway
2022104028,エイシンフラッシュ,ウォーエンブレム
2021106421,トゥザワールド,フレンチデピュティ
2019105847,ヘニーヒューズ,マンハッタンカフェ
2021103061,キンシャサノキセキ,シンボリクリスエス
2017104092,ブラックタイド,ボストンハーバー
2020107113,ベストウォーリア,Vindication
2020103643,カレンブラックヒル,エリシオ
2021103214,カリフォルニアクローム,マンハッタンカフェ
2017100434,タートルボウル,Distant View
2021101705,シニスターミニスター,ストリートセンス
2017103788,バーディバーディ,マンハッタンカフェ
2018105748,ルーラーシップ,ゴールドアリュール
2022103370,オーヴァルエース,キングカメハメハ
2022102526,オーヴァルエース,キングズベストKing'
2022100775,バゴ,アグネスタキオン
2022102651,ダノンレジェンド,ヘニーヒューズ
2022106388,グァンチャーレ,バブルガムフェロー
2022100818,サンダースノー,ハーツクライ
2022104955,サートゥルナーリア,ゼンノロブロイ
2022102013,マクフィ,ネオユニヴァース
2022101685,オルフェーヴル,Shamardal
2022104979,フィエールマン,ウォーエンブレム
2022104191,エピファネイア,ディープインパクト
2022103000,サンダースノー,コンデュイット
2022101553,シニスターミニスター,クロフネ
2022102334,コパノリッキー,Oratorio
2022105971,モーリス,Congrats
2022102052,サトノアラジン,ジャングルポケット
2021100172,オルフェーヴル,ケープブランコ
2021104797,シニスターミニスター,Lemon Drop Kid
2021100681,マジェスティックウォリアー,ステイゴールド
2019102953,アイファーソング,アグネスデジタル
2018105011,リオンディーズ,フジキセキ
2016104618,キングカメハメハ,ダンスインザダーク
2019105344,ヘニーヒューズ,ゼンノロブロイ
2019104288,エイシンヒカリ,メイショウオウドウ
2021104547,シニスターミニスター,ルーラーシップ
2022101653,パイロ,Invincible Spirit
2022106336,サングレーザー,アドマイヤオーラ
2022104286,ディスクリートキャット,ゼンノロブロイ
2022103338,ダンカーク,マツリダゴッホ
2022101661,サンダースノー,Invincible Spirit
2022104477,ベストウォーリア,ワールドエース
2022102607,ゴールドドリーム,タニノギムレット
2022100157,アジアエクスプレス,アグネスデジタル
2018103503,マツリダゴッホ,アグネスデジタル
2018105846,トウケイヘイロー,フレンチデピュティ
2022107169,サンダースノー,シンボリクリスエス
2022101073,フィエールマン,Old Trieste
2022103327,ロジャーバローズ,アグネスデジタル
2021100257,シャンハイボビー,トワイニング
2021100155,モーリス,エンパイアメーカー
2021107331,タリスマニック,スニッツェル
2021105066,ジャスタウェイ,Efisio
2020103248,Quality Road,Mineshaft
2020105869,アジアエクスプレス,オルフェーヴル
2019105185,ドレフォン,サンデーサイレンス
2021104503,シニスターミニスター,ゴールドアリュール
2019105377,ロードカナロア,アグネスタキオン
2020105631,ハービンジャー,スペシャルウィーク
2020102942,キタサンブラック,ファルブラヴ
2022106216,リオンディーズ,スクリーンヒーロー
2022104446,アニマルキングダム,ロードカナロア
2022104072,レーヴミストラル,ダイワメジャー
2022100571,マジェスティックウォリアー,Sadler's Wells
2022103375,エスポワールシチー,ケイムホーム
2022102173,カレンブラックヒル,タイキシャトル
2022103870,ディーマジェスティ,キングズベストKing'
2022106161,ホッコータルマエ,キンシャサノキセキ
2020105211,ゴールドシップ,ボストンハーバー
2021104842,スワーヴリチャード,シンボリクリスエス
2018104503,ジャスタウェイ,ホワイトマズル
2019109053,ダノンシャーク,Malibu Moon
2021103301,ダンカーク,ネオユニヴァース
2019103824,マジェスティックウォリアー,ドリームジャーニー
2017106137,キンシャサノキセキ,エルハーブ
2022100046,オーヴァルエース,ベーカバド
2019105338,モーリス,ゼンノロブロイ
2021103754,マインドユアビスケッツ,サウスヴィグラス
2021106562,ヘニーヒューズ,キングカメハメハ
2019104356,ザファクター,シンボリクリスエス
2020103093,ダイワメジャー,Bellamy Road
2019104868,エピファネイア,グラスワンダー
2021106635,キズナ,Curlin
2018101087,タートルボウル,ブライアンズタイムBrian'
2019105455,キングカメハメハ,Pulpit
2021103020,レイデオロ,エンパイアメーカー
2020103892,ヘニーヒューズ,ダイワメジャー
2020103785,ドレフォン,キングカメハメハ
2018106259,ダノンレジェンド,アジュディケーティング
2020105835,ゴールドアクター,ハービンジャー
2022104682,ドゥラメンテ,オルフェーヴル
2022101307,フィエールマン,Kingmambo
2022104813,ドゥラメンテ,ストリートセンス
2020102809,ジャスタウェイ,Manduro
2021103481,ヴィクトワールピサ,シニスターミニスター
2019102922,ザファクター,ケイムホーム
2022106350,ミスターメロディ,クロフネ
2022100853,ノーブルミッション,ダイワメジャー
2022105341,ミッキーアイル,ハーツクライ
2022103839,サトノアラジン,スクリーンヒーロー
2022102129,パイロ,ゴールドアリュール
2022106889,パイロ,サウスヴィグラス
2022106296,エイシンフラッシュ,グラスワンダー
2022100697,エピファネイア,Lemon Drop Kid
2022101144,ディスクリートキャット,ケイムホーム
2022103004,エピファネイア,ハービンジャー
2022102333,スクリーンヒーロー,ハービンジャー
2022106784,ゴールドシップ,Dynaformer
2022101777,ゴールドシップ,クロフネ
2022106816,ゴールドシップ,ゼンノロブロイ
2022107201,Mendelssohn,Heliostatic
2022106317,デクラレーションオブウォー,カネヒキリ
2019104059,キングカメハメハ,Mr. Greeley
2021107012,キンシャサノキセキ,Kingmambo
2020100847,シルバーステート,Fusaichi Pegasus
2018104014,トーセンジョーダン,サクラプレジデント
2021100620,マジェスティックウォリアー,カリズマティック
2020104670,ハーツクライ,Arch
2020103545,ロードカナロア,ディープインパクト
2020106660,バゴ,ジャイアントレッカー
2022104005,エピファネイア,Oratorio
2022106389,ストロングリターン,ゼンノロブロイ
2022104710,オルフェーヴル,Include
2021106440,アドマイヤムーン,Shamardal
2019101270,ロードカナロア,Grand Slam
2022104952,レイデオロ,Not for Sale
2022104798,フィエールマン,Wiesenpfad
2022102195,キズナ,ゴールドアリュール
2022100185,シュヴァルグラン,スニッツェル
2022100841,フィエールマン,ケイムホーム
2022104012,ロジャーバローズ,クロフネ
2022107137,アメリカンペイトリオット,ディープブリランテ
2022107007,ジョーカプチーノ,ボストンハーバー
2022105239,ブラックタイド,ザール
2022104064,ドレフォン,Kingmambo
2022101276,ニューイヤーズデイ,リンカーン
2022102706,リアルインパクト,ディープスカイ
2022105924,ルヴァンスレーヴ,Distant View
2022104243,コパノリッキー,ワイルドラッシュ
2022106093,リアルスティール,スマートファルコン
2022103146,ビッグアーサー,ディープインパクト
2020103900,ロージズインメイ,スウェプトオーヴァーボード
2020106156,インカンテーション,パイロ
2021103219,シャンハイボビー,ゴールドアリュール
2019106470,アイファーソング,アグネスデジタル
2019105314,ジャスタウェイ,シンボリクリスエス
2018105256,キングカメハメハ,Dushyantor
2021101440,レイデオロ,ディープインパクト
2021104952,マインドユアビスケッツ,ダイワメジャー
2020103682,モーリス,ディープインパクト
2019105369,ドゥラメンテ,Monsun
2018102227,ミッキーアイル,キングカメハメハ
2019106335,ブラックタイド,ブライアンズタイムBrian'
2022101745,キタサンブラック,ネオユニヴァース
2022104214,グレーターロンドン,ルーラーシップ
2020102391,リアルスティール,ルーラーシップ
2021107280,マジェスティックウォリアー,ネオユニヴァース
2019104952,キンシャサノキセキ,Sri Pekan
2022107154,ファインニードル,Shamardal
2022106836,サングレーザー,ロードカナロア
2022106945,モーニン,エンドスウィープ
2022105579,ロードカナロア,ステイゴールド
2022102964,サンダースノー,カンパニー
2022103929,ベストウォーリア,フジキセキ
2022104277,イスラボニータ,バトルプラン
2022103209,サートゥルナーリア,ゼンノロブロイ
2022106008,マクフィ,ハービンジャー
2022106112,アメリカンペイトリオット,ゼンノロブロイ
2022103320,ミッキーグローリー,パイロ
2022100641,ロードカナロア,エンパイアメーカー
2021101776,エスポワールシチー,アグネスデジタル
2021103713,Mendelssohn,Mount Nelson
2021106104,ルーラーシップ,ネオユニヴァース
2021105388,ブリックスアンドモルタル,ロードカナロア
2017104128,エイシンフラッシュ,ダイワメジャー
2019104588,ジャスタウェイ,Victory Note
2018103796,トゥザワールド,モルフェデスペクタ
2018102196,トゥザワールド,スターリングローズ
2019100295,キタサンブラック,Malibu Moon
2018105814,ディープブリランテ,ジャングルポケット
2017103710,ルーラーシップ,スペシャルウィーク
2019104613,ドゥラメンテ,Dynaformer
2019101864,ハーツクライ,Seeking the Gold
2019101325,トビーズコーナーToby',アサクサデンエン
2018101621,エピファネイア,ダンスインザダーク
2022105078,エピファネイア,ディープインパクト
2022105031,アドマイヤマーズ,Wildcat Heir
2022107156,モーニン,ヴィクトワールピサ
2020103888,イスラボニータ,オペラハウス
2022102108,デクラレーションオブウォー,ロードカナロア
2022104350,ドゥラメンテ,Street Cry
2022100392,ゴールドドリーム,ディープブリランテ
2022102021,タワーオブロンドン,キングズベストKing'
2022107192,サンダースノー,ステイゴールド
2022102053,キズナ,ハービンジャー
2021107206,アメリカンペイトリオット,ダイワメジャー
2021100016,エイシンヒカリ,バチアー
2020103918,マインドユアビスケッツ,ダイワメジャー
2019106390,エピファネイア,ジャングルポケット
2022102764,ディープブリランテ,ハーツクライ
2022106726,ニューイヤーズデイ,Unbridled's Song
2022104556,キズナ,Bellamy Road
2022105051,アドマイヤマーズ,Rahy
2021100360,キズナ,シンボリクリスエス
2021100304,シュヴァルグラン,ダイワメジャー
2022101557,ジョーカプチーノ,More Than Ready
2022103959,パイロ,クリプティックラスカル
2019103358,シルバーステート,ゴールドヘイロー
2020104297,キタサンブラック,ジャングルポケット
2018105521,ハーツクライ,Elusive Quality
2020101292,シニスターミニスター,ディープインパクト
2019101633,モーリス,タイキシャトル
2018101878,モーリス,アジュディケーティング
2019100590,ロードカナロア,ファスリエフ
2021104399,ヘニーヒューズ,エンパイアメーカー
2020103579,ロードカナロア,スペシャルウィーク
2022106568,ディスクリートキャット,サウスヴィグラス
2022101229,アドマイヤマーズ,タバスコキャット
2022107344,リオンディーズ,ヴィクトワールピサ
2022102320,ノーブルミッション,ゼンノロブロイ
2022105085,サートゥルナーリア,ダイワメジャー
2022102584,アニマルキングダム,Selkirk
2022105537,オルフェーヴル,Speightstown
2022104107,ユアーズトゥルーリ,フサイチコンコルド
2022105276,イスラボニータ,スニッツェル
2022105412,ハービンジャー,アグネスタキオン
2022100679,ストロングリターン,オルフェーヴル
2022104576,ヴァンセンヌ,アグネスデジタル
2021100059,ヘンリーバローズ,バゴ
2019103907,ドゥラメンテ,Smart Strike
2019104674,ハービンジャー,ディープインパクト
2021105606,リアルスティール,マクフィ
2018103641,ストロングリターン,スターリングローズ
2022100154,ホッコータルマエ,エンパイアメーカー
2020105786,ゴールドシップ,ロージズインメイ
2018104609,ハーツクライ,Dynaformer
2019105775,キングカメハメハ,ヘクタープロテクター
2022105502,エピファネイア,フレンチデピュティ
2022100244,ドレフォン,アドマイヤムーン
2022105960,ドレフォン,サンデーサイレンス
2022104149,シルバーステート,シンボリクリスエス
2022100455,ゴールドアクター,スペシャルウィーク
2022102497,ロードカナロア,ディープインパクト
2022105005,ロードカナロア,ウォーエンブレム
2022106334,サングレーザー,マツリダゴッホ
2022106176,コパノリッキー,Vindication
2022106778,ウインブライト,Formal Dinner
2022102261,フィエールマン,Henrythenavigator
2022100166,ミスターメロディ,Tapit
2020101126,エピファネイア,ディープインパクト
2021102954,ホッコータルマエ,ネオユニヴァース
2021104627,Lonhro,Munnings
2020104796,ビッグアーサー,スペシャルウィーク
2021101299,スマートファルコン,シニスターミニスター
2022101925,ラブリーデイ,メイショウボーラー
2019105738,イスラボニータ,コンデュイット
2022104516,クリエイター,ダノンシャンティ
2022102934,エピファネイア,Storm Cat
2022103401,アドマイヤムーン,エイシンフラッシュ
2022103312,ビーチパトロール,ゴールドアリュール
2019103917,キズナ,フレンチデピュティ
2022105700,ルーラーシップ,ディープインパクト
2022107196,ネロ,ロードアルティマ
2022106888,アメリカンペイトリオット,アグネスタキオン
2022103908,アルバート,ダノンシャンティ
2022101112,アイファーソング,ステイゴールド
2020106690,ホッコータルマエ,チーフベアハート
2020103500,ドレフォン,シンボリクリスエス
2016102550,ジャングルポケット,ダンスインザダーク
2019100415,アジアエクスプレス,マーベラスサンデー
2018103711,ダノンレジェンド,アドマイヤムーン
2020103464,ルーラーシップ,アグネスタキオン
2018110035,Dark Angel,Nashwan
2021102279,イスラボニータ,Street Cry
2020105128,スクリーンヒーロー,ボストンハーバー
2022100469,スマートファルコン,ディープインパクト
2022101174,エイシンフラッシュ,ヒカリバオー
2022100916,アメリカンペイトリオット,ジャングルポケット
2022101789,アルアイン,Gone West
2022104429,ルーラーシップ,アグネスタキオン
2022102024,シャンハイボビー,ケイムホーム
2021105455,サトノダイヤモンド,Awesome of Course
2022104065,ルヴァンスレーヴ,マーベラスサンデー
2021100574,サトノダイヤモンド,タニノギムレット
2020103917,ダノンバラード,フサイチコンコルド
2021105164,ロゴタイプ,マンハッタンカフェ
2020105950,シニスターミニスター,ファスリエフ
2019103210,シニスターミニスター,フレンチデピュティ
2019102701,コパノリッキー,With Approval
2018105762,ブラックタイド,Distant View
2022106615,ルーラーシップ,ディープインパクト
2022100218,ゴールドシップ,Bernardini
2022104055,コパノリッキー,Pivotal
2022102558,ニューイヤーズデイ,マリエンバード
2022104211,ゴールドドリーム,ヘニーヒューズ
2022101996,パイロ,ヴィクトワールピサ
2022101728,ドレフォン,ハーツクライ
2022101921,サトノクラウン,デュランダル
2020101766,エピファネイア,ディープインパクト
2018100752,エイシンフラッシュ,ステイゴールド
2022106789,ゴールドシップ,Invincible Spirit
2022100967,エスポワールシチー,キンシャサノキセキ
2020105782,スクリーンヒーロー,マンハッタンカフェ
2019105857,マクフィ,ダンスインザダーク
2021101428,ハーツクライ,Giant's Causeway
2021105800,リアルスティール,Frankel
2021105370,モーリス,ステイゴールド
2020106910,シルバーステート,パイロ
2022102408,ミッキーアイル,ルーラーシップ
2021106936,リアルインパクト,パイロ
2020101853,ファインニードル,ストリートセンス
2021103300,デクラレーションオブウォー,ゴールドアリュール
2022109130,ケイムホーム,サクラバクシンオー
2022100782,シャンハイボビー,ディープインパクト
2022102122,モズアスコット,アグネスタキオン
2022103210,ダイワメジャー,Vindication
2022101726,モーリス,ナリタトップロード
2020104853,ヘニーヒューズ,Birdstone
2022106154,アドマイヤマーズ,Posse
2022102257,ラブリーデイ,Shirocco
2022100659,キタサンブラック,ブライアンズタイムBrian'
2022109083,デクラレーションオブウォー,ジャスタウェイ
2022103642,キタサンブラック,ハービンジャー
2022100402,パイロ,Dawn Approach
2022105441,イスラボニータ,キングカメハメハ
2022100071,マクフィ,ルーラーシップ
2021104448,カリフォルニアクローム,マンハッタンカフェ
2021105811,ジャスタウェイ,Nayef
2019104531,オルフェーヴル,Candy Ride
2020103228,ルーラーシップ,サクラバクシンオー
2019101190,ドゥラメンテ,パイロ
2018106055,ルーラーシップ,ゼンノロブロイ
2021100130,ロードカナロア,War Front
2020100815,バゴ,マンハッタンカフェ
2019105452,キタサンブラック,アルデバラン
2017103295,マツリダゴッホ,エアジハード
2022100359,ビッグアーサー,Frankel
2022104816,サートゥルナーリア,Candy Ride
2022102767,アメリカンペイトリオット,フレンチデピュティ
2022104496,ホッコータルマエ,Birdstone
2022100840,リアルスティール,アルデバラン
2022105195,リアルインパクト,Sadler's Wells
2022102303,キズナ,キングカメハメハ
2022103418,フォーウィールドライブ,アドマイヤオーラ
2022100792,リアルスティール,ハービンジャー
2022102028,サトノアラジン,ロードカナロア
2021105052,ドゥラメンテ,サンダーガルチ
2019105456,ドゥラメンテ,Not for Sale
2021102633,ビッグアーサー,エンパイアメーカー
2021104456,ダノンレジェンド,ブライアンズタイムBrian'
2019104816,ハービンジャー,ディープインパクト
2018103677,キズナ,Singspiel
2018102170,ゴールドシップ,ブライアンズタイムBrian'
2020103446,ルーラーシップ,シンボリクリスエス
2018104994,ハービンジャー,サンデーサイレンス
2018105291,ディープインパクト,Gold Away
2018104463,キズナ,クロフネ
2021102573,シニスターミニスター,メイショウオウドウ
2022102373,バゴ,ディープインパクト
2022100060,イスラボニータ,バランスオブゲーム
2022103630,カリフォルニアクローム,サウスヴィグラス
2022101232,ブルドッグボス,クロフネ
2022101967,ストロングリターン,ノヴェリスト
2022102811,ウインブライト,キンシャサノキセキ
2022102617,ダノンシャーク,エンパイアメーカー
2022104742,ニューイヤーズデイ,サンデーサイレンス
2022102639,シュヴァルグラン,アルカセット
2021102658,カレンブラックヒル,マンハッタンカフェ
2020103120,ドゥラメンテ,Zavata
2021101602,サンダースノー,ハーツクライ
2020110105,Speightstown,Milwaukee Brew
2021104991,グレーターロンドン,スニッツェル
2019101975,ミッキーアイル,クロフネ
2019105761,ジョーカプチーノ,メイショウサムソン
2021100161,ロードカナロア,Distorted Humor
2020110131,Into Mischief,Not for Love
2019105658,リオンディーズ,Redoute's Choice
2022101193,ルーラーシップ,マンハッタンカフェ
2019103885,ゴールドシップ,ボストンハーバー
2020103939,イスラボニータ,フレンチデピュティ
2022103061,カリフォルニアクローム,ルーラーシップ
2023107103,ダノンスマッシュ,ダイワメジャー
2023104764,ミスターメロディ,Shamardal
2023107011,ミッキーアイル,Redoute's Choice
2023100792,ダノンスマッシュ,ロドリゴデトリアーノ
2023104392,ヴァンゴッホ,ファスリエフ
2023102401,ダノンレジェンド,ファスリエフ
2023102436,ゴールドドリーム,キンシャサノキセキ
2023100757,タリスマニック,アルデバラン
2023102762,カリフォルニアクローム,ゴールドアリュール
2023106387,ヴァンゴッホ,ルーラーシップ
2023100723,レーヴミストラル,ゴールドアリュール
2023101774,オルフェーヴル,Shamardal
2022100456,フィエールマン,キングカメハメハ
2022103504,ウインブライト,Lawman
2021102654,マジェスティックウォリアー,シンボリクリスエス
2021102781,レイデオロ,ステイゴールド
2019104044,ダンカーク,フレンチデピュティ
2021100461,デクラレーションオブウォー,Montjeu
2021105300,レッドファルクス,Monsun
2022103579,No Nay Never,Danehill Dancer
2022104891,レイデオロ,ディープインパクト
2023107299,ルーラーシップ,Harlan's Holiday
2023102364,エイシンフラッシュ,タートルボウル
2023106020,エポカドーロ,ハービンジャー
2023106250,ミッキーロケット,ステイゴールド
2023106847,ナダル,ゴールドアリュール
2023105272,クリソベリル,Harlan's Holiday
2023105682,ナダル,カネヒキリ
2023103404,ナダル,ディープインパクト
2023102352,ホッコータルマエ,アイルハヴアナザーI'
2023105112,ルヴァンスレーヴ,ルーラーシップ
2023105319,クリソベリル,キングカメハメハ
2023101172,パイロ,アドマイヤムーン
2022102832,モーニン,フジキセキ
2022105087,キズナ,El Corredor
2022104850,サトノダイヤモンド,Equal Stripes
2022103024,マクフィ,トーセンダンス
2022106102,サンダースノー,ブラックタイド
2019104010,ワールドエース,サウスヴィグラス
2018105731,フェノーメノ,Deputy Minister
2019103278,ジャスタウェイ,キングカメハメハ
2023102438,ウインブライト,Red Ransom
2023102039,ロジャーバローズ,アグネスデジタル
2023104427,スクリーンヒーロー,タートルボウル
2023104038,オルフェーヴル,リーチザクラウン
2023101852,バゴ,クロフネ
2022100223,キタサンブラック,チーフベアハート
2022109038,マクフィ,ネオユニヴァース
2021105054,ミッキーアイル,Thewayyouare
2020106777,リオンディーズ,アドマイヤコジーン
2020105031,カレンブラックヒル,Kris
2023101177,アドマイヤムーン,Frankel
2023109116,ネロ,キングカメハメハ
2023102336,ジャスタウェイ,ルーラーシップ
2023103379,ブリックスアンドモルタル,ネオユニヴァース
2023106467,ゴールドシップ,Jeremy
2022105244,リオンディーズ,ダイワメジャー
2021100768,ダノンレジェンド,ジョーカプチーノ
2018105998,ロードカナロア,Mineshaft
2022107321,ビーチパトロール,ダイワメジャー
2023107053,ロードカナロア,Hinchinbrook
2023107220,ルヴァンスレーヴ,ロードカナロア
2023101130,パイロ,ストリートセンス
2023104567,シルバーステート,ワークフォース
2021110065,パレスマリス,Street Cry
2023101126,ファインニードル,パイロ
2023101679,アメリカンペイトリオット,シンボリクリスエス
2023100387,ロードカナロア,Shamardal
2023103791,エピファネイア,オルフェーヴル
2023106959,サートゥルナーリア,アグネスタキオン
2023107406,ジャスタウェイ,クロフネ
2023106934,モーリス,ジャングルポケット
2023106912,レイデオロ,Exceed And Excel
2022104902,レイデオロ,ネオユニヴァース
2019106777,ディスクリートキャット,ゴールドアリュール
2020100892,ヘニーハウンド,アドマイヤボス
2023103917,ミッキーアイル,ネオユニヴァース
2023105963,マインドユアビスケッツ,ダイワメジャー
2023106749,キタサンブラック,デクラレーションオブウォー
2023110070,Into Mischief,Curlin
2023101107,アメリカンペイトリオット,ディープスカイ
2023105506,サンダースノー,マンハッタンカフェ
2023104443,レイデオロ,ハーツクライ
2023107317,リオンディーズ,ゼンノロブロイ
2023103801,シスキン,ゴールドシップ
2023101749,ウインブライト,シンボリクリスエス
2023110019,Lucky Vega,Galileo
2019102376,パイロ,ジャングルポケット
2021105564,モーリス,キングカメハメハ
2019103036,ルーラーシップ,Giant's Causeway
2021105898,スワーヴリチャード,ハービンジャー
2017105074,ロードカナロア,マンハッタンカフェ
2022102123,モズアスコット,ネオユニヴァース
2022104917,ドレフォン,Lemon Drop Kid
2023103824,リアルスティール,ディープスカイ
2023102680,リオンディーズ,シンボリクリスエス
2023105560,ベンバトル,ジャスタウェイ
2023105376,キズナ,エンパイアメーカー
2023102021,デクラレーションオブウォー,オルフェーヴル
2023104432,モーリス,ローエングリン
2023101939,ホッコータルマエ,スタチューオブリバティ
2023102841,ヘニーヒューズ,キングカメハメハ
2023109056,タリスマニック,ゴールドアリュール
2023107187,エピファネイア,フジキセキ
2023105693,シルポート,ネオユニヴァース
2023103796,ポエティックフレア,ディープインパクト
2023100043,インディチャンプ,ワークフォース
2023103045,モズアスコット,ディープインパクト
2023100625,マルターズアポジー,Swain
2023107517,Charlatan,Unbridled's Song
2022102026,シニスターミニスター,キングヘイロー
2023102820,エピファネイア,リアルインパクト
2023106816,シスキン,ダイワメジャー
2023104716,ゴールドアクター,ハーツクライ
2021101134,グレーターロンドン,ジャングルポケット
2021105808,ドゥラメンテ,Concorde's Tune
2023105387,クリソベリル,クロフネ
2023105980,モズアスコット,キングカメハメハ
2023101037,リーチザクラウン,キャプテンスティーヴ
2023106907,モズアスコット,ネオユニヴァース
2023105265,ヘニーヒューズ,ネオユニヴァース
2023106588,ダノンレジェンド,キャプテンスティーヴ
2023106247,スマートファルコン,ロードカナロア
2023100101,スズカコーズウェイ,ハービンジャー
2023105730,モズアスコット,サウスヴィグラス
2023107285,エピファネイア,ヨハネスブルグ
2023105227,サトノクラウン,ノヴェリスト
2023105420,アドマイヤマーズ,ディープインパクト
2023103577,アルアイン,ハービンジャー
2023106985,Frankel,The Wow Signal
2021105459,ブリックスアンドモルタル,ディープインパクト
2019101700,ロードカナロア,サクラバクシンオー
2021105774,モーリス,Holy Roman Emperor
2018190006,Sweynesse,Red Clubs
2020106851,ドゥラメンテ,New Approach
2021106601,イスラボニータ,スウェプトオーヴァーボード
2021105608,アルアイン,ウォーエンブレム
2021101737,エイシンヒカリ,Devil's Bag
2018105860,メイショウサムソン,メイショウボーラー
2019104561,Dutch Art,Invincible Spirit
2019102011,パイロ,コロナドズクエストCoronado'
2023107159,リオンディーズ,ワークフォース
2023107032,ミッキーロケット,スペシャルウィーク
2023102738,カレンブラックヒル,ハービンジャー
2023103287,コントレイル,Bellamy Road
2023101382,レイデオロ,タートルボウル
2023101087,キセキ,ハーツクライ
2023106146,フィエールマン,ルーラーシップ
2023106875,Palace Pier,Wootton Bassett
2023105233,ジャスタウェイ,Frankel
2023100312,ディーマジェスティ,タイキシャトル
2023104490,ゴールドシップ,ブライアンズタイムBrian'
2023105546,デクラレーションオブウォー,オルフェーヴル
2023106062,アルアイン,キンシャサノキセキ
2023106262,ハービンジャー,コンデュイット
2023101873,レッドファルクス,ディープスカイ
2023106491,ダノンバラード,ルールオブロー
2023103433,ジャスタウェイ,High Chaparral
2023106425,ゴールドシップ,Muhaarar
2023102235,シニスターミニスター,ダノンシャンティ
2023100282,エスポワールシチー,アグネスタキオン
2023101346,サトノアラジン,キングズベストKing'
2023101843,ゴールドドリーム,ロードカナロア
2023101167,パイロ,ゴールドアリュール
2023102721,キセキ,Zensational
2023103253,シャンハイボビー,ダノンシャンティ
2023101063,リオンディーズ,ヨハネスブルグ
2023106221,アドミラブル,イスラボニータ
2023102925,ゴールドドリーム,ルーラーシップ
2023104592,スマートファルコン,ヨハネスブルグ
2023101693,パドトロワ,クロフネ
2023104208,ホッコータルマエ,ヨハネスブルグ
2023102945,ヴァンゴッホ,ディープインパクト
2023106173,カリフォルニアクローム,Street Boss
2023106274,マテラスカイ,リーチザクラウン
2022105292,アルアイン,Tapit
2019105095,キズナ,ホワイトマズル
2023106902,コントレイル,Galileo
2019105312,ドレフォン,ディープインパクト
2020103060,キタサンブラック,フレンチデピュティ
2023106515,タリスマニック,ロードカナロア
2023105137,ルヴァンスレーヴ,エリシオ
2023102248,カリフォルニアクローム,マンハッタンカフェ
2023107196,Gun Runner,Speightstown
2023109055,マクフィ,ディープインパクト
2023103519,ジャスタウェイ,Doctor Dino
2023101578,コパノリッキー,エイシンフラッシュ
2023110006,Sottsass,Myboycharlie
2023101095,シャンハイボビー,シンボリクリスエス
2023100318,ホッコータルマエ,クロフネ
2023102809,サートゥルナーリア,ゼンノロブロイ
2023104871,シルバーステート,タイキシャトル
2023110080,Liam's Map,Harlan's Holiday
2023103841,アルアイン,クロフネ
2023104521,サートゥルナーリア,ブライアンズタイムBrian'
2023106095,リオンディーズ,サクラバクシンオー
2023100290,ダノンスマッシュ,ディープインパクト
2023106269,リーチザクラウン,スクリーンヒーロー
2023105814,ロードカナロア,ジャングルポケット
2023105567,イスラボニータ,Singspiel
2023102545,レイデオロ,アルデバラン
2023100926,フィレンツェファイア,Holy Roman Emperor
2023105799,ダノンプレミアム,Galileo
2023105784,ダノンプレミアム,ロードカナロア
2023104438,ダノンスマッシュ,ジャングルポケット
2023107400,ミスターメロディ,ネオユニヴァース
2023106704,レッドファルクス,ショウナンカンプ
2023107392,ブリックスアンドモルタル,ハーツクライ
2023106759,ダノンバラード,Exceed And Excel
2023102275,ファインニードル,モンテロッソ
2021103140,ラニ,オルフェーヴル
2021104822,ラニ,ワイルドラッシュ
2023103446,ロゴタイプ,タートルボウル
2023107028,キタサンブラック,ロードカナロア
2023107225,サートゥルナーリア,Gemologist
2023104480,シルバーステート,ザール
2023103792,シルバーステート,キングカメハメハ
2023106106,レイデオロ,ハーツクライ
2023105357,ダノンバラード,サウスヴィグラス
2023105231,レイデオロ,Camelot
2023105575,ワールドプレミア,アジアエクスプレス
2023103579,ブリックスアンドモルタル,ゼンノロブロイ
2023100161,インディチャンプ,ゼンノロブロイ
2023105852,ウインブライト,アイルハヴアナザーI'
2023105886,ベンバトル,ダイワメジャー
2023104031,ゴールドドリーム,キングカメハメハ
2023102398,ゴールドドリーム,シンボリクリスエス
2023102958,モズアスコット,キングカメハメハ
2023106842,キズナ,ハービンジャー
2023103322,クリソベリル,フレンチデピュティ
2023105429,Vino Rosso,ユートピア
2023102868,ゴールドドリーム,サウスヴィグラス
2023104509,ゴールドアクター,ケープブランコ
2023101444,アメリカンペイトリオット,ステイゴールド
2023105365,American Pharoah,The Gurkha
2023100017,キズナ,エンパイアメーカー
2023103765,オルフェーヴル,シンボリクリスエス
2023106340,コパノリッキー,Lantana Mob
2023102198,ロジャーバローズ,タイキシャトル
2023105732,モズアスコット,Congrats
2022104619,ドレフォン,ディープインパクト
2021106623,シニスターミニスター,マンハッタンカフェ
2023105203,アドマイヤマーズ,クロフネ
2021105953,キズナ,Exceed And Excel
2020100363,アジアエクスプレス,キングズベストKing'
2022101139,ハービンジャー,キングカメハメハ
2021101216,リアルスティール,マンハッタンカフェ
2023102083,オルフェーヴル,Dutch Art
2023107304,シルバーステート,ストロングリターン
2023101040,ベンバトル,ダイワメジャー
2023105271,アドマイヤマーズ,ロードカナロア
2023103956,アジアエクスプレス,エンパイアメーカー
2023106119,アメリカンペイトリオット,ストーミングホーム
2023103321,レイデオロ,ディープインパクト
2023106482,ベンバトル,ゴールドヘイロー
2023101629,キタサンブラック,Frankel
2023103634,グレーターロンドン,ルーラーシップ
2023106758,シルバーステート,ハーツクライ
2023106300,ハービンジャー,クロフネ
2023103221,ダノンキングリー,Speightstown
2023106395,ダンカーク,マジェスティックウォリアー
2023106466,ダノンバラード,Shamardal
2023105422,フィエールマン,クロフネ
2023102767,ミスターメロディ,スマートファルコン
2023101860,マテラスカイ,ワイルドラッシュ
2023102007,モズアスコット,ダイワメジャー
2023101664,マテラスカイ,スペシャルウィーク
2023103574,レッドファルクス,オルフェーヴル
2023109082,フォーウィールドライブ,Tapit
2023102383,ゴールドドリーム,アグネスデジタル
2023101246,インカンテーション,カジノドライヴ
2023106094,モーニン,ダイワメジャー
2023105355,ホッコータルマエ,パイロ
2023103439,マインドユアビスケッツ,ヴィクトワールピサ
2023104976,オーヴァルエース,ファスリエフ
2023104205,エポカドーロ,ハーツクライ
2023106654,マクフィ,ゴールドアリュール
2023105758,ホークビル,ステイゴールド
2023103233,シニスターミニスター,スマートファルコン
2023104848,パイロ,ストリートセンス
2023104733,モズアスコット,フジキセキ
2022105475,Le Havre,Motivator
2021102236,コパノリッキー,キングカメハメハ
2018106571,ホッコータルマエ,シニスターミニスター
2022110081,Volatile,Curlin
2022106610,フォーウィールドライブ,ヤマニンセラフィム
2021104461,アポロキングダム,スペシャルウィーク
2021103868,リアルスティール,Into Mischief
2021104876,ニューイヤーズデイ,シンボリクリスエス
2022104939,バゴ,ディープインパクト
2021101059,グァンチャーレ,ステイゴールド
2021103251,リアルスティール,Jeremy
2023103061,ゴールドドリーム,ロードカナロア
2023101813,クリソベリル,エンパイアメーカー
2023107343,ナダル,ハーツクライ
2023102967,クリソベリル,ルーラーシップ
2023104193,ナダル,Smoke Glacken
2023100340,サトノダイヤモンド,エンパイアメーカー
2023106733,オルフェーヴル,ルーラーシップ
2023106430,ダノンバラード,カジノドライヴ
2023110009,Practical Joke,Speightstown
2023106545,ホッコータルマエ,ディープインパクト
2023100168,ルヴァンスレーヴ,ハーツクライ
2023105655,ルヴァンスレーヴ,エンパイアメーカー
2023107063,ルーラーシップ,ゴールドアリュール
2023107210,キタサンブラック,Not This Time
2023107013,キタサンブラック,Singspiel
2023106841,サートゥルナーリア,ステイゴールド
2023106657,ウインブライト,サウスヴィグラス
2023107355,アルアイン,ロードカナロア
2023100362,ダノンプレミアム,ゴールドヘイロー
2023103555,コントレイル,Quality Road
2023103227,タリスマニック,アルデバラン
2023100931,キセキ,ネオユニヴァース
2023102251,キセキ,Fastnet Rock
2023106251,ロードカナロア,マンハッタンカフェ
2023102117,スワーヴリチャード,Kitten's Joy
2023106417,ウインブライト,コンデュイット
2023101168,バゴ,ディープインパクト
2023106684,アドマイヤマーズ,チチカステナンゴ
2023100624,オルフェーヴル,ロードカナロア
2023103706,スワーヴリチャード,Dansili
2023105259,ビーチパトロール,ジャングルポケット
2023102633,ヘンリーバローズ,フレンチデピュティ
2023102090,キタサンブラック,Seattle Fitz
2023106830,キタサンブラック,Danehill Dancer
2023105951,マクマホン,トーセンブライト
2023107381,ダノンキングリー,ファルブラヴ
2023103435,エピファネイア,ヴィクトワールピサ
2023107126,ブリックスアンドモルタル,ディープインパクト
2023103700,サトノダイヤモンド,Flatter
2023107263,ハービンジャー,ディープインパクト
2023104254,シルバーステート,トビーズコーナーToby'
2023106746,ゴールドシップ,Street Cry
2023102236,レイデオロ,Exchange Rate
2023103842,ダンカーク,ゴールドアリュール
2023100987,ゴールドアクター,タニノギムレット
2023102126,ロードカナロア,ディープインパクト
2022101781,エスケンデレヤ,デュランダル
2021101921,リオンディーズ,Cape Cross
2023100545,モーリス,ロックオブジブラルタル
2023106774,ダンスディレクター,Bernardini
2019100615,ワンアンドオンリー,Unbridled's Song
2022100529,ダンカーク,プリサイスエンド
2022105755,ミスターメロディ,クロフネ
2022105291,ロードカナロア,ディープインパクト
2023101482,ストロングリターン,Fusaichi Pegasus
2020101808,ロードカナロア,コマンズ
2023107166,サートゥルナーリア,スニッツェル
2023106846,リアルスティール,Distorted Humor
2023105003,スワーヴリチャード,Giant's Causeway
2023102504,ダノンキングリー,ヴィクトワールピサ
2023103860,サトノクラウン,ブラックタイド
2023106997,エピファネイア,ハーツクライ
2023104005,レッドファルクス,Pioneerof the Nile
2023106317,レーヴミストラル,スズカマンボ
2023105097,カリフォルニアクローム,ディープインパクト
2023107188,サトノクラウン,スウェプトオーヴァーボード
2023107151,サートゥルナーリア,ゼンノロブロイ
2023100767,ロードカナロア,ダノンシャンティ
2023104602,シニスターミニスター,クロフネ
2023103225,ミスチヴィアスアレックス,ダンスインザダーク
2023104883,リオンディーズ,ディープインパクト
2023107339,ロードカナロア,Sakhee
2023101616,ルヴァンスレーヴ,ルーラーシップ
2023101421,ヘニーヒューズ,キングヘイロー
2023100807,マテラスカイ,ヴィクトワールピサ
2023109088,アメリカンペイトリオット,シンボリクリスエス
2023106929,ブリックスアンドモルタル,キングカメハメハ
2023104251,コパノリッキー,ゼンノロブロイ
2023104952,サンダースノー,キングカメハメハ
2023102365,ゴールドドリーム,グラスワンダー
2023100434,マジェスティックウォリアー,Red Ransom
2023103303,ダノンレジェンド,ダイワメジャー
2023106207,リオンディーズ,ディープインパクト
2023106163,アポロケンタッキー,アポロキングダム
2023103525,パドトロワ,Flatter
2023106738,シャンハイボビー,ディープインパクト
2023106576,タニノフランケル,ワークフォース
2023106161,サンダースノー,ヴィクトワールピサ
2022104673,ゴールドドリーム,ネオユニヴァース
2020103025,デクラレーションオブウォー,キングカメハメハ
2017102537,ローズキングダム,グラスワンダー
2021104825,ブリックスアンドモルタル,ディープインパクト
2019105792,トーセンラー,タイキシャトル
2023103103,タニノフランケル,シニスターミニスター
2023105344,ロードカナロア,ディープインパクト
2023107019,シスキン,キングカメハメハ
2023102332,タワーオブロンドン,ゼンノロブロイ
2023105416,モーリス,ディープインパクト
2023102378,イスラボニータ,スウェプトオーヴァーボード
2023101599,スワーヴリチャード,キングズベストKing'
2023106863,ブリックスアンドモルタル,アグネスタキオン
2023107253,キズナ,Needs Further
2023106951,St Mark's Basilica,Storm Embrujado
2023105701,ダノンスマッシュ,シンボリクリスエス
2023106798,オルフェーヴル,スクリーンヒーロー
2023104713,フィレンツェファイア,チチカステナンゴ
2023103347,ロードカナロア,ダイワメジャー
2023106578,ルーラーシップ,ブラックタイド
2023106521,モズアスコット,ハービンジャー
2023103593,レッドファルクス,ヴィクトワールピサ
2023101084,ディスクリートキャット,サウスヴィグラス
2023103274,サンダースノー,マイネルラヴ
2023104515,シルバーステート,Storm Cat
2023105652,ミスチヴィアスアレックス,オルフェーヴル
2023106165,ダノンレジェンド,ブラックタイド
2023104050,シャンハイボビー,オルフェーヴル
2023100232,モズアスコット,ディープインパクト
2023102774,シニスターミニスター,マンハッタンカフェ
2023105213,Fastnet Rock,Bel Esprit
2023101790,ダノンレジェンド,モーリス
2023101261,ダノンレジェンド,ダイワメジャー
2023100693,サンダースノー,アドマイヤムーン
2023101438,ブラックタイド,サクラバクシンオー
2022102349,リオンディーズ,サクラプレジデント
2022107010,エポカドーロ,アグネスタキオン
2023107089,ワールドプレミア,Giant's Causeway
2023102807,サートゥルナーリア,ディープインパクト
2023105241,アルアイン,Siyouni
2023101166,パイロ,ダイワメジャー
2023107080,ナダル,ダイワメジャー
2023103806,ルーラーシップ,ゴールドアリュール
2023102171,ダノンスマッシュ,ハーツクライ
2023105654,デクラレーションオブウォー,ファルブラヴ
2023103778,シニスターミニスター,ゴールドアリュール
2023100485,ベストウォーリア,ハービンジャー
2023101699,リオンディーズ,ハーツクライ
2023105979,モズアスコット,ヴィクトワールピサ
2023103997,ミスチヴィアスアレックス,ブラックタイド
2023101532,リアルインパクト,Pure Prize
2023102444,アメリカンペイトリオット,サウスヴィグラス
2023103020,クリソベリル,ロードカナロア
2023103049,デクラレーションオブウォー,ダイワメジャー
2023104845,デクラレーションオブウォー,オルフェーヴル
2023106352,ゴールドドリーム,シニスターミニスター
2023104579,パイロ,ディープブリランテ
2023106963,コントレイル,Alamosa
2023107340,エピファネイア,Unbridled's Song
2023107259,エピファネイア,ディープインパクト
2023106974,リアルスティール,Fastnet Rock
2023104680,サートゥルナーリア,ジャングルポケット
2023102771,レイデオロ,ディープインパクト
2023105341,フィエールマン,ドゥラメンテ
2023101362,ブリックスアンドモルタル,ホワイトマズル
2023102726,リーチザクラウン,シンボリクリスエス
2023106461,ゴールドシップ,Australia
2023107088,リアルスティール,Include
2023105382,リオンディーズ,ブライアンズタイムBrian'
2023105576,ワールドプレミア,Sea The StarsSea the Stars
2023106860,サートゥルナーリア,Zoffany
2023102693,リオンディーズ,ハーツクライ
2023104891,アニマルキングダム,ウォーエンブレム
2023105034,ディーマジェスティ,フレンチデピュティ
2023106449,ブリックスアンドモルタル,トーセンホマレボシ
2020100555,ホッコータルマエ,ブラックタイド
2022105987,マインドユアビスケッツ,ゴールドアリュール
2021105434,ドゥラメンテ,Going Commando
2021104756,キズナ,Zoffany
2021104153,ヴィクトワールピサ,ブライアンズタイムBrian'
2022106628,ラニ,Distorted Humor
2022103269,エピファネイア,Corinthian
2022103065,ルヴァンスレーヴ,キングカメハメハ
2022106762,ゴールドシップ,マンハッタンカフェ
2022100636,ジャスタウェイ,キングカメハメハ
2022103534,ブリックスアンドモルタル,メイショウボーラー
2022102872,サングラス,ホワイトマズル
2022102495,サトノアラジン,チーフベアハート
2022103585,ゴールドシップ,キンシャサノキセキ
2022100883,ストロングリターン,ディープスカイ
2022101552,リアルインパクト,ボストンハーバー
2022102857,ミッキーアイル,ルーラーシップ
2022106215,レッドファルクス,オルフェーヴル
2022101434,ダノンレジェンド,ディープインパクト
2022101474,レッドベルジュール,Kingmambo
2022106814,ブリックスアンドモルタル,ステイゴールド
2022105515,ブリックスアンドモルタル,キングカメハメハ
2022102797,キズナ,Tiznow
2022104550,エピファネイア,アグネスタキオン
2022106916,アジアエクスプレス,ネオユニヴァース
2022103255,マジェスティックウォリアー,スペシャルウィーク
2022101097,ノーブルミッション,ハーツクライ
2022104249,アジアエクスプレス,キングカメハメハ
2022103241,サトノダイヤモンド,Pivotal
2022101566,アニマルキングダム,ハーツクライ
2022102724,バゴ,クロフネ
2022105814,ハービンジャー,ディープインパクト
2022107231,エピファネイア,ディープインパクト
2022102430,ドゥラメンテ,ディープインパクト
2022105356,キズナ,Medaglia d'Oro
2022101100,ダノンバラード,ステイゴールド
2022104390,サトノクラウン,ダイワメジャー
2022104304,フィエールマン,マンハッタンカフェ
2022102487,サトノアラジン,ジャスタウェイ
2022105791,ルヴァンスレーヴ,キングカメハメハ
2022105577,ブリックスアンドモルタル,ステイゴールド
2022105732,ニューイヤーズデイ,クロフネ
2022102383,リオンディーズ,タニノギムレット
2022104821,ミッキーアイル,ハービンジャー
2019105457,ミッキーアイル,ジェネラス
2020100683,ドゥラメンテ,ファスリエフ
2020103552,ドレフォン,シンボリクリスエス
2021101634,タリスマニック,ディープインパクト
2021105790,サトノダイヤモンド,シンボリクリスエス
2021104209,ブラックタイド,メイショウボーラー
2020102675,ハーツクライ,Elusive Quality
2020100306,モーリス,ディープインパクト
2020101587,ハーツクライ,Giant's Causeway
2021105889,リアルスティール,Hawk Wing
2020100673,ジャスタウェイ,ロードカナロア
2021109086,シャンハイボビー,Rock Hard Ten
2018103388,ホッコータルマエ,ファスリエフ
2019105860,シニスターミニスター,フジキセキ
2019101007,エイシンフラッシュ,ジャングルポケット
2021101523,ダイワメジャー,キャプテンスティーヴ
2020103902,ビーチパトロール,メイショウサムソン
2020110055,Gleneagles,War Chant
2020105625,ブラックタイド,キングカメハメハ
2020106396,シニスターミニスター,ドリームジャーニー
2019101985,キズナ,ブライアンズタイムBrian'
2021101650,ファインニードル,Cape Cross
2020103365,サトノアラジン,Dubawi
2021101357,グレーターロンドン,ノボジャック
2022106532,ドゥラメンテ,ダイワメジャー
2022106167,リオンディーズ,Bertolini
2022106927,ヘニーヒューズ,キングズベストKing'
2022106882,モズアスコット,オルフェーヴル
2022101494,サートゥルナーリア,ハービンジャー
2022105006,キズナ,ルーラーシップ
2022101785,デクラレーションオブウォー,スパイキュール
2022100783,エスポワールシチー,オペラハウス
2022103038,サトノダイヤモンド,Singspiel
2022103962,ダイワメジャー,キングカメハメハ
2022100327,モーニン,シニスターミニスター
2022100476,フォーウィールドライブ,ジェイドロバリー
2022104355,マインドユアビスケッツ,ファルブラヴ
2022105608,ジャスタウェイ,キングカメハメハ
2022103868,カリフォルニアクローム,スニッツェル
2022102193,タワーオブロンドン,ゴールドアリュール
2022104914,キタサンブラック,Champs Elysees
2022105003,レイデオロ,スペシャルウィーク
2022105169,アルアイン,ファスリエフ
2022106652,ミッキーアイル,ダイワメジャー
2022107245,トーセンジョーダン,ヘニーヒューズ
2022102921,サートゥルナーリア,マンハッタンカフェ
2022100377,ミッキーアイル,タイキシャトル
2022103976,ロジャーバローズ,エイシンアポロン
2022100628,ロードカナロア,Galileo
2022103854,ミスターメロディ,パイロ
2022106696,ルーラーシップ,ハーツクライ
2021106177,カレンブラックヒル,ワイルドラッシュ
2020100719,サトノダイヤモンド,タイキシャトル
2021100697,タリスマニック,ブラックタイド
2021105245,エピファネイア,ダイワメジャー
2020103370,サトノダイヤモンド,City Banker
2021101419,シニスターミニスター,キングカメハメハ
2020110050,Churchill,Shamardal
2017105358,キンシャサノキセキ,Exchange Rate
2021106594,ディーマジェスティ,フレンチデピュティ
2018103611,スピルバーグ,Belong to Me
2020104636,ルーラーシップ,シンボリクリスエス
2022107306,サンダースノー,ハーツクライ
2019104828,キングカメハメハ,Dubawi
2019105039,ドレフォン,キングカメハメハ
2018104541,ディープインパクト,Observatory
2020102881,パドトロワ,Elusive Quality
2021106206,マクフィ,ステイゴールド
2020104924,ドゥラメンテ,Rockport Harbor
2022101180,リオンディーズ,クロフネ
2022106072,カリフォルニアクローム,スマートファルコン
2022102599,ノーブルミッション,アフリート
2022106401,McKinzie,American Pharoah
2022106958,シルバーステート,ネオユニヴァース
2022105542,アルアイン,ハービンジャー
2022103827,ドゥラメンテ,Invincible Spirit
2022106179,オルフェーヴル,スニッツェル
2022103196,ニューイヤーズデイ,ディープインパクト
2022102953,サンダースノー,シニスターミニスター
2022101729,ニューイヤーズデイ,ゼンノロブロイ
2022103145,シルバーステート,コマンズ
2022101119,エピカリス,スウェプトオーヴァーボード
2022105602,リアルスティール,Captain Rio
2022107299,クレスコグランド,ロードカナロア
2022100133,ロジャーバローズ,ブライアンズタイムBrian'
2022101593,ミッキーアイル,タイキシャトル
2022105036,アドマイヤマーズ,シンボリクリスエス
2022104634,シュヴァルグラン,Exchange Rate
2022105204,ミッキーアイル,ホワイトマズル
2022110082,Medaglia d'Oro,Dubawi
2022106177,マクフィ,フジキセキ
2022110011,Maximum Security,Red Runner
2022100104,コパノリッキー,ファルブラヴ
2022103067,ダノンレジェンド,More Than Ready
2022101500,ミッキーアイル,クロフネ
2022103861,フェノーメノ,スニッツェル
2022102867,アジアエクスプレス,ディープインパクト
2022100382,ミッキーグローリー,ロードカナロア
2022101486,ラブリーデイ,フレンチデピュティ
2022105736,ドゥラメンテ,Monsun
2022100736,ルヴァンスレーヴ,キングカメハメハ
2022103367,ラブリーデイ,タートルボウル
2022103605,カリフォルニアクローム,English Channel
2022100187,ホッコータルマエ,アグネスタキオン
2022106563,ノーブルミッション,ワイルドラッシュ
2022102977,サトノダイヤモンド,キンシャサノキセキ
2021105728,モーリス,Galileo
2019104548,イスラボニータ,エリシオ
2021103449,ジャスタウェイ,ルーラーシップ
2020104524,サトノダイヤモンド,Flashy Bull
2021105348,レイデオロ,ファルブラヴ
2021105480,ルーラーシップ,ダイワメジャー
2021106940,アルアイン,キングカメハメハ
2021100480,ドゥラメンテ,タイキシャトル
2021101228,Al Wukair,Planteur
2021103520,レイデオロ,ディープインパクト
2021104936,ジャスタウェイ,ハービンジャー
2021101086,ダノンバラード,ステイゴールド
2020106737,サトノクラウン,ハーツクライ
2020106519,グランプリボス,クロフネ
2020103255,ラブリーデイ,ディープインパクト
2022105921,タワーオブロンドン,マーベラスサンデー
2022103527,スワーヴリチャード,エアジハード
2022106394,ミスターメロディ,アグネスタキオン
2022100642,サートゥルナーリア,ディープインパクト
2021102336,ファインニードル,チーフベアハート
2020105470,ネロ,スピルバーグ
2021110135,St Patrick's Day,Colonel John
2019103974,ダンカーク,アグネスデジタル
2022100849,サトノダイヤモンド,キングカメハメハ
2022100087,ルヴァンスレーヴ,ダイワメジャー
2022105594,アルバート,ゼンノロブロイ
2022100545,サトノアラジン,アグネスタキオン
2022101035,エスポワールシチー,ビッグサンデー
2022100895,スクリーンヒーロー,キングヘイロー
2022102674,マジェスティックウォリアー,クロフネ
2022101126,モズアスコット,ディープインパクト
2022106583,ルヴァンスレーヴ,Smarty Jones
2022104548,ハクサンムーン,ハーツクライ
2022106697,ルーラーシップ,ハーツクライ
2022104086,コパノリッキー,ハーツクライ
2022107369,サトノアラジン,マジェスティックウォリアー
2022103268,レイデオロ,ディープインパクト
2022107397,タワーオブロンドン,ファルブラヴ
2022106203,ビッグアーサー,アグネスタキオン
2022103558,ウインブライト,フレンチデピュティ
2022100188,ダンカーク,トワイニング
2022102556,オーヴァルエース,ディープインパクト
2022106561,ミッキーアイル,キングカメハメハ
2022102277,シルバーステート,Nedawi
2022102312,モズアスコット,エンパイアメーカー
2022105091,エピファネイア,Fastnet Rock
2022110029,Saxon Warrior,Kingmambo
2022106245,シュヴァルグラン,リンカーン
2021103943,キンシャサノキセキ,Unbridled's Song
2019101624,ロードカナロア,クロフネ
2021100090,サトノダイヤモンド,Distorted Humor
2021105894,エピファネイア,ロードカナロア
2021100680,ブラックタイド,クロフネ
2021105939,ダノンレジェンド,アイルハヴアナザーI'
2021104622,シュヴァルグラン,タニノギムレット
2021105680,ドゥラメンテ,Essence of Dubai
2021105897,リアルインパクト,フレンチデピュティ
2020103933,キズナ,Gilded Time
2021101659,パイロ,ストリートセンス
2020103055,ジャスタウェイ,Sir Prancealot
2021101056,リアルインパクト,Siphon
2021101279,ラブリーデイ,アッミラーレ
2022104694,Saxon Warrior,Catcher In The Rye
2022100293,リオンディーズ,マンハッタンカフェ
2022104648,Frankel,Bated Breath
2022102963,キンシャサノキセキ,ヨハネスブルグ
2021105984,ドレフォン,ダイワメジャー
2020104790,エイシンヒカリ,タイキシャトル
2019102265,キズナ,Grand Slam
2020103045,マインドユアビスケッツ,ディープインパクト
2021100845,コパノリッキー,アフリート
2020101543,ロードカナロア,シンボリクリスエス
2021103959,スワーヴリチャード,ディープスカイ
2021102392,ロードカナロア,オルフェーヴル
2021100139,ブリックスアンドモルタル,キングカメハメハ
2020104678,キタサンブラック,チチカステナンゴ
2021102235,キタサンブラック,クロフネ
2021110002,No Nay Never,Champs Elysees
2021110042,Saxon Warrior,Casamento
2021106820,ロージズインメイ,ブライアンズタイムBrian'
2020110012,Hard Spun,エンパイアメーカー
2022107147,カレンブラックヒル,タイキシャトル
2022101127,カリフォルニアクローム,ストラヴィンスキー
2022107317,サトノクラウン,フレンチデピュティ
2022106724,アニマルキングダム,シンボリクリスエス
2022107009,レイデオロ,Pure Prize
2022100399,バゴ,クロフネ
2022105733,ブリックスアンドモルタル,フジキセキ
2022102843,フィエールマン,エンパイアメーカー
2022103560,ブリックスアンドモルタル,ハーツクライ
2022103587,ホッコータルマエ,ステイゴールド
2022104701,キズナ,High Chaparral
2022104225,ワンアンドオンリー,グラスワンダー
2022105931,クリエイター,アメリカンボス
2022105012,キズナ,Bated Breath
2022101172,カレンブラックヒル,タイキシャトル
2022100205,モーリス,パイロ
2022106591,ディスクリートキャット,Fusaichi Pegasus
2022106370,バゴ,ロードカナロア
2022105403,イスラボニータ,ルーラーシップ
2022102743,マクフィ,ネオユニヴァース
2022100980,エイシンヒカリ,キングカメハメハ
2022103495,ウインブライト,グラスワンダー
2022106085,リオンディーズ,シンボリクリスエス
2022105553,イスラボニータ,ジャスタウェイ
2022100546,サトノクラウン,フレンチデピュティ
2022102319,アルアイン,ジャングルポケット
2021104948,キタサンブラック,ネオユニヴァース
2020106927,ドレフォン,ダイワメジャー
2020102959,マインドユアビスケッツ,フレンチデピュティ
2021102162,ラブリーデイ,ディープインパクト
2021102352,マジェスティックウォリアー,シンボリクリスエス
2020102329,シャンハイボビー,キングカメハメハ
2021105141,キタサンブラック,ヴィクトワールピサ
2019105376,Frankel,City Zip
2021104302,ドレフォン,Hard Spun
2020100604,ダンカーク,キングカメハメハ
2021101691,タリスマニック,Dubawi
2020103259,ロードカナロア,ディープインパクト
2020103595,ドゥラメンテ,Wildcat Heir
2021104897,モーリス,ステイゴールド
2020105305,サトノダイヤモンド,キングカメハメハ
2020104332,エピファネイア,フォーティナイナー
2020101892,ハーツクライ,Giant's Causeway
2020103238,サトノダイヤモンド,Danehill Dancer
2020104772,キタサンブラック,エンパイアメーカー
2018106865,ミッキーアイル,キングカメハメハ
2022102094,ミッキーロケット,ハーツクライ
2022102886,デクラレーションオブウォー,バブルガムフェロー
2022101178,アルアイン,シルバーチャーム
2022101017,シニスターミニスター,ロードカナロア
2022102187,ナダル,ロードカナロア
2022106920,リアルスティール,クロフネ
2022104927,サートゥルナーリア,キンシャサノキセキ
2022106834,ビーチパトロール,ヴィクトワールピサ
2022107249,モーリス,エルコンドルパサー
2022104936,Frankel,Siyouni
2022103496,ブリックスアンドモルタル,マツリダゴッホ
2022100124,サトノダイヤモンド,ルーラーシップ
2022100464,キズナ,キングカメハメハ
2022102431,ブリックスアンドモルタル,サクラバクシンオー
2022110036,Invincible Spirit,Raven's Pass
2022100753,ディスクリートキャット,ディープインパクト
2022102652,サトノアラジン,アルデバラン
2022105555,ルーラーシップ,ディープインパクト
2022101586,エイシンフラッシュ,Hard Spun
2021105349,エピファネイア,ディープインパクト
2021102168,レイデオロ,ディープインパクト
2021104857,キズナ,ハービンジャー
2022104804,シュヴァルグラン,クロフネ
2022102796,シャンハイボビー,アグネスタキオン
2021103708,ニューイヤーズデイ,サウスヴィグラス
2020104913,ドゥラメンテ,Bellamy Road
2021106394,トウケイヘイロー,スペシャルウィーク
2018102832,ドゥラメンテ,Action This Day
2020101919,マクフィ,スパイキュール
2020100105,ファインニードル,エイシンサンディ
2020100896,ビッグアーサー,Tale of Ekati
2018102281,アジアエクスプレス,ディープインパクト
2021110041,Night of Thunder,Sepoy
2018105096,リアルインパクト,Storm Cat
2019103063,キンシャサノキセキ,キングカメハメハ
2022105008,ルーラーシップ,コンデュイット
2022107127,ルヴァンスレーヴ,フレンチデピュティ
2022103123,ゴールドドリーム,エンパイアメーカー
2022102191,マジェスティックウォリアー,ロージズインメイ
2022102286,シュヴァルグラン,ダイワメジャー
2022105306,ルーラーシップ,ディープインパクト
2022107339,エピファネイア,Bernstein
2022101401,ドゥラメンテ,Galileo
2022106600,エピファネイア,ファスリエフ
2022107281,ノーブルミッション,ワークフォース
2023106431,ベンバトル,マツリダゴッホ
2023103297,キタサンブラック,Aussie Rules
2023105273,アルアイン,ロードカナロア
2023106866,キセキ,ダイワメジャー
2023104856,ロードカナロア,ダイワメジャー
2023102920,ダノンスマッシュ,マンハッタンカフェ
2023101900,クリソベリル,ロードカナロア
2023106420,シスキン,ハーツクライ
2023105012,ヴァンゴッホ,ディープインパクト
2023100611,ダノンスマッシュ,サクラバクシンオー
2023104409,ロードカナロア,サクラバクシンオー
2022105973,ロードカナロア,アグネスタキオン
2022105042,ダンカーク,ディープインパクト
2022104558,サートゥルナーリア,ゼンノロブロイ
2022105528,サートゥルナーリア,Theatrical
2022105171,ルヴァンスレーヴ,キングカメハメハ
2022105059,ロードカナロア,Mizzen Mast
2022100167,アジアエクスプレス,キングカメハメハ
2022103731,リオンディーズ,キンシャサノキセキ
2022103049,フォーウィールドライブ,シンボリクリスエス
2022103635,マクフィ,キンシャサノキセキ
2020104561,リオンディーズ,ストリートセンス
2021101397,ドゥラメンテ,Bernardini
2020106174,マクフィ,ディープインパクト
2018106561,ドゥラメンテ,サクラバクシンオー
2020104650,パイロ,エンパイアメーカー
2020103522,キタサンブラック,Machiavellian
2020103361,Gun Runner,Global Hunter
2022100439,ミッキーアイル,シンボリクリスエス
2022103798,シュヴァルグラン,フレンチデピュティ
2019101488,ストロングリターン,ブラックタイド
2017104698,キズナ,Fusaichi Pegasus
2020103173,タリスマニック,クロフネ
2022101622,アメリカンペイトリオット,コロナドズクエストCoronado'
2022104654,サートゥルナーリア,Congrats
2022105486,ブリックスアンドモルタル,キングカメハメハ
2022106174,ホッコータルマエ,ブラックタイド
2022101504,ヘニーヒューズ,ステイゴールド
2022102578,メイショウサムソン,マリエンバード
2022103281,レイデオロ,チチカステナンゴ
2022105360,ブリックスアンドモルタル,マンハッタンカフェ
2022103208,サトノダイヤモンド,Catcher In The Rye
2022102907,リアルスティール,High Chaparral
2022106680,アドマイヤマーズ,ハービンジャー
2022106978,ミッキーロケット,ステイゴールド
2022100016,ノーブルミッション,マンハッタンカフェ
2022104828,ドゥラメンテ,ディスクリートキャット
2022105550,ミッキーアイル,Tapit
2022101103,モズアスコット,サクラバクシンオー
2020103495,ハービンジャー,ディープインパクト
2022104222,ロジャーバローズ,シンボリクリスエス
2019105032,ロードカナロア,クロフネ
2022104658,ドゥラメンテ,Mineshaft
2022102616,ゴールドアクター,キンシャサノキセキ
2022104636,ジャスタウェイ,ワークフォース
2022103599,トビーズコーナーToby',スペシャルウィーク
2022103285,ホッコータルマエ,ケイムホーム
2022104946,バンドワゴン,フジキセキ
2022106506,エイシンフラッシュ,メジロマックイーン
2023100281,スワーヴリチャード,スニッツェル
2023101735,キズナ,キングヘイロー
2022103634,ニューイヤーズデイ,スズカマンボ
2022101826,スマートオーディン,Candy Ride
2022103346,メイショウボーラー,スマートファルコン
2022106178,American Pharoah,Van Nistelrooy
2022104057,ハービンジャー,キングカメハメハ
2022104498,エピファネイア,スニッツェル
2022101177,リアルインパクト,ノヴェリスト
2022103194,ビッグアーサー,オルフェーヴル
2022102564,フォーウィールドライブ,スクリーンヒーロー
2022105534,イスラボニータ,Reckless Abandon
2022107200,タワーオブロンドン,ヘニーヒューズ
2022105319,ドゥラメンテ,ダイワメジャー
2022104824,サトノダイヤモンド,Singspiel
2022104137,キズナ,Invincible Spirit
2022104886,アドマイヤマーズ,Pour Moi
2022107396,ミスターメロディ,ゴールドシップ
2022100493,サートゥルナーリア,シンボリクリスエス
2022105355,エピファネイア,ハーツクライ
2022106621,キズナ,Tiznow
2022105324,American Pharoah,Speightstown
2022106740,モーリス,ダンスインザダーク
2022101025,ブリックスアンドモルタル,Muhaarar
2021105602,サトノアラジン,シンボリクリスエス
2020105599,ジャスタウェイ,スウェプトオーヴァーボード
2019101741,ドゥラメンテ,Stormy Atlantic
2020103398,ミッキーアイル,エンパイアメーカー
2022105068,サートゥルナーリア,ハーツクライ
2022105386,エピファネイア,ハーツクライ
2022105878,リアルスティール,ディープスカイ
2022105209,モーリス,ハーツクライ
2022105058,ルヴァンスレーヴ,クロフネ
2021105238,ハーツクライ,Quality Road
2021101090,コパノリッキー,フレンチデピュティ
2020102757,エピファネイア,Danehill Dancer
2022110106,Into Mischief,Bernardini
2021110072,American Pharoah,Medaglia d'Oro
2022100416,ルヴァンスレーヴ,ダンスインザダーク
2022110141,Volatile,Graydar
2022101585,ノーブルミッション,メイショウボーラー
2022105367,ドゥラメンテ,Seattle Fitz
2022102900,エピファネイア,アグネスタキオン
2022110043,Sottsass,Dalakhani
2022103050,オルフェーヴル,Solon
2022109066,ウインバリアシオン,ストーミングホーム
2022105974,レイデオロ,ディープインパクト
2020100271,エイシンヒカリ,ジャングルポケット
2021105447,イスラボニータ,Adios Charlie
2023103981,ミスターメロディ,ステイゴールド
2023105278,ダノンキングリー,Firebreak
2023107283,コントレイル,All American
2023103417,コントレイル,ロードカナロア
2023106127,ヴァンセンヌ,スタチューオブリバティ
2023105792,ロードカナロア,ダイワメジャー
2023101113,パイロ,コマンズ
2023102899,キタサンブラック,クロフネ
2022101691,アドマイヤムーン,New Approach
2022101874,カリフォルニアクローム,スズカマンボ
2022101114,パドトロワ,アサクサデンエン
2022103249,ドレフォン,ルーラーシップ
2022104261,デクラレーションオブウォー,クロフネ
2022101054,キズナ,High Chaparral
2022104414,ダノンレジェンド,Smart Strike
2022104809,ドゥラメンテ,エンパイアメーカー
2022105827,ハービンジャー,エピファネイア
2022100081,ゴールドシップ,Rock Hard Ten
2022105470,キズナ,Blame
2022102139,フィエールマン,クロフネ
2022101596,ブリックスアンドモルタル,ハービンジャー
2022105446,ブリックスアンドモルタル,マンハッタンカフェ
2022102294,サートゥルナーリア,ハーツクライ
2022102687,デクラレーションオブウォー,ジャングルポケット
2022104752,ラブリーデイ,フレンチデピュティ
2022106685,アドマイヤマーズ,キングカメハメハ
2022102127,モズアスコット,Uncle Mo
2022110090,War of Will,Blame
2022106992,シャンハイボビー,ハービンジャー
2022101427,グレーターロンドン,キングカメハメハ
2022100107,ルヴァンスレーヴ,ゴールドアリュール
2022101738,ルヴァンスレーヴ,スズカマンボ
2022104412,リオンディーズ,エンパイアメーカー
2022110074,American Pharoah,Smart Strike
2022102583,アニマルキングダム,マンハッタンカフェ
2018102956,マクフィ,デヒア
2018100858,メイショウボーラー,Fusaichi Pegasus
2021105221,ロードカナロア,マジェスティックウォリアー
2021106359,パイロ,キングカメハメハ
2021104197,シニスターミニスター,フレンチデピュティ
2019103898,Siyouni,Solon
2018104633,ダイワメジャー,Sea of Secrets
2021105753,モーリス,スウィフトカレント
2019105359,ドレフォン,キングカメハメハ
2020106409,モーリス,コロナドズクエストCoronado'
2017106394,ヘニーヒューズ,ハーツクライ
2022105885,シニスターミニスター,シンボリクリスエス
2022103733,デクラレーションオブウォー,キングヘイロー
2021102991,デクラレーションオブウォー,ディープインパクト
2022100413,コパノリッキー,フレンチデピュティ
2020102728,モーリス,サンデーサイレンス
2022103229,ウォータービルド,サウスヴィグラス
2021105933,エスポワールシチー,カコイーシーズ
2022100335,イスラボニータ,サクラバクシンオー
2021101033,ストロングリターン,ビッグサンデー
2022105433,Sottsass,ハーツクライ
2022104138,エピファネイア,More Than Ready
2022104638,ロードカナロア,ディープインパクト
2022105440,ロードカナロア,Smarty Jones
2022100793,サートゥルナーリア,ディープインパクト
2022103102,ビッグアーサー,ゴールドアリュール
2022105879,リアルスティール,エンパイアメーカー
2022104464,デクラレーションオブウォー,ゼンノロブロイ
2022101488,アドマイヤマーズ,ヴィクトワールピサ
2022103653,ミスターメロディ,ディープインパクト
2023100220,リオンディーズ,ディープインパクト
2023106560,ゴールドシップ,アイルハヴアナザーI'
2023106460,ゴールドシップ,Invincible Spirit
2023102462,クリソベリル,フリオーソ
2023107181,ゴールドドリーム,ダンカーク
2023101572,シニスターミニスター,ゴールドアリュール
2023107258,クリソベリル,Tapizar
2023105209,モーニン,アドマイヤジャパン
2023105762,マインドユアビスケッツ,ゴールドアリュール
2023103432,マインドユアビスケッツ,マンハッタンカフェ
2023104503,マジェスティックウォリアー,サウスヴィグラス
2023102903,クリソベリル,シンボリクリスエス
2023103440,レイデオロ,Fortify
2023106930,レイデオロ,ディープインパクト
2023103822,エピファネイア,キングカメハメハ
2023103783,ブリックスアンドモルタル,My Golden Song
2023103654,シルバーステート,フレンチデピュティ
2022100779,ドレフォン,ディープインパクト
2022100591,サンダースノー,クロフネ
2022104943,エピファネイア,トーセンホマレボシ
2022102236,マクフィ,ダイワメジャー
2022107173,エポカドーロ,パイロ
2022104833,キズナ,Fast Company
2022102959,キタノコマンドール,シニスターミニスター
2022104061,ワールドエース,シンボリクリスエス
2022101169,キタサンブラック,パイロ
2022101447,エピファネイア,オルフェーヴル
2022104869,ロードカナロア,Reset
2022105881,マクフィ,エイシンフラッシュ
2022102545,ロジャーバローズ,ヘニーヒューズ
2022110147,Dubawi,Storm Cat
2022102565,マジェスティックウォリアー,ステイゴールド
2022104948,バゴ,メイショウサムソン
2022100391,バゴ,クロフネ
2019104632,ロードカナロア,シンボリクリスエス
2020110100,Runhappy,Distorted Humor
2020104982,ヘニーヒューズ,ディープブリランテ
2019101198,キタサンブラック,オペラハウス
2019100094,トビーズコーナーToby',ステイゴールド
2020104136,スズカコーズウェイ,スマートボーイ
2022104933,ロードカナロア,ディープインパクト
2021102727,モーリス,ディープインパクト
2019105544,ハーツクライ,Unbridled's Song
2022104894,サートゥルナーリア,ディープインパクト
2022101036,サトノダイヤモンド,クロフネ
2022100457,ルーラーシップ,オルフェーヴル
2022105584,ブリックスアンドモルタル,Sir Prancealot
2022105259,ダイワメジャー,Unbridled's Song
2022100346,カレンブラックヒル,グラスワンダー
2022100643,モーリス,Dubawi
2022103685,リアルスティール,ゴールドシップ
2022102795,エピファネイア,キングカメハメハ
2022104711,サートゥルナーリア,ディープインパクト
2022102931,エポカドーロ,ダイワメジャー
2022104674,サトノアラジン,フレンチデピュティ
2022104633,ヘニーヒューズ,アグネスタキオン
2022101408,ナダル,ブライアンズタイムBrian'
2022106717,パイロ,マンハッタンカフェ
2022103195,ドレフォン,マンハッタンカフェ
2021105427,キタサンブラック,Galileo
2022105727,オルフェーヴル,Starspangledbanner
2022103058,カリフォルニアクローム,ディープインパクト
2021103488,イスラボニータ,ベーカバド
2022106912,ビッグアーサー,ダンスインザダーク
2021104242,ショウナンバッハ,クロフネ
2022110077,Too Darn Hot,Invincible Spirit
2021103006,アニマルキングダム,マンハッタンカフェ
2022102308,アルアイン,エンパイアメーカー
2022102916,モズアスコット,Congrats
2022105294,レイデオロ,Pure Prize
2022100438,メイショウサムソン,スペシャルウィーク
2022100164,カリフォルニアクローム,アグネスタキオン
2022105103,ナダル,スペシャルウィーク
2022105726,アドマイヤマーズ,Medaglia d'Oro
2023100610,ロードカナロア,High Chaparral
2023101690,アドマイヤムーン,トランセンド
2023102889,キタサンブラック,Bluegrass Cat
2023102480,フィレンツェファイア,フレンチデピュティ
2023109127,スクワートルスクワート,キングヘイロー
2023109171,ネロ,ジャスタウェイ
2023101159,ファインニードル,Hard Spun
2023101452,モズアスコット,ヴァーミリアン
2023105346,モーリス,スペシャルウィーク
2023104990,デクラレーションオブウォー,ロードカナロア
2023103333,アルアイン,エンパイアメーカー
2023101994,ヴァンゴッホ,Frankel
2023107271,レイデオロ,ダイワメジャー
2023103344,モーリス,ハーツクライ
2023105352,コントレイル,アドマイヤムーン
2022106856,ヘニーヒューズ,ブライアンズタイムBrian'
2022101656,サンダースノー,パイロ
2022103056,ナダル,Street Cry
2022106735,Saxon Warrior,Dalakhani
2022101757,アドマイヤマーズ,サウスヴィグラス
2022100405,ウォータービルド,ウォーターリーグ
2022105124,ニューイヤーズデイ,Running Stag
2022101493,オルフェーヴル,フジキセキ
2022100179,リオンディーズ,マンハッタンカフェ
2022106555,レッドベルジュール,ロードカナロア
2021103263,ドレフォン,マンハッタンカフェ
2021102905,キンシャサノキセキ,Zensational
2019104907,ダイワメジャー,Tapit
2022101601,ブリックスアンドモルタル,ハーツクライ
2022104793,エピファネイア,ディープインパクト
2020102081,モーリス,フジキセキ
2021102801,ドゥラメンテ,デヒア
2021100450,カリフォルニアクローム,キングヘイロー
2022100819,タワーオブロンドン,Redoute's Choice
2022106010,モズアスコット,タートルボウル
2021104362,アジアエクスプレス,クロフネ
2022106943,アジアエクスプレス,ブライアンズタイムBrian'
2020101712,ミッキーアイル,ファルブラヴ
2022104106,リーチザクラウン,ストリートセンス
2022105557,ブリックスアンドモルタル,キングカメハメハ
2022104872,サートゥルナーリア,Monsun
2022110028,Night of Thunder,Rahy
2022106997,リアルスティール,パイロ
2022101721,サートゥルナーリア,メイショウボーラー
2022102188,フォーウィールドライブ,エイシンフラッシュ
2022105348,モーリス,ジャングルポケット
2022101057,マクフィ,サクラバクシンオー
2022103099,ミスターメロディ,グラスワンダー
2022104647,サートゥルナーリア,ディープインパクト
2022105503,スワーヴリチャード,ステイゴールド
2017105602,ルーラーシップ,アグネスタキオン
2022106644,キズナ,Speightstown
2022100126,ルヴァンスレーヴ,ダンスインザダーク
2022104175,モーリス,Distorted Humor
2022105213,ドゥラメンテ,ワークフォース
2022103655,エイシンヒカリ,ジャスタウェイ
2022102325,エイシンフラッシュ,ゴールドアリュール
2022105821,キタサンブラック,Street Cry
2023104282,タワーオブロンドン,モーリス
2023107326,リオンディーズ,ディープインパクト
2023100946,エピファネイア,Candy Ride
2023101375,キタサンブラック,ネオユニヴァース
2023103371,エピファネイア,Malibu Moon
2023106414,リオンディーズ,アドマイヤマックス
2023100669,リオンディーズ,ディープインパクト
2023107118,サトノダイヤモンド,Salt Lake
2023104067,モーニン,ブラックタイド
2023100154,レイデオロ,ブラックタイド
2022104408,シャンハイボビー,タイキシャトル
2022105251,イスラボニータ,Dubai Destination
2022104713,エピファネイア,ダイワメジャー
2022103921,リアルスティール,キングカメハメハ
2022102552,デクラレーションオブウォー,キングカメハメハ
2022105046,エピファネイア,Giant's Causeway
2022105956,リアルスティール,Exceed And Excel
2022103876,シニスターミニスター,アグネスタキオン
2022104388,カリフォルニアクローム,エンパイアメーカー
2019100326,キズナ,コロナドズクエストCoronado'
2021101751,エピファネイア,マイネルラヴ
2019103714,モーリス,マンハッタンカフェ
2022103686,ドレフォン,サウスヴィグラス
2022104749,ヘニーヒューズ,ワイルドラッシュ
2022104669,ロードカナロア,ディープインパクト
2022104937,レイデオロ,Fortify
2022104492,ルーラーシップ,ステイゴールド
2022102141,レイデオロ,ディープインパクト
2022104728,ハービンジャー,ダイワメジャー
2022105851,モーリス,フジキセキ
2022101694,ハービンジャー,ディープインパクト
2022102710,ナダル,ゴールドアリュール
2021105637,ワールドエース,クロフネ
2022102196,キタサンブラック,ロージズインメイ
2021106087,アメリカンペイトリオット,スズカマンボ
2022104776,ドゥラメンテ,Tiz Wonderful
2022104738,ブリックスアンドモルタル,ダイワメジャー
2022104679,キズナ,Frankel
2022106690,サトノダイヤモンド,Indygo Shiner
2022104100,リオンディーズ,Dylan Thomas
2022100626,エピファネイア,ディープインパクト
2022104975,サトノクラウン,サンデーサイレンス
2022104974,モーリス,キングヘイロー
2022105113,レイデオロ,フジキセキ
2022105176,シルバーステート,ロードカナロア
2022102618,エイシンヒカリ,ジャスタウェイ
2022105208,ブリックスアンドモルタル,フレンチデピュティ
2020105299,シルバーステート,キングカメハメハ
2020105561,ビッグアーサー,Afleet Alex
2022103175,ロジャーバローズ,タイキシャトル
2022100801,サトノアレス,ロードカナロア
2022101429,アルアイン,Shirocco
2022100401,ホッコータルマエ,ダイワメジャー
2023104562,マテラスカイ,アグネスデジタル
2023100126,タワーオブロンドン,ドゥラメンテ
2023105667,ナダル,Orpen
2023103677,ルヴァンスレーヴ,Giant's Causeway
2023110066,Speightstown,More Than Ready
2023103036,タワーオブロンドン,ダイワメジャー
2023102877,コパノリッキー,コパノリチャード
2023110020,Tiz the Law,アニマルキングダム
2023107110,ミッキーアイル,Malibu Moon
2023105035,ダイワメジャー,シニスターミニスター
2023110092,Yaupon,Unusual Heat
2023106226,ジョーカプチーノ,マツリダゴッホ
2023105423,ビッグアーサー,スペシャルウィーク
2023104768,アジアエクスプレス,シンボリクリスエス
2023106634,ベストウォーリア,ハービンジャー
2023105590,ファインニードル,アドマイヤマックス
2022104806,Saxon Warrior,Equal Stripes
2022105093,サートゥルナーリア,アグネスデジタル
2022104913,ドレフォン,ディープインパクト
2022105570,ブリックスアンドモルタル,ダイワメジャー
2022101719,ブリックスアンドモルタル,キングカメハメハ
2022102285,ベストウォーリア,ゴールドアリュール
2022103564,ノヴェリスト,ゴールドアリュール
2022107301,カリフォルニアクローム,Smart Strike
2022103621,カリフォルニアクローム,マンハッタンカフェ
2022104670,ドゥラメンテ,Galileo
2022105206,キズナ,Anabaa
2022104660,ロードカナロア,ネオユニヴァース
2022102360,レインボーライン,ゴールドアリュール
2022101554,オルフェーヴル,サクラバクシンオー
2022103928,サートゥルナーリア,ダイワメジャー
2022102529,マクフィ,ワイルドラッシュ
2022100141,ジャスタウェイ,ドリームジャーニー
2022107219,McKinzie,City Zip
2022103221,サートゥルナーリア,Shamardal
2022105812,ブリックスアンドモルタル,ダイワメジャー
2022104966,スワーヴリチャード,キングカメハメハ
2022101443,グレーターロンドン,アフリート
2021107180,キズナ,キングヘイロー
2021105873,オルフェーヴル,ロードカナロア
2018100097,ディープインパクト,キングヘイロー
2020102888,ミッキーアイル,マンハッタンカフェ
2021105228,ジャスタウェイ,コロナドズクエストCoronado'
2021102597,エピファネイア,New Approach
2021105102,ブリックスアンドモルタル,Frankel
2022106604,ダイワメジャー,フレンチデピュティ
2021101057,グァンチャーレ,Swiss Spirit
2022104326,モズアスコット,タイキシャトル
2019104100,ロードカナロア,ディープインパクト
2021105610,モーリス,アルカセット
2022102003,ファインニードル,フジキセキ
2021110137,Twirling Candy,Congrats
2022107325,ルヴァンスレーヴ,タイキシャトル
2022104883,ロードカナロア,Tiznow
2022104439,キタサンブラック,タイキシャトル
2022106212,リアルスティール,ヴィクトワールピサ
2022103054,アドマイヤマーズ,Giant's Causeway
2022105527,ルーラーシップ,スウェプトオーヴァーボード
2022103057,ラブリーデイ,ハーツクライ
2022103879,ルーラーシップ,ディープインパクト
2022102898,リアルスティール,エンパイアメーカー
2022100622,キズナ,キングカメハメハ
2022105074,キズナ,Monsun
2021104426,エピファネイア,エンパイアメーカー
2022103130,ディーマジェスティ,メイショウサムソン
2023110036,Munnings,Big Brown
2023102902,フォーウィールドライブ,マンハッタンカフェ
2023105284,ルヴァンスレーヴ,クロフネ
2023102610,パイロ,ゴールドアリュール
2023103862,ルヴァンスレーヴ,ゴールドアリュール
2023105140,ミッキーアイル,ハーツクライ
2023106638,イスラボニータ,キングヘイロー
2023100537,エスポワールシチー,ロードカナロア
2023103699,ルヴァンスレーヴ,ゴールドアリュール
2023102831,ゴールドドリーム,ワイルドラッシュ
2023103250,イスラボニータ,エイシンフラッシュ
2023105300,コントレイル,Galileo
2023103160,ベンバトル,アルデバラン
2023103615,マインドユアビスケッツ,Street Boss
2023102640,サトノクラウン,Quality Road
2023100430,ホッコータルマエ,ネオユニヴァース
2023107267,キズナ,Treasure Beach
2023105773,ヘンリーバローズ,リンカーン
2023109040,アニマルキングダム,スタチューオブリバティ
2023106908,ポエティックフレア,アグネスタキオン
2022105811,レイデオロ,Monsun
2022100358,モズアスコット,ブラックタイド
2022102906,パイロ,ブライアンズタイムBrian'
2022105061,ドゥラメンテ,Lizard Island
2022105834,ルヴァンスレーヴ,ゴールドアリュール
2022104602,ドゥラメンテ,Orpen
2022106632,キズナ,キングカメハメハ
2022102385,スマートファルコン,トウカイテイオー
2022105780,Maximum Security,Galileo
2022102998,ナダル,ヘニーヒューズ
2021104649,ベストウォーリア,マツリダゴッホ
2021105283,ロゴタイプ,ジャングルポケット
2022100658,ロードカナロア,Colonel John
2021101557,サトノアラジン,キングカメハメハ
2022105533,ブリックスアンドモルタル,ダイワメジャー
2022104426,サトノダイヤモンド,ボストンハーバー
2022103260,レイデオロ,サウスヴィグラス
2022109094,リアルスティール,ロードカナロア
2022102015,アメリカンペイトリオット,パイロ
2022106559,アルアイン,キングズベストKing'
2022104036,ブルドッグボス,ワイルドラッシュ
2020100716,パイロ,キングカメハメハ
2022105385,Gun Runner,Mr Speaker
2022100200,カリフォルニアクローム,アグネスタキオン
2022104779,キズナ,クロフネ
2021103291,ロジャーバローズ,Lawman
2021104037,リオンディーズ,クロフネ
2022100429,ルーラーシップ,アグネスタキオン
2022100542,ミッキーアイル,スマートファルコン
2022103291,サトノダイヤモンド,ブラックホーク
2018105021,ディープブリランテ,シンボリクリスエス
2022103277,ドゥラメンテ,Colonel John
2022102726,ヘニーヒューズ,ネオユニヴァース
2022103934,カリフォルニアクローム,ファルブラヴ
2022104415,ヤマカツエース,ダンスインザダーク
2023104075,マクフィ,ヨハネスブルグ
2023106989,モーリス,ゴールドアリュール
2022101748,レイデオロ,Unbridled's Song
2022102746,ノーブルミッション,キズナ
2023105274,サートゥルナーリア,E Dubai
2023105583,キタサンブラック,パイロ
2023101657,イスラボニータ,キングカメハメハ
2023109036,タワーオブロンドン,ジャスタウェイ
2023106942,レイデオロ,ディープインパクト
2023105742,モズアスコット,Bernardini
2023106028,マインドユアビスケッツ,フジキセキ
2023103594,ニューイヤーズデイ,エンパイアメーカー
2023103896,ドレフォン,アフリート
2023102701,シニスターミニスター,マンハッタンカフェ
2023102778,リアルスティール,キングカメハメハ
2023107131,ナダル,ワイルドラッシュ
2023105340,ドレフォン,ハーツクライ
2023101997,ロジャーバローズ,エンパイアメーカー
2023104433,モーニン,シンボリクリスエス
2022103627,カリフォルニアクローム,キングカメハメハ
2022101045,ミスターメロディ,キンシャサノキセキ
2022104021,エスポワールシチー,ルーラーシップ
2022103282,ダノンレジェンド,キングカメハメハ
2022100102,フォーウィールドライブ,フジキセキ
2022101482,ミッキーアイル,クロフネ
2022100192,ワールドエース,ロードカナロア
2022104091,ダイワメジャー,ファンタスティックライト
2021106100,ドゥラメンテ,クロフネ
2022105384,オルフェーヴル,Arcano
2022105108,ミッキーアイル,Dutch Art
2022106306,スマートオーディン,アグネスタキオン
2021101386,リオンディーズ,Curlin
2020103325,War Front,Sunday Break
2020102045,ダノンバラード,Exceed And Excel
2020102831,キタサンブラック,Pure Prize
2022110143,Collected,El Corredor
2020101147,モーリス,ダンスインザダーク
2018102576,キングカメハメハ,ディープインパクト
2018110132,Tapit,Broken Vow
2022100652,ロードカナロア,オルフェーヴル
2022104256,サトノアラジン,マンハッタンカフェ
2023100504,フォーウィールドライブ,ウォーエンブレム
2023101405,アドマイヤマーズ,フレンチデピュティ
2023103348,コントレイル,To Honor and Serve
2022106540,リアルスティール,ヴィクトワールピサ
2022102490,フォーウィールドライブ,オペラハウス
2022101328,デクラレーションオブウォー,ヨハネスブルグ
2022102210,フォーウィールドライブ,ルーラーシップ
2022103935,パイロ,エンパイアメーカー
2022103736,キズナ,Mount Nelson
2022102198,シニスターミニスター,ヴィクトワールピサ
2022104810,ナダル,ステイゴールド
2022102197,コパノリッキー,ジャングルポケット
2022103988,ミッキーアイル,ゼンノロブロイ
2023106957,モーリス,ダイワメジャー
2023103201,ロジャーバローズ,キングカメハメハ
2023102025,ノーブルミッション,キングヘイロー
2023106487,ゴールドシップ,スクリーンヒーロー
2023105468,キセキ,Exchange Rate
2022100575,ルーラーシップ,Barathea
2022102708,オルフェーヴル,スペシャルウィーク
2022102844,キタサンブラック,エンパイアメーカー
2022104735,ドゥラメンテ,Congaree
2022103730,ミッキーアイル,City Zip
2022104082,ロゴタイプ,ドリームジャーニー
2022109102,ファインニードル,アイルハヴアナザーI'
2022105479,アドマイヤマーズ,Rail Link
2022110003,Kingman,Monsun
2022100616,エピファネイア,ディープインパクト
2022104848,ドゥラメンテ,Siyouni
2022106379,アメリカンペイトリオット,アグネスタキオン
2022105622,アルアイン,ヘクタープロテクター
2022103060,ロゴタイプ,Cape Cross
2022101369,ビッグアーサー,ノヴェリスト
2020100771,ホッコータルマエ,クロフネ
2021104176,ロードカナロア,ジャングルポケット
2016104152,プリサイスエンド,ゴールドアリュール
2020105542,マジェスティックウォリアー,フジキセキ
2021102461,バンドワゴン,ルーラーシップ
2019104260,シルバーステート,キングカメハメハ
2021107255,ディスクリートキャット,バゴ
2022110109,Thousand Words,Bodemeister
2022104919,エピファネイア,ディープインパクト
2021110080,Sea The StarsSea the Stars,Smart Strike
2022106858,パイロ,ゴールドアリュール
2023102810,リアルスティール,Milt's Overture
2023107106,エピファネイア,キングカメハメハ
2023103622,リアルスティール,ヴィクトワールピサ
2023102601,エピファネイア,ディープインパクト
2023101894,スワーヴリチャード,オルフェーヴル
2023104997,シャンハイボビー,ダイワメジャー
2022100843,キタサンブラック,スニッツェル
2022105714,サートゥルナーリア,ダイワメジャー
2022105544,ブリックスアンドモルタル,Le Havre
2022109113,ゴールスキー,Montjeu
2022101659,パイロ,Hard Spun
2023103247,ミッキーアイル,キングカメハメハ
2023103836,タワーオブロンドン,ロードカナロア
2023101176,シルバーステート,アドマイヤムーン
2023107378,ゴールドドリーム,タニノギムレット
2023106982,リアルスティール,ルーラーシップ
2023101946,エポカドーロ,スクリーンヒーロー
2023105833,ダノンスマッシュ,Sea The StarsSea the Stars
2023103399,インディチャンプ,Indian Charlie
2023104675,キズナ,キングヘイロー
2022101644,ロードカナロア,Raven's Pass
2022102983,ロジャーバローズ,タイキシャトル
2021105857,リアルインパクト,Halling
2019102986,ベルシャザール,マヤノトップガン
2022101608,デクラレーションオブウォー,ディープインパクト
2022104957,American Pharoah,Bernardini
2022103047,ドレフォン,ゴールドアリュール
2021102735,ブリックスアンドモルタル,コロナドズクエストCoronado'
2021105161,ブリックスアンドモルタル,ディープインパクト
2019105308,ドレフォン,トワイニング
2020104123,ロードカナロア,Tale of the Cat
2022101043,レイデオロ,ダイワメジャー
2022101403,マジェスティックウォリアー,エンパイアメーカー
2022104729,ルーラーシップ,アグネスタキオン
2023104192,カレンブラックヒル,Monsun
2023106191,フィレンツェファイア,キングカメハメハ
2023104611,シルバーステート,Frankel
2023103635,ダノンプレミアム,Purge
2022101435,Authentic,Candy Ride
2022101782,アニマルキングダム,ステイゴールド
2022101767,エピファネイア,Frankel
2022107399,ロードカナロア,ディープインパクト
2022102107,ジャスタウェイ,クロフネ
2022100361,ビッグアーサー,ディープインパクト
2022103134,パイロ,ハーツクライ
2022100233,シルポート,ステイゴールド
2022104961,ルヴァンスレーヴ,ディープインパクト
2022104288,フィエールマン,Frankel
2022110073,Le Havre,ディープインパクト
2022100134,マジェスティックウォリアー,アグネスタキオン
2022101316,シュヴァルグラン,Bernardini
2023105380,エピファネイア,クロフネ
2023103367,ゴールドシップ,Bluegrass Cat
2023107076,シスキン,ダイワメジャー
2023107227,コントレイル,Giant's Causeway
2023106001,マジェスティックウォリアー,ドリームジャーニー
2023102864,フィレンツェファイア,スクリーンヒーロー
2023107153,サートゥルナーリア,ハーツクライ
2023104325,ダノンプレミアム,ルーラーシップ
2023105348,ドレフォン,キングカメハメハ
2023106172,アドマイヤマーズ,Trappe Shot
2023104255,マジェスティックウォリアー,ディープインパクト
2023103284,カリフォルニアクローム,ディープインパクト
2023104489,ウインブライト,アイルハヴアナザーI'
2023104430,モズアスコット,ロードカナロア
2023102218,キズナ,Jimmy Creed
2022110123,Global Campaign,Mr. Greeley
2022106626,エピファネイア,ディープインパクト
2021110139,American Pharoah,Elusive Quality
2022105951,シルバーステート,タイキシャトル
2020103369,モーリス,ステイゴールド
2019110053,Arrogate,Mineshaft
2023103453,トーセンラー,Speightstown
2023106920,ドレフォン,ダイワメジャー
2023105301,ルヴァンスレーヴ,ルーラーシップ
2023106240,ダノンスマッシュ,クロフネ
2022104600,ロードカナロア,ディクタット
2022110087,Collected,Medaglia d'Oro
2022106923,Practical Joke,Colonel John
2023106105,サトノクラウン,ダイワメジャー
2023101217,ロゴタイプ,ゴールドヘイロー
2022100654,モーリス,ディープインパクト
2023106993,ラブリーデイ,クロフネ
2023105987,タワーオブロンドン,ハーツクライ
2023106858,キズナ,ロードカナロア
2023107448,ミッキーアイル,キングズベストKing'
2023101445,ミッキーアイル,ハービンジャー
2023103735,キズナ,Galileo
2023106978,ロードカナロア,ディープインパクト
2023106995,キタサンブラック,Global Hunter
2022103135,ルヴァンスレーヴ,チチカステナンゴ
2021106078,スマートファルコン,タイキシャトル
2021103316,ダンカーク,アグネスタキオン
2021106821,スクリーンヒーロー,ロージズインメイ
2023107071,アドマイヤマーズ,マクフィ
2023103171,ディーマジェスティ,タイキシャトル
2021110122,Justify,Bernardini
2019100871,コパノリッキー,クロフネ
2022103754,キズナ,Distorted Humor
2019101079,ハービンジャー,ディープインパクト
2022105917,ドレフォン,ゴールドアリュール
2022105831,ルーラーシップ,ダイワメジャー
2022106719,American Pharoah,Get Stormy
2023102752,デクラレーションオブウォー,エンパイアメーカー
2023110031,City of Light,Uncle Mo
2023110081,Authentic,Bernardini
2023101412,ロジャーバローズ,アグネスデジタル
2023104348,リアルスティール,クロフネ
2023103586,マインドユアビスケッツ,ディープインパクト
2021107097,ヘニーヒューズ,ダンスインザダーク
2022110051,Tapit,City Zip
2023101003,リオンディーズ,マンハッタンカフェ
2023100448,ミッキーアイル,ノヴェリスト
2023103535,エイシンフラッシュ,ヴィクトワールピサ
2023106862,リアルスティール,キンシャサノキセキ
2023106380,エピファネイア,ディープインパクト
2023101399,スワーヴリチャード,アフリート
2023105190,シルバーステート,キングヘイロー
2023101501,ビッグアーサー,スズカマンボ
2023102133,ダノンプレミアム,ショウナンカンプ
2023103573,ロードカナロア,Broken Vow
2023103585,サートゥルナーリア,ジャスタウェイ
2023105967,ジャスタウェイ,プリサイスエンド
2023107130,ミッキーアイル,ドゥラメンテ
2023110025,Kingman,Holy Roman Emperor
2023104630,レイデオロ,アグネスタキオン
2023107495,タリスマニック,ディープインパクト
2023102560,ダノンプレミアム,City Zip
2023102739,モーリス,シンボリクリスエス
2023105800,ロードカナロア,Frankel
2023105973,ダノンプレミアム,Lawman
2023103582,レイデオロ,Wilburn
2023100480,ダノンプレミアム,ロードカナロア
2022110157,Maximum Security,Midnight Lute
2021101548,ニューイヤーズデイ,More Than Ready
2022100630,ジャスタウェイ,フジキセキ
2021105295,モーリス,ステイゴールド
2022106123,カレンブラックヒル,シンボリクリスエス
2021105098,レッドスパーダ,アグネスタキオン
2022101725,ドゥラメンテ,ダンスインザダーク
2021110040,Masar,Shamardal
2021100471,パイロ,ゴールドヘイロー
2022105422,エピファネイア,ディープブリランテ
2022105988,サートゥルナーリア,ディープインパクト
2021105700,キズナ,Smoke Glacken
2019102383,キタサンブラック,Uncle Mo
2021106640,マジェスティックウォリアー,ゴールドアリュール
2017106404,パイロ,マンハッタンカフェ
2020105621,レガーロ,キングカメハメハ
2017103290,キズナ,ジェネラス
2021102729,サンダースノー,エンパイアメーカー
2020103400,ヘニーヒューズ,マンハッタンカフェ
2016102370,オルフェーヴル,フレンチデピュティ
2023100475,ニューイヤーズデイ,Hard Spun
2023105838,キタサンブラック,ダイワメジャー
2023105917,パイロ,ディープスカイ
2023100184,シニスターミニスター,マンハッタンカフェ
2023104888,シャンハイボビー,Galileo
2023103982,サトノアラジン,フレンチデピュティ
2022103267,Nyquist,Tapit
2022104403,ニューイヤーズデイ,マンハッタンカフェ
2021105526,Frankel,ストリートセンス
2023104402,コントレイル,Temple City
2023104805,タワーオブロンドン,フサイチコンコルド
2023102088,コントレイル,Pivotal
2023102455,サンダースノー,リアルインパクト
2023101867,ダノンキングリー,ロードカナロア
2023107287,ハービンジャー,スペシャルウィーク
2023103906,キタサンブラック,ホワイトマズル
2023104552,コントレイル,Afleet Alex
2023106800,サートゥルナーリア,ステイゴールド
2023105513,エイシンヒカリ,Drosselmeyer
2023101404,アドマイヤマーズ,Oasis Dream
2023106808,シルバーステート,クロフネ
2023100621,ドレフォン,More Than Ready
2023101726,アルアイン,アドマイヤムーン
2023101317,リオンディーズ,Cape Cross
2023102161,デクラレーションオブウォー,Siyouni
2023100060,スマートオーディン,Singspiel
2021105401,ドゥラメンテ,Elusive City
2021101155,オルフェーヴル,フジキセキ
2021101430,リオンディーズ,Hold That Tiger
2020102910,ヴィクトワールピサ,Speightstown
2020103292,ラブリーデイ,ディープインパクト
2023107520,Charlatan,Candy Ride
2021105094,ホッコータルマエ,ゼンノロブロイ
2020100931,フリオーソ,フレンチデピュティ
2019104742,ディープインパクト,Dance Brightly
2019105416,ハーツクライ,シンボリクリスエス
2021104806,ダイワメジャー,Equiano
2019103672,ビッグアーサー,ウォーエンブレム
2022105067,スワーヴリチャード,アルデバラン
2023101573,キタサンブラック,ロージズインメイ
2023104965,シニスターミニスター,ゴールドアリュール
2023106857,クリソベリル,タートルボウル
2023104416,ドレフォン,Bernardini
2023101755,フォーウィールドライブ,キングヘイロー
2023102791,アニマルキングダム,ディープスカイ
2023106701,タワーオブロンドン,バトルプラン
2023107472,アメリカンペイトリオット,ゴールドヘイロー
2023106018,シニスターミニスター,ドリームジャーニー
2022110138,Liam's Map,Bluegrass Cat
2023101702,コントレイル,Camelot
2023106941,レイデオロ,オルフェーヴル
2023103661,フィエールマン,オルフェーヴル
2023103919,キタサンブラック,モーリス
2023104957,ヘンリーバローズ,ケープブランコ
2023103636,ナダル,Roman Ruler
2023102641,ホッコータルマエ,エンパイアメーカー
2023100230,レイデオロ,アグネスタキオン
2023101329,サトノアラジン,City Zip
2023105943,トーセンレーヴ,アグネスデジタル
2023104866,ドレフォン,ハーツクライ
2023104077,ホッコータルマエ,Bernardini
2023102959,マジェスティックウォリアー,ゼンノロブロイ
2023104995,ロジャーバローズ,Acclamation
2023101235,リアルインパクト,ホワイトマズル
2023105564,カリフォルニアクローム,フジキセキ
2023102156,アルアイン,バゴ
2023104223,トランセンド,スペシャルウィーク
2022104901,キタサンブラック,Congrats
2020100978,ロードカナロア,ディープインパクト
2022103250,ブリックスアンドモルタル,マンハッタンカフェ
2019100665,クロフネ,スペシャルウィーク
2020105472,ダンカーク,ムーンバラッド
2021100711,ニューイヤーズデイ,Leroidesanimaux
2022107185,キズナ,Wootton Bassett
2021101280,ルーラーシップ,タートルボウル
2021105056,エピファネイア,ダンスインザダーク
2022102532,リアルスティール,メイショウサムソン
2023105761,ファインニードル,ロードカナロア
2023100628,フィレンツェファイア,ダイワメジャー
2023102063,ホークビル,ゴールドアリュール
2023102768,スマートオーディン,ファルブラヴ
2023105459,マテラスカイ,シンボリクリスエス
2023106319,リアルスティール,Dutch Art
2021107278,オルフェーヴル,ファルブラヴ
2022104391,モズアスコット,ディープインパクト
2022105695,エピファネイア,Vespone
2023103797,アドマイヤマーズ,ノヴェリスト
2023100053,サトノダイヤモンド,Galileo
2023106797,シルバーステート,フレンチデピュティ
2023102376,ベンバトル,フレンチデピュティ
2023100732,コントレイル,Offlee Wild
2023103191,オルフェーヴル,デヒア
2023106988,フィエールマン,ロードカナロア
2023103790,スワーヴリチャード,マンハッタンカフェ
2023103478,ロードカナロア,Into Mischief
2023104520,シルバーステート,Pioneerof the Nile
2023104454,モズアスコット,アニマルキングダム
2023104049,マクフィ,ダイワメジャー
2023106640,ハービンジャー,キズナ
2023101706,サートゥルナーリア,Midnight Lute
2023101569,アルアイン,ロージズインメイ
2023105593,コントレイル,Charm Spirit
2023104869,マジェスティックウォリアー,ジャングルポケット
2023106088,ハービンジャー,ダノンシャンティ
2021106544,シルバーステート,エンパイアメーカー
2019106615,ルーラーシップ,フジキセキ
2022102501,イスラボニータ,クロフネ
2022106582,マクフィ,Afleet Alex
2022106705,ウインブライト,タニノギムレット
2022104085,シャンハイボビー,Mr. Greeley
2021102259,ニューイヤーズデイ,ダイワメジャー
2021101461,リオンディーズ,ゼンノロブロイ
2022105983,シスキン,ダンスインザダーク
2023106565,ミッキーアイル,エンパイアメーカー
2023104408,キズナ,アーネストリー
2023102369,ルヴァンスレーヴ,マンハッタンカフェ
2023105091,フィエールマン,ジャスタウェイ
2023104355,フォーウィールドライブ,ダンスインザダーク
2023106945,シュヴァルグラン,キングカメハメハ
2023105185,アメリカンペイトリオット,ディープインパクト
2023104596,ナダル,サウスヴィグラス
2023101953,ダノンキングリー,シニスターミニスター
2023102478,ルヴァンスレーヴ,サウスヴィグラス
2023105839,ジャスタウェイ,Frankel
2023102008,リアルスティール,キングカメハメハ
2023106786,ニューイヤーズデイ,タップダンスシチー
2023101933,ダノンレジェンド,サクラバクシンオー
2023104612,ロードカナロア,Frankel
2023103244,ゴールドドリーム,ワイルドラッシュ
2023107526,American Pharoah,Tapit
2023105242,フィレンツェファイア,キングカメハメハ
2023102448,マインドユアビスケッツ,ジョーカプチーノ
2023101064,ベストウォーリア,スマートファルコン
2023106057,デクラレーションオブウォー,ハーツクライ
2023100236,ダノンスマッシュ,ダイワメジャー
2021101064,ニューイヤーズデイ,ダイワメジャー
2021105843,リアルスティール,サクラバクシンオー
2022104053,オルフェーヴル,Invincible Spirit
2019105490,ディープインパクト,Storm Cat
2021104537,ワールドエース,Quality Road
2023104626,ダノンレジェンド,デュランダル
2023103755,ミッキーアイル,クロフネ
2023101109,パイロ,ストリートセンス
2019102454,マスタリー,ストリートセンス
2021103977,エピファネイア,Kingmambo
2018103368,ラブリーデイ,スペシャルウィーク
2021100935,カリフォルニアクローム,クロフネ
2022107255,リアルスティール,Manduro
2022103897,バゴ,アグネスタキオン
2022105709,ナダル,ロードカナロア
2022105904,ルヴァンスレーヴ,ゴールドアリュール
2022103133,メイショウサムソン,アグネスタキオン
2022106078,ゴールドドリーム,キングヘイロー
2022101130,アルアイン,エンドスウィープ
2022102175,ノーブルミッション,ハーツクライ
2022100850,モズアスコット,ディープインパクト
2022103080,ファインニードル,グラスワンダー
2022101939,ビッグアーサー,ディープインパクト
2022100468,ミッキーアイル,ノヴェリスト
2022102239,サンダースノー,ダンスインザダーク
2017104700,ヴィクトワールピサ,エルコンドルパサー
2020102347,ストロングリターン,メジロベイリー
2020104922,リオンディーズ,Manduro
2016103092,トゥザグローリー,サクラバクシンオー
2017105667,オルフェーヴル,Real Quiet
2022104940,エピファネイア,ディープインパクト
2022105759,イスラボニータ,オルフェーヴル
2022106510,スワーヴリチャード,エイシンフラッシュ
2022105562,シュヴァルグラン,キンシャサノキセキ
2022103787,レイデオロ,ダイワメジャー
2022106751,トランセンド,キズナ
2022105563,オルフェーヴル,Giant's Causeway
2022106570,ヤマカツエース,ウォーエンブレム
2022106143,タワーオブロンドン,ヴィクトワールピサ
2022101136,ラブリーデイ,Holy Bull
2022102217,エピファネイア,War Front
2022101697,サンダースノー,Maria's Mon
2020106843,ダンカーク,キングカメハメハ
2021101643,ロードカナロア,Raven's Pass
2021104646,ジャスタウェイ,ストリートセンス
2020104497,アジアエクスプレス,アグネスデジタル
2018103470,アイルハヴアナザーI',ジャングルポケット
2019106293,キンシャサノキセキ,Dylan Thomas
2020101707,シニスターミニスター,ロードカナロア
2018106147,トゥザグローリー,マンハッタンカフェ
2019101005,ディープブリランテ,キングカメハメハ
2022101959,コパノリッキー,ロードカナロア
2022105976,ニューイヤーズデイ,ゴールドアリュール
2022102747,フォーウィールドライブ,ヨハネスブルグ
2022100847,サンダースノー,タニノギムレット
2022102390,ニューイヤーズデイ,エスポワールシチー
2022102654,シュヴァルグラン,エンパイアメーカー
2022102184,ヘニーヒューズ,エンパイアメーカー
2022107141,グァンチャーレ,ゴールドアリュール
2022103119,サトノダイヤモンド,Luhuk
2022103615,McKinzie,Medaglia d'Oro
2022100897,ブリックスアンドモルタル,ロードカナロア
2022104392,エピファネイア,Smart Strike
2022105447,オルフェーヴル,キンシャサノキセキ
2022102990,ロジャーバローズ,キングカメハメハ
2022105146,モーリス,ディープインパクト
2019106387,カレンブラックヒル,ホワイトマズル
2021104597,トゥザワールド,ワイルドラッシュ
2022105822,ブリックスアンドモルタル,ダイワメジャー
2022103459,ダイワメジャー,エンパイアメーカー
2022105706,ドゥラメンテ,Flatter
2022103015,サトノダイヤモンド,ステイゴールド
2022110151,Frosted,Into Mischief
2022104628,ナダル,タートルボウル
2022110118,Preservationist,Officer
2022105967,ドゥラメンテ,Street Boss
2020102539,フェノーメノ,ディープインパクト
2021105047,ロゴタイプ,ジャングルポケット
2021102572,メイショウボーラー,メイショウサムソン
2020102883,スピルバーグ,Fusaichi Pegasus
2018106663,ロードカナロア,ジャングルポケット
2021105117,ロードカナロア,Dubai Destination
2021102256,ネオユニヴァース,Sky Classic
2020102817,ジャスタウェイ,キングカメハメハ
2020104564,キタサンブラック,スウェプトオーヴァーボード
2017110138,ハットトリック,エンパイアメーカー
2021102083,キンシャサノキセキ,ヴァーミリアン
2021101226,ゴールドシップ,スペシャルウィーク
2019104636,ラブリーデイ,ハーツクライ
2021110159,Nyquist,Medaglia d'Oro
2022101399,ナダル,ロードカナロア
2022107161,マインドユアビスケッツ,ハービンジャー
2022102460,バンドワゴン,ハーツクライ
2022100566,ゴールドアクター,エイシンサンディ
2022107135,デクラレーションオブウォー,ゴールドアリュール
2022100785,キズナ,ボストンハーバー
2022101647,サンダースノー,ステイゴールド
2022100289,サトノアラジン,First Samurai
2022106617,マジェスティックウォリアー,Distorted Humor
2022101049,サートゥルナーリア,クロフネ
2022105862,フィエールマン,Dynaformer
2022101613,モズアスコット,ヴィクトワールピサ
2022107239,ディスクリートキャット,クロフネ
2022104489,オルフェーヴル,Bodemeister
2022102422,ロードカナロア,ブラックタイド
2022102947,マクフィ,ブライアンズタイムBrian'
2022103372,オーヴァルエース,ナカヤマフェスタ
2020101323,ゼンノロブロイ,タニノギムレット
2021103842,サトノダイヤモンド,スニッツェル
2019107007,アポロキングダム,ワイルドラッシュ
2019103806,シルバーステート,ヨハネスブルグ
2022104877,リアルスティール,Include
2022104743,ナダル,キングカメハメハ
2022110153,Kantharos,Smart Strike
2022104583,ナダル,キャプテンスティーヴ
2022105853,ナダル,ゴールドアリュール
2022102223,シニスターミニスター,ネオユニヴァース
2021100653,エピファネイア,クロフネ
2020104206,ロードカナロア,フレンチデピュティ
2019105241,サトノアラジン,Exchange Rate
2017106136,プリサイスエンド,エルコンドルパサー
2021101406,デクラレーションオブウォー,Tapit
2022100451,ホッコータルマエ,ハーツクライ
2022101883,フォーウィールドライブ,サウスヴィグラス
2022101869,ルヴァンスレーヴ,コロナドズクエストCoronado'
2022106313,ヘニーヒューズ,Uncle Mo
2022102943,ディーマジェスティ,フォーティナイナーズサン
2022102740,リアルスティール,ロードカナロア
2022106368,ブリックスアンドモルタル,メイショウボーラー
2022103404,サングレーザー,サクラバクシンオー
2022103218,リオンディーズ,アドマイヤムーン
2022106560,ノーブルミッション,シンボリクリスエス
2022110050,English Channel,Black Minnaloushe
2022106573,レイデオロ,バゴ
2022106764,ダノンバラード,Muhaarar
2022103990,ミッキーアイル,High Chaparral
2022102213,カリフォルニアクローム,クロフネ
2022107082,カレンブラックヒル,キングカメハメハ
2022106200,コパノリッキー,エンパイアメーカー
2022106584,ダノンレジェンド,クロフネ
2021102645,ホッコータルマエ,プリサイスエンド
2021103841,ニホンピロアワーズ,キャプテンスティーヴ
2019101406,カレンブラックヒル,マイネルラヴ
2020104015,モーリス,ハービンジャー
2021103259,ロードカナロア,ディープインパクト
2021106642,ワンアンドオンリー,Street Cry
2021100709,シニスターミニスター,キングカメハメハ
2020105651,キズナ,Unbridled's Song
2021105919,ニューイヤーズデイ,ハービンジャー
2021100703,ホッコータルマエ,ワイルドラッシュ
2021105867,レイデオロ,ディープインパクト
2021101598,タリスマニック,ダンスインザダーク
2021105771,モーリス,ディープインパクト
2020102229,ビッグアーサー,フサイチリシャール
2021105521,ルーラーシップ,ステイゴールド
2021105587,エピファネイア,ジャングルポケット
2021105195,キズナ,Zensational
2019105748,エピファネイア,デュランダル
2017101436,ゴールドシップ,ティッカネン
2018105308,ハービンジャー,アドマイヤベガ
2021100505,ジョーカプチーノ,キングカメハメハ
2021103716,エスポワールシチー,Hard Spun
2020102027,リオンディーズ,ディープスカイ
2020104469,アジアエクスプレス,ディープインパクト
2022105920,ルヴァンスレーヴ,アグネスタキオン
2022100647,Authentic,Tapit
2022104060,マジェスティックウォリアー,スペシャルウィーク
2022105721,ダイワメジャー,Tapit
2022102636,ビーチパトロール,ディープスカイ
2022107166,アメリカンペイトリオット,キングヘイロー
2022102913,シニスターミニスター,Catcher In The Rye
2022106629,マジェスティックウォリアー,Distorted Humor
2022106576,タワーオブロンドン,ロードカナロア
2022103689,ミッキーアイル,Sunriver
2022105313,エピファネイア,Kendargent
2022105090,ミッキーアイル,キンシャサノキセキ
2022105770,リオンディーズ,ネオユニヴァース
2022100852,ルヴァンスレーヴ,ディープインパクト
2022105886,サトノクラウン,シンボリクリスエス
2022103742,レッドファルクス,サウスヴィグラス
2022102954,バゴ,ディープインパクト
2022105517,ブリックスアンドモルタル,Quality Road
2022105580,キタサンブラック,Medaglia d'Oro
2022100371,シニスターミニスター,スペシャルウィーク
2022101082,ミスターメロディ,キンシャサノキセキ
2021105265,ハーツクライ,Wilburn
2020106680,エピファネイア,Whipper
2021110121,Gun Runner,Ecclesiastic
2021101454,ルーラーシップ,アグネスタキオン
2019104808,ハービンジャー,サクラバクシンオー
2019104963,エピファネイア,Bernardini
2022105140,ドゥラメンテ,American Post
2021106624,キズナ,キングカメハメハ
2020106579,ディーマジェスティ,クロフネ
2022100026,フォーウィールドライブ,ハーツクライ
2022100349,ホッコータルマエ,タイキシャトル
2022102551,ワールドエース,スタチューオブリバティ
2022102543,サトノアラジン,ジェイドロバリー
2022100148,ディスクリートキャット,ブラックタイド
2022107316,ロードカナロア,E Dubai
2022102862,ナダル,エルコンドルパサー
2022107063,ドゥラメンテ,アドマイヤムーン
2022102504,モズアスコット,スペシャルウィーク
2022101129,サンダースノー,ディープインパクト
2022104731,モーリス,ディープインパクト
2022103265,ロードカナロア,ディープインパクト
2022100869,アドマイヤマーズ,ネオユニヴァース
2022102604,ゴールドシップ,バゴ
2022100655,スワーヴリチャード,Frankel
2022101449,ルーラーシップ,ディープインパクト
2022103881,エピファネイア,キングカメハメハ
2022104970,サートゥルナーリア,Custom for Carlos
2022102293,ミッキーアイル,シンボリクリスエス
2022101202,アメリカンペイトリオット,スペシャルウィーク
2022105724,ドレフォン,ロードカナロア
2022103880,ディスクリートキャット,エピファネイア
2020106394,ブラックタイド,スウェプトオーヴァーボード
2019104092,キズナ,キングカメハメハ
2019104126,ドゥラメンテ,Medicean
2022109110,エーシントップ,チチカステナンゴ
2020100912,キズナ,ノボジャック
2020105998,ドゥラメンテ,アドマイヤムーン
2019103908,シニスターミニスター,スペシャルウィーク
2020103308,リアルインパクト,Singspiel
2019104089,ディスクリートキャット,スペシャルウィーク
2019101860,アメリカンペイトリオット,コロナドズクエストCoronado'
2020102687,シニスターミニスター,ハービンジャー
2021102503,タリスマニック,ルーラーシップ
2018101592,エイシンヒカリ,ダンシングブレーヴ
2020103729,キンシャサノキセキ,ワークフォース
2022104314,カリフォルニアクローム,ハーツクライ
2022105630,ルヴァンスレーヴ,ナカヤマフェスタ
2022100288,ゴールドドリーム,Shamardal
2022104963,ルーラーシップ,ディープインパクト
2022102345,ミッキーアイル,エイシンフラッシュ
2022105788,マジェスティックウォリアー,シンボリクリスエス
2022104382,ワールドエース,Gone West
2022101546,エピファネイア,ジャングルポケット
2020100994,ホッコータルマエ,ファスリエフ
2021102369,レインボーライン,ゴールドアリュール
2020104825,ルーラーシップ,ゼンノロブロイ
2020101756,キタサンブラック,ダンスインザダーク
2019105473,ドレフォン,ディープインパクト
2019105262,クロフネ,ルーラーシップ
2022105098,キズナ,All American
2022102614,カレンブラックヒル,Pivotal
2021105630,リアルスティール,Sightseeing
2020110026,Practical Joke,Rahy
2020105650,バゴ,フジキセキ
2019105459,ロードカナロア,Dubawi
2021104131,キズナ,エンパイアメーカー
2022103680,ドレフォン,フレンチデピュティ
2022100321,コパノリッキー,リアルインパクト
2022105632,ナダル,ステイゴールド
2022101065,グァンチャーレ,Swiss Spirit
2022106651,ブリックスアンドモルタル,タートルボウル
2022104585,モーリス,ネオユニヴァース
2022104279,ルヴァンスレーヴ,キングズベストKing'
2022101120,デクラレーションオブウォー,メイショウサムソン
2022109054,ファインニードル,スタチューオブリバティ
2022104916,ミッキーアイル,Zoffany
2022102665,モズアスコット,アルデバラン
2022106868,ゴールドシップ,ヨハネスブルグ
2022103290,ナダル,クロフネ
2021105529,オルフェーヴル,ハービンジャー
2020106798,ドゥラメンテ,Thousand Words
2020103509,エピファネイア,ディープインパクト
2021102787,シルバーステート,Orpen
2021103154,シニスターミニスター,アグネスタキオン
2021110097,Arrogate,Jump Start
2021100376,ゴールデンバローズ,ヴァーミリアン
2021103064,ロジャーバローズ,Posse
2021101621,ロードカナロア,タニノギムレット
2021105433,エピファネイア,ディープインパクト
2020105089,エピファネイア,クロフネ
2017106125,エピファネイア,マイネルラヴ
2020104304,シニスターミニスター,キングカメハメハ
2020110031,Gun Runner,Dixieland Band
2020103779,ドレフォン,シンボリクリスエス
2020105156,ヘニーヒューズ,アルカセット
2022104861,ロードカナロア,スペシャルウィーク
2022101357,バゴ,ステイゴールド
2022100139,リオンディーズ,ファスリエフ
2022105236,サートゥルナーリア,エンパイアメーカー
2022106728,Nyquist,Get Stormy
2022110013,Earthlight,Manduro
2022105309,ミッキーアイル,ロードカナロア
2022100175,アドマイヤマーズ,Colonel John
2022104934,ドゥラメンテ,Bertolini
2022100092,エピファネイア,Sea The StarsSea the Stars
2022106374,ノーブルミッション,ハービンジャー
2022102372,サートゥルナーリア,ディープインパクト
2022103487,エピファネイア,ディープインパクト
2022105808,ナダル,シンボリクリスエス
2022101583,フォーウィールドライブ,スペシャルウィーク
2021104976,ハーツクライ,To Honor and Serve
2021100604,トビーズコーナーToby',キングヘイロー
2020102750,キズナ,シンボリクリスエス
2020100930,シニスターミニスター,ハーツクライ
2022101291,アドマイヤマーズ,Pivotal
2022105498,トーセンラー,Orb
2022104014,ルヴァンスレーヴ,ダイワメジャー
2022100237,モズアスコット,スペシャルウィーク
2022103869,ディスクリートキャット,コマンズ
2022102949,ブリックスアンドモルタル,キングカメハメハ
2022104889,キタサンブラック,Dansili
2022102939,リアルスティール,ヨハネスブルグ
2022104597,ドレフォン,Malibu Moon
2022104903,ルヴァンスレーヴ,クロフネ
2022100044,デクラレーションオブウォー,スペシャルウィーク
2021100238,コパノリッキー,Hard Spun
2020101641,マインドユアビスケッツ,フジキセキ
2019106632,スズカコーズウェイ,ブライアンズタイムBrian'
2019100581,キズナ,Cryptoclearance
2022104143,マインドユアビスケッツ,エンパイアメーカー
2022105129,ドゥラメンテ,ディープブリランテ
2022105417,サトノクラウン,ローエングリン
2022100381,ロジャーバローズ,タートルボウル
2019106357,ディープインパクト,Unbridled's Song
2021110116,Siyouni,Galileo
2021104669,キズナ,キングカメハメハ
2020101861,カレンブラックヒル,ハーツクライ
2022101623,ファインニードル,ハーツクライ
2022103304,ロードカナロア,Into Mischief
2021110119,Capitalist,Foxwedge
2022101567,ロジャーバローズ,キングカメハメハ
2022103948,カリフォルニアクローム,エピファネイア
2022101597,サトノアラジン,サマーバード
2022102815,リアルスティール,ダイワメジャー
2022103300,デクラレーションオブウォー,スズカフェニックス
2022107248,シルバーステート,ファンタスティックライト
2022104417,ビーチパトロール,ダンカーク
2018104865,ダイワメジャー,More Than Ready
2020104089,ドレフォン,ディープインパクト
2022105302,ロードカナロア,ネオユニヴァース
2021105570,エピファネイア,クロフネ
2021103426,シルバーステート,ルーラーシップ
2021105465,ルーラーシップ,アドマイヤベガ
2019103556,ヘニーヒューズ,ファンタスティックライト
2020106393,デクラレーションオブウォー,クロフネ
2019103983,ストロングリターン,ダイワメジャー
2022109145,アレスバローズ,タートルボウル
2019102106,コパノリッキー,Sinndar
2018103406,トーホウジャッカル,サクラバクシンオー
2023102981,リアルスティール,Galileo
2023105052,ドレフォン,シニスターミニスター
2023107465,ノーブルミッション,ストーミングホーム
2023105835,ダノンプレミアム,ロードカナロア
2023101694,タリスマニック,キングヘイロー
2023103502,クリソベリル,スウェプトオーヴァーボード
2023106874,スワーヴリチャード,Frankel
2023104662,ファインニードル,ヴィクトワールピサ
2023106242,ダノンスマッシュ,トーセンホマレボシ
2023102078,バゴ,エピファネイア
2023106284,キズナ,キングカメハメハ
2023107075,ニューイヤーズデイ,ディープインパクト
2023101721,ホッコータルマエ,ストロングリターン
2023110029,Maclean's Music,Afleet Alex
2023104172,ミスチヴィアスアレックス,ディープインパクト
2023102491,シャンハイボビー,ストーミングホーム
2023105890,フォーウィールドライブ,オルフェーヴル
2021103682,マジェスティックウォリアー,エンパイアメーカー
2022105708,エピファネイア,First Samurai
2021100193,マインドユアビスケッツ,Giant's Causeway
2023100933,エピファネイア,Storm Cat
2023103720,キタサンブラック,Malibu Moon
2023100288,キタサンブラック,コマンズ
2023106440,ゴールドシップ,Medicean
2023103986,シスキン,シンボリクリスエス
2023102452,キタサンブラック,English Channel
2023105124,リオンディーズ,キングズベストKing'
2023106910,コントレイル,ハービンジャー
2023100238,リオンリオン,ダンスインザダーク
2023105461,シャンハイボビー,Smart Strike
2023110060,Dawn Approach,Rio de La Plata
2022106585,ディスクリートキャット,サムライハート
2022102500,サートゥルナーリア,ジャングルポケット
2023103798,キタサンブラック,ワークフォース
2021102718,リアルスティール,クロフネ
2019101055,エスポワールシチー,フォーティナイナー
2022103746,ヘニーヒューズ,スズカマンボ
2023106856,リオンディーズ,サクラバクシンオー
2023104339,ヘニーヒューズ,ゼンノロブロイ
2023100541,リアルスティール,タニノギムレット
2023100452,エスポワールシチー,El Corredor
2023109111,スクワートルスクワート,トゥザグローリー
2023107156,ロードカナロア,ゼンノロブロイ
2023101973,シスキン,ダンスインザダーク
2023104979,シャンハイボビー,オレハマッテルゼ
2023101134,パイロ,Hard Spun
2023102230,Gun Runner,Tapit
2023103292,ルヴァンスレーヴ,キングカメハメハ
2023103441,モーリス,Tapit
2023104323,サトノアラジン,ワイルドラッシュ
2023103682,クリソベリル,マジェスティックウォリアー
2023106546,シニスターミニスター,アフリート
2023100601,ロジャーバローズ,ブライアンズタイムBrian'
2023106647,サトノアラジン,オルフェーヴル
2023106139,キセキ,アジアエクスプレス
2023105194,インディチャンプ,ヴィクトワールピサ
2023105050,デクラレーションオブウォー,ケイムホーム
2023104476,トランセンド,Pioneerof the Nile
2023103763,トーセンラー,ローエングリン
2023105989,タワーオブロンドン,ゼンノロブロイ
2023103334,マインドユアビスケッツ,シンボリクリスエス
2023102105,アメリカンペイトリオット,キンシャサノキセキ
2023106092,イスラボニータ,ロードカナロア
2023105353,ナダル,Invincible Spirit
2023109105,アレスバローズ,サンデーサイレンス
2023104678,シルバーステート,Harlan's Holiday
2023107157,アルアイン,ルーラーシップ
2023107366,レイデオロ,エンパイアメーカー
2023102224,タリスマニック,ダノンシャンティ
2023102584,キズナ,Distorted Humor
2023105648,キズナ,ヴァーミリアン
2023102124,ドレフォン,モンテロッソ
2023105236,キズナ,Sageburg
2023106068,コントレイル,キングカメハメハ
2020103433,ドゥラメンテ,Equal Stripes
2022104398,デクラレーションオブウォー,フジキセキ
2022100204,ジャスタウェイ,エンパイアメーカー
2022104120,デクラレーションオブウォー,キングカメハメハ
2021106757,モーニン,サンデーサイレンス
2020102993,エピファネイア,Kingmambo
2021102728,サトノダイヤモンド,スピニングワールド
2022110105,Into Mischief,Warrior's Reward
2018104534,ロードカナロア,アグネスタキオン
2023103218,モズアスコット,ゼンノロブロイ
2023100841,フォーウィールドライブ,シニスターミニスター
2023102859,ヴァンセンヌ,サクラプレジデント
2023104539,クリソベリル,ヨハネスブルグ
2023106572,キセキ,メイショウボーラー
2023103685,サトノアラジン,Acclamation
2023106234,インディチャンプ,キンシャサノキセキ
2023106320,ビッグアーサー,ハービンジャー
2023109125,テーオーヘリオス,ダンスインザダーク
2023106872,シュヴァルグラン,ロードカナロア
2023100217,モーリス,マンハッタンカフェ
2018103005,マジェスティックウォリアー,スペシャルウィーク
2023103889,リアルスティール,War Front
2023107052,シルバーステート,Eltish
2023103892,St Mark's Basilica,Invincible Spirit
2023103354,サトノクラウン,ノヴェリスト
2023104867,ビッグアーサー,ステイゴールド
2023107337,ミスターメロディ,アグネスタキオン
2023100695,マテラスカイ,ハーツクライ
2023102795,ハービンジャー,ディープインパクト
2023101254,バゴ,ルーラーシップ
2023103448,ウインブライト,キャプテントゥーレ
2023107190,ドレフォン,スペシャルウィーク
2023106975,インディチャンプ,ハービンジャー
2023105591,フィレンツェファイア,フレンチデピュティ
2023105027,ドレフォン,ディープインパクト
2023102241,ミスターメロディ,メイショウサムソン
2023103406,クリソベリル,エンパイアメーカー
2023101236,イスラボニータ,ロードカナロア
2023101500,ジャスタウェイ,エスポワールシチー
2023103189,フィレンツェファイア,フジキセキ
2023105463,マテラスカイ,ノヴェリスト
2023107438,クリソベリル,Invincible Spirit
2023102154,トーセンラー,ワイルドラッシュ
2022105190,サートゥルナーリア,クロフネ
2023105796,エピファネイア,ディープインパクト
2023106921,ハービンジャー,ハーツクライ
2021106368,パレスマリス,Street Cry
2021105540,ロードカナロア,ディープインパクト
2019102983,ホッコータルマエ,ウォーエンブレム
2022110129,Tapit,Medaglia d'Oro
2022102716,ノヴェリスト,ゴールドアリュール
2022105848,ナダル,ゴールドアリュール
2023103674,ナダル,ディープインパクト
2023105899,パイロ,Invincible Spirit
2023104343,ヘニーヒューズ,ゼンノロブロイ
2023106222,ミスチヴィアスアレックス,ディープインパクト
2023104750,シニスターミニスター,クロフネ
2023103042,サトノダイヤモンド,クロフネ
2023104158,シニスターミニスター,アルデバラン
2023107300,ルーラーシップ,キンシャサノキセキ
2023103817,インディチャンプ,Sky Mesa
2023106403,ドレフォン,キングカメハメハ
2023100427,シルバーステート,ゴールドヘイロー
2023104056,コントレイル,Van Nistelrooy
2023104905,ダノンプレミアム,サブミーカー
2020104745,シルバーステート,キングカメハメハ
2023105334,エピファネイア,キングカメハメハ
2023106949,サトノダイヤモンド,Singspiel
2023107036,オルフェーヴル,Candy Ride
2023103737,キズナ,Champs Elysees
2023103488,エピファネイア,Dubawi
2023105371,コントレイル,Galileo
2023105865,ルーラーシップ,ダノンシャンティ
2023101036,リオンディーズ,ハービンジャー
2023100716,ルーラーシップ,エイシンフラッシュ
2023103767,トーセンラー,Kitten's Joy
2023102467,ルヴァンスレーヴ,ゴールドアリュール
2023105249,ナダル,Orb
2023101111,ディスクリートキャット,パイロ
2023101704,ヴァンゴッホ,Bellamy Road
2023110028,Good Magic,Anabaa
2023101610,アジアエクスプレス,ゴールドヘイロー
2023104247,サンダースノー,トゥザワールド
2023100378,ベンバトル,Danehill Dancer
2023106815,インディチャンプ,More Than Ready
2023105367,レイデオロ,Medaglia d'Oro
2021102380,ドレフォン,フジキセキ
2020104287,マクフィ,スペシャルウィーク
2020102688,ドゥラメンテ,Street Cry
2021100294,キズナ,アフリート
2022104985,ミッキーアイル,Monsun
2022105194,キズナ,ウォーエンブレム
2022107012,レイデオロ,ディープインパクト
2022104715,モーリス,ディープインパクト
2023103087,City of Light,War Front
2023107534,Speightstown,Gun Runner
2023110095,Cairo Prince,Girolamo
2023104692,ゴールドドリーム,ストーミングホーム
2023103163,イスラボニータ,ブライアンズタイムBrian'
2023106375,サトノクラウン,スクリーンヒーロー
2023104477,イスラボニータ,エンパイアメーカー
2023106236,アルアイン,ヨハネスブルグ
2023103353,ダノンキングリー,Unbridled's Song
2023106931,フィエールマン,キングカメハメハ
2023103643,タワーオブロンドン,サンデーサイレンス
2023103861,イスラボニータ,ソングオブウインド
2023110027,Frankel,Observatory
2023102290,アルアイン,タイキシャトル
2023101716,ドリームバレンチノ,ダイワメジャー
2023104011,シルバーステート,シンボリクリスエス
2023103357,シャンハイボビー,ディープインパクト
2023107449,タワーオブロンドン,ダイワメジャー
2022102138,ナダル,ディープインパクト
2023103795,ポエティックフレア,ブライアンズタイムBrian'
2023103743,ミッキーロケット,ディープブリランテ
2023103166,インディチャンプ,ローエングリン
2023102245,フィエールマン,ケイムホーム
2023102407,ストロングリターン,スペシャルウィーク
2023105869,キタサンブラック,ステイゴールド
2023104391,ロードカナロア,ジャングルポケット
2023103268,ダノンプレミアム,ジャングルポケット
2023107241,キズナ,Lizard Island
2023106115,エピファネイア,ディープインパクト
2023110016,Sioux Nation,Beat Hollow
2023110043,Nyquist,Bernardini
2023103180,ブリックスアンドモルタル,マンハッタンカフェ
2023107047,キズナ,Laoban
2023106563,リオンディーズ,フレンチデピュティ
2023104925,デクラレーションオブウォー,ジャスタウェイ
2023102131,ミッキーアイル,ジャイアントレッカー
2023105026,マテラスカイ,ドゥラメンテ
2023106559,ドレフォン,ディープブリランテ
2023104460,ダノンキングリー,Johan Cruyff
2023100342,ディスクリートキャット,マンハッタンカフェ
2023100016,サートゥルナーリア,ヴィクトワールピサ
2021102894,マクフィ,Medaglia d'Oro
2022106189,モズアスコット,キングヘイロー
2020110065,American Pharoah,Cuvee
2022101827,ヘンリーバローズ,シンボリクリスエス
2022100080,グレーターロンドン,クロフネ
2022105077,キンシャサノキセキ,Tapizar
2021103550,ブリックスアンドモルタル,ブラックタイド
2020107214,ヘニーヒューズ,サウスヴィグラス
2023104319,アニマルキングダム,キングズベストKing'
2023107298,リオンディーズ,ヴァーミリアン
2023100814,モーリス,Unbridled's Song
2023103606,エピファネイア,キングカメハメハ
2023103176,ミスターメロディ,ダンスインザダーク
2023103401,サートゥルナーリア,ディープインパクト
2023104475,リアルインパクト,ワークフォース
2023103766,ポエティックフレア,ルーラーシップ
2023107264,マテラスカイ,ミッキーアイル
2023101318,リオンディーズ,ヴィクトワールピサ
2023101145,ジャスタウェイ,ノヴェリスト
2023100605,ドレフォン,アグネスタキオン
2023105080,ブリックスアンドモルタル,スペシャルウィーク
2023103918,インディチャンプ,ディープブリランテ
2023105666,ミッキーアイル,More Than Ready
2023105635,ニューイヤーズデイ,ヴィクトワールピサ
2023104734,ストロングリターン,ゴールドアリュール
2023105127,クリソベリル,ドリームジャーニー
2023104549,コパノリッキー,クロフネ
2023101336,リアルインパクト,フォーティナイナー
2023105611,アメリカンペイトリオット,オレハマッテルゼ
2023100567,バンドワゴン,ネオユニヴァース
2023102327,マジェスティックウォリアー,エンパイアメーカー
2023100619,オルフェーヴル,スウェプトオーヴァーボード
2023106514,フォーウィールドライブ,ドゥラメンテ
2021102919,リアルスティール,ノヴェリスト
2023102991,カリフォルニアクローム,ヘニーヒューズ
2023104752,ミスチヴィアスアレックス,ストラヴィンスキー
2023109117,ネロ,メイショウボーラー
2021105958,ニューイヤーズデイ,サンデーサイレンス
2020106816,デクラレーションオブウォー,フサイチコンコルド
2018100961,キズナ,アフリート
2020109096,ダノンバラード,エンパイアメーカー
2020103553,ハーツクライ,Unbridled's Song
2021106237,サンダースノー,サクラバクシンオー
2023106228,ジョーカプチーノ,トゥザグローリー
2023101013,カレンブラックヒル,アドマイヤムーン
2023102901,リアルスティール,Liam's Map
2023106904,ドレフォン,ダイワメジャー
2022101539,シニスターミニスター,ワイルドラッシュ
2023102443,キタサンブラック,アドマイヤムーン
2023106569,アメリカンペイトリオット,ハービンジャー
2023105836,ダノンスマッシュ,ディープインパクト
2023106223,ミッキーアイル,Storm Cat
2023101056,モーリス,Multiplex
2023107042,ミッキーアイル,Vindication
2023105657,タリスマニック,タニノギムレット
2023103319,ブリックスアンドモルタル,ハービンジャー
2023105801,コントレイル,City Zip
2023106943,シルバーステート,キンシャサノキセキ
2023105737,モズアスコット,ロードカナロア
2023102684,ミッキーアイル,カジノドライヴ
2023103056,ミスチヴィアスアレックス,ゼンノロブロイ
2023100771,キセキ,マンハッタンカフェ
2023102923,サートゥルナーリア,エンパイアメーカー
2023106716,コントレイル,Invincible Spirit
2023103531,コントレイル,シンボリクリスエス
2023104315,シルバーステート,クロフネ
2023101576,キタサンブラック,Acclamation
2023103412,ブリックスアンドモルタル,オルフェーヴル
2023104872,フィエールマン,タートルボウル
2023104337,サートゥルナーリア,シンボリクリスエス
2023105638,レイデオロ,Dansili
2021106682,キズナ,Indygo Shiner
2023105806,ダノンプレミアム,Tapit
2023104941,サンライズソア,マジェスティックウォリアー
2023104988,ニューイヤーズデイ,アイルハヴアナザーI'
2023103746,ミスターメロディ,コロナドズクエストCoronado'
2023106227,ダノンプレミアム,ジョーカプチーノ
2023105720,イスラボニータ,エンパイアメーカー
2023103101,ヘンリーバローズ,チチカステナンゴ
2023102996,リオンディーズ,ハーツクライ
2023104381,サートゥルナーリア,ディープインパクト
2023102487,タリスマニック,アグネスタキオン
2023105210,ミッキーアイル,Lope de Vega
2023105237,コントレイル,Kendargent
2023107350,ブリックスアンドモルタル,キングカメハメハ
2023103777,ミッキーアイル,ハービンジャー
2023101751,レイデオロ,スズカマンボ
2023106304,キタサンブラック,Awesome Again
2023103425,ルーラーシップ,ローエングリン
2023104304,ダノンスマッシュ,ディープインパクト
2023103876,ミスチヴィアスアレックス,Point Given
2023105616,テーオーヘリオス,カジノドライヴ
2023102036,タワーオブロンドン,パイロ
2023103852,アメリカンペイトリオット,ハービンジャー
2023102700,モズアスコット,ルーラーシップ
2023100014,レッドファルクス,Storm Cat
2023103612,ニューイヤーズデイ,ロードカナロア
2023100676,ヘニーヒューズ,ディープブリランテ
2023102176,フィレンツェファイア,アドマイヤムーン
2023103436,ナダル,デュランダル
2023103762,マインドユアビスケッツ,ジャスタウェイ
2023104010,ヘニーヒューズ,キングカメハメハ
2023104818,ミスチヴィアスアレックス,エスケンデレヤ
2021105489,ドレフォン,ダイワメジャー
2023105291,クリソベリル,Uncle Mo
2023103329,パイロ,Wilburn
2023105339,リオンディーズ,ファルブラヴ
2023110015,Dark Angel,Shamardal
2023105103,リオンディーズ,アグネスタキオン
2023103916,ビーチパトロール,アドマイヤジャパン
2023110038,Maxfield,Tapit
2023103596,フィレンツェファイア,ディープインパクト
2023101756,ホッコータルマエ,ヴィクトワールピサ
2023102092,ヴァンゴッホ,Zensational
2023103590,リーチザクラウン,ルーラーシップ
2023101579,ホッコータルマエ,ヘニーヒューズ
2023106555,ダノンレジェンド,エンパイアメーカー
2023101861,ルヴァンスレーヴ,スペシャルウィーク
2023105122,デクラレーションオブウォー,シンボリクリスエス
2023101586,リオンディーズ,War Front
2023100404,タイセイレジェンド,ステイゴールド
2023106750,キセキ,Camelot
2023103703,リアルスティール,ロードカナロア
2023106903,レイデオロ,エンパイアメーカー
2023100456,ワンダーアキュート,ストラヴィンスキー
2023101200,モーリス,ディスクリートキャット
2023106855,モーリス,ドゥラメンテ
2023100938,コントレイル,Star Dabbler
2023106636,シルバーステート,Smart Strike
2023105370,コントレイル,Quality Road
2023102343,カリフォルニアクローム,ディープインパクト
2023100141,キタサンブラック,キングカメハメハ
2022100018,サートゥルナーリア,Charm Spirit
2023104996,Study of Man,Scat Daddy
2023100521,ディーマジェスティ,キングカメハメハ
2021103987,リアルスティール,フォーティナイナーズサン
2021103287,シルバーステート,フレンチデピュティ
2021100639,ドレフォン,ダイワメジャー
2023102720,リアルスティール,アドマイヤムーン
2023103423,キタサンブラック,ヴィクトワールピサ
2023107016,キズナ,Lomitas
2023104370,サートゥルナーリア,Ghostzapper
2023105897,レイデオロ,ハービンジャー
2023102337,ルーラーシップ,ハーツクライ
2023100992,ロジャーバローズ,ワークフォース
2023104289,ファインニードル,ハーツクライ
2023106720,モーリス,Dark Angel
2023101529,ルーラーシップ,ディープインパクト
2023102576,ルヴァンスレーヴ,ルーラーシップ
2023100969,デクラレーションオブウォー,ワイルドラッシュ
2023104384,シニスターミニスター,Distorted Humor
2023105058,ルヴァンスレーヴ,ハーツクライ
2023100063,シニスターミニスター,ジャングルポケット
2023107314,ナダル,ディープインパクト
2023104930,スズカコーズウェイ,サンデーサイレンス
2023105722,ハービンジャー,ダイワメジャー
2023103660,ナダル,ステイゴールド
2023102106,ヴァンゴッホ,ダイワメジャー
2023104537,ミスターメロディ,Curlin
2022104276,マクフィ,マンハッタンカフェ
2020100681,ハーツクライ,サクラバクシンオー
2022105073,キタサンブラック,ジェネラス
2021105430,リアルインパクト,フレンチデピュティ
2018103828,ニホンピロアワーズ,オペラハウス
2023105668,フィレンツェファイア,キンシャサノキセキ
2023109164,ニューイヤーズデイ,Bated Breath
2023102239,ナダル,ルーラーシップ
2023102173,エスポワールシチー,クロフネ
2023100375,マインドユアビスケッツ,ハービンジャー
2023106637,ダノンレジェンド,コロナドズクエストCoronado'
2023103442,ナダル,ステイゴールド
2023105467,サンダースノー,Invincible Spirit
2023103829,オルフェーヴル,エイシンフラッシュ
2023101854,ビッグアーサー,フレンチデピュティ
2023107418,タリスマニック,アグネスデジタル
2023101988,ホッコータルマエ,ヴリル
2023101685,マインドユアビスケッツ,スマートファルコン
2023101893,スワーヴリチャード,オルフェーヴル
2023102672,ダノンスマッシュ,フレンチデピュティ
2023106837,ドレフォン,キングカメハメハ
2023104358,フィエールマン,フレンチデピュティ
2023104027,リアルスティール,ノヴェリスト
2023101207,リオンディーズ,スクリーンヒーロー
2023102951,ドレフォン,ディープインパクト
2023100823,スワーヴリチャード,タートルボウル
2023103723,ロードカナロア,Starspangledbanner
2023104324,モズアスコット,フレンチデピュティ
2023100912,エピファネイア,Curlin
2023104378,コントレイル,ウォーエンブレム
2023101303,ジャスタウェイ,チチカステナンゴ
2023101821,サトノクラウン,アドマイヤボス
2023102553,クリソベリル,エンパイアメーカー
2023107295,ポエティックフレア,アグネスタキオン
2023101139,キズナ,Dubawi
2023104388,モズアスコット,クロフネ
2023107092,エピファネイア,Tiznow
2023102708,ダイワメジャー,キングカメハメハ
2023106840,エピファネイア,ハーツクライ
2023105281,サートゥルナーリア,ハービンジャー
2023103394,イスラボニータ,Yesbyjimminy
2023101449,リアルスティール,スクリーンヒーロー
2023101744,Tom's d'Etat,Scat Daddy
2023105418,シルバーステート,Marju
2023110001,St Mark's Basilica,Monsun
2023103556,ルーラーシップ,ディープインパクト
2023102217,キタサンブラック,St. Petersburg
2023102475,カリフォルニアクローム,ドゥラメンテ
2023106084,コントレイル,ダイワメジャー
2023100910,ダノンスマッシュ,タニノギムレット
2023100457,ノーブルミッション,ケイムホーム
2023107140,ロードカナロア,Siyouni
2023104669,ミスターメロディ,ダイワメジャー
2023106536,ディスクリートキャット,タニノギムレット
2023105480,レッドファルクス,チチカステナンゴ
2023101709,ミッキーアイル,キングカメハメハ
2023105168,サートゥルナーリア,シンボリクリスエス
2023102061,ヴァンゴッホ,ヘニーヒューズ
2020106836,ハービンジャー,サンデーサイレンス
2022105963,ナダル,ディープインパクト
2019106368,キンシャサノキセキ,ブライアンズタイムBrian'
2019103679,トゥザグローリー,サクラバクシンオー
2021103116,ファインニードル,グラスワンダー
2022105150,キタサンブラック,Fastnet Rock
2023105256,アドマイヤマーズ,Union Rags
2023110063,Practical Joke,Scat Daddy
2023101918,タワーオブロンドン,ディープインパクト
2023101161,ディスクリートキャット,パイロ
2023107211,アルバート,フジキセキ
2023101047,カフジテイク,ハービンジャー
2023106289,サンダースノー,ノヴェリスト
2023103240,マジェスティックウォリアー,スウェプトオーヴァーボード
2023103511,イスラボニータ,ティンバーカントリー
2023106571,エスポワールシチー,アイルハヴアナザーI'
2023101607,ホッコータルマエ,アドマイヤムーン
2023101097,リアルスティール,リオンディーズ
2023100945,フォーウィールドライブ,ダイワメジャー
2023101082,シャンハイボビー,ステイゴールド
2023104084,トゥザワールド,フジキセキ
2023106112,キズナ,クロフネ
2023101079,タリスマニック,フレンチデピュティ
2023100530,アジアエクスプレス,ディープインパクト
2023106817,オルフェーヴル,スニッツェル
2023104506,ゴールドアクター,キングヘイロー
2023105534,スクリーンヒーロー,キングカメハメハ
2023102765,サトノダイヤモンド,ドリームジャーニー
2023103775,ハービンジャー,ダイワメジャー
2023103393,アルアイン,ステイゴールド
2022105180,キズナ,キングカメハメハ
2022104982,キズナ,City Zip
2020109094,ダイワメジャー,Hard Spun
2020102745,マインドユアビスケッツ,ネオユニヴァース
2018102348,モーリス,アドマイヤムーン
2017104685,キングカメハメハ,ロックオブジブラルタル
2023102806,キズナ,Footstepsinthesand
2023107197,アドマイヤマーズ,ルーラーシップ
2023101666,ゴールドアクター,ハーツクライ
2023105336,モーリス,アグネスデジタル
2023105085,マインドユアビスケッツ,チチカステナンゴ
2023106894,リアルスティール,ハービンジャー
2023102939,サトノアラジン,ドゥラメンテ
2023100580,クリソベリル,スパイキュール
2023105290,サトノダイヤモンド,ロックオブジブラルタル
2023105199,アドマイヤマーズ,フレンチデピュティ
2023100112,ダノンレジェンド,キングカメハメハ
2023100144,キタサンブラック,キングカメハメハ
2023102073,オルフェーヴル,キングカメハメハ
2023105775,ミッキーアイル,バトルプラン
2023103605,ロードカナロア,ステイゴールド
2023103457,コントレイル,Mr Speaker
2023103611,サートゥルナーリア,ディープインパクト
2023105519,エイシンフラッシュ,エイシンサンディ
2023105623,スワーヴリチャード,エンパイアメーカー
2023102634,モーリス,ローエングリン
2023102460,クリソベリル,フレンチデピュティ
2023103625,Speightstown,J Be K
2023105640,カリフォルニアクローム,ヨハネスブルグ
2023101406,ホークビル,フレンチデピュティ
2023104226,エスポワールシチー,グラスワンダー
2023101061,カレンブラックヒル,トーセンホマレボシ
2023100785,ミッキーアイル,フジキセキ
2023107147,ヘニーヒューズ,トーセンホマレボシ
2023107521,Practical Joke,Strong Mandate
2023106089,リアルスティール,エンパイアメーカー
2023104446,ルヴァンスレーヴ,Street Cry
2023103210,パイロ,スマートファルコン
2021101434,ブリックスアンドモルタル,ディープインパクト
2022106883,レインボーライン,メイショウサムソン
2023103474,モズアスコット,ディープインパクト
2023110055,Kingman,Medaglia d'Oro
2022105558,イスラボニータ,Smart Strike
2023101086,モーリス,ディープインパクト
2023107113,モーリス,ディープインパクト
2023107064,オルフェーヴル,Candy Ride
2023107193,ドレフォン,ダイワメジャー
2023100635,リオンディーズ,エイシンフラッシュ
2023105303,ルヴァンスレーヴ,ゴールドヘイロー
2023110073,Gun Runner,Harlan's Holiday
2023102215,ナダル,Scat Daddy
2023102380,ゴールドドリーム,メイショウサムソン
2023107099,ダノンキングリー,キングカメハメハ
2023107544,Frosted,Pioneerof the Nile
2023100989,ベンバトル,ハーツクライ
2023107533,Silver State,Awesome Again
2023100947,キセキ,マンハッタンカフェ
2023107059,キタサンブラック,ゼンノロブロイ
2023105316,サトノダイヤモンド,Canford Cliffs
2023100069,コントレイル,シンボリクリスエス
2023103382,キズナ,Pure Prize
2023100596,サートゥルナーリア,ダイワメジャー
2019102585,アジアエクスプレス,ディープスカイ
2019110127,Dark Angel,Perfect Soul
2022106395,ナダル,Smoke Glacken
2023102828,ダノンプレミアム,シンボリクリスエス
2023109140,ネロ,キンシャサノキセキ
2023106838,キタサンブラック,クロフネ
2023102589,オルフェーヴル,クロフネ
2023103470,ダノンスマッシュ,ディープインパクト
2023104528,サトノダイヤモンド,ロードカナロア
2023104093,ロゴタイプ,トビーズコーナーToby'
2023103849,ノーブルミッション,ゴールドアリュール
2023105587,アメリカンペイトリオット,シンボリクリスエス
2023103480,イスラボニータ,スクリーンヒーロー
2023101077,ミッキーアイル,ゴールドアリュール
2023105350,サートゥルナーリア,Flat Out
2023103232,モズアスコット,マンハッタンカフェ
2023107038,サートゥルナーリア,ディープインパクト
2023103431,Zarak,Siyouni
2023103159,ベンバトル,ディープインパクト
2023101603,アメリカンペイトリオット,ダイワメジャー
2023103368,キズナ,ローエングリン
2023101577,ドレフォン,ディープインパクト
2023106499,オルフェーヴル,シンボリクリスエス
2023101199,シャンハイボビー,ダンスインザダーク
2023102429,ウインブライト,サクラバクシンオー
2023105171,ダノンプレミアム,プリサイスエンド
2023101481,モズアスコット,アルカセット
2023102045,ヘンリーバローズ,バトルプラン
2023104876,ディープブリランテ,ヨハネスブルグ
2023102104,シュヴァルグラン,Carpe Diem
2023101201,ミスチヴィアスアレックス,スパイキュール
2023107531,Beau Liam,Malibu Moon
2023107357,ミッキーアイル,フレンチデピュティ
2023100666,パイロ,アドマイヤベガ
2023104362,ルヴァンスレーヴ,ディープインパクト
2023102252,マクフィ,ゴールドアリュール
2023101143,サンダースノー,Mark of Esteem
2023101602,ベストウォーリア,サンライズペガサス
2023102009,ディープブリランテ,スパイキュール
2023103308,サトノダイヤモンド,Saint Liam
2020101575,ダイワメジャー,Sinndar
2021105702,エピファネイア,フジキセキ
2023109161,ネロ,アドマイヤムーン
2022104645,キタサンブラック,Include
2020105206,ゴールドシップ,ルールオブロー
2019100631,シニスターミニスター,マンハッタンカフェ
2021105112,ジャスタウェイ,Shackleford
2022104765,リアルスティール,Global Hunter
2023100715,ゴールドドリーム,スウェプトオーヴァーボード
2023103342,シスキン,ハービンジャー
2023106243,キセキ,トーセンホマレボシ
2023102948,キズナ,Distorted Humor
2023104322,モーニン,アイルハヴアナザーI'
2023103815,サトノダイヤモンド,Speightstown
2023106391,マジェスティックウォリアー,ハーツクライ
2023106848,クリソベリル,Exchange Rate
2023104328,アメリカンペイトリオット,キングカメハメハ
2023103907,サートゥルナーリア,シンボリクリスエス
2023105247,ロードカナロア,Lord of England
2023106990,エピファネイア,ディープインパクト
2023102494,デクラレーションオブウォー,ネオユニヴァース
2023103481,キタサンブラック,Ghostzapper
2023105857,ベンバトル,ダイワメジャー
2023104063,コントレイル,キングヘイロー
2023104703,モーリス,Royal Applause
2023109054,ウインバリアシオン,デビッドジュニア
2022105722,シニスターミニスター,キングカメハメハ
2022109119,アレスバローズ,ケイムホーム
2021110087,No Nay Never,Myboycharlie
2020190006,Massaat,Mark of Esteem
2023102144,アドマイヤマーズ,アドマイヤムーン
2023106614,モーリス,ディープインパクト
2023105021,ポエティックフレア,ブラックタイド
2023102221,ハービンジャー,ダイワメジャー
2023106868,Kingman,ディープインパクト
2023103498,イスラボニータ,アサクサキングス
2023104332,ヤマカツエース,ディープインパクト
2023107022,ポエティックフレア,フェノーメノ
2023102137,カレンブラックヒル,バトルプラン
2023100604,リアルスティール,キングカメハメハ
2023107135,モーリス,ルーラーシップ
2023107362,リアルスティール,クロフネ
2023102075,ナダル,エルコンドルパサー
2023103092,サートゥルナーリア,Arch
2023102580,シニスターミニスター,サウスヴィグラス
2023110068,Constitution,Ghostzapper
2023100652,シャンハイボビー,サクラバクシンオー
2023101781,サトノダイヤモンド,ホワイトマズル
2023104499,コパノリッキー,シニスターミニスター
2023110044,Uncle Mo,ヴィクトワールピサ
2023101838,シニスターミニスター,ゴールドアリュール
2023104732,アニマルキングダム,キングカメハメハ
2023104967,シニスターミニスター,カネヒキリ
2023106120,シルバーステート,Frankel
2021105422,ロードカナロア,ディープインパクト
2020100530,ミッキーアイル,サウスヴィグラス
2020103697,サトノアラジン,フレンチデピュティ
2023104389,コントレイル,Ghostzapper
2023109093,スクワートルスクワート,タイキシャトル
2023103549,サトノダイヤモンド,スウェプトオーヴァーボード
2023100956,フォーウィールドライブ,ディープインパクト
2023100997,ビッグアーサー,エイシンフラッシュ
2023107138,エピファネイア,ディープインパクト
2023102606,Kingman,War Front
2023102179,ダノンスマッシュ,フジキセキ
2023105113,リアルスティール,ヨハネスブルグ
2023102408,イスラボニータ,ジャングルポケット
2023107125,ブリックスアンドモルタル,フジキセキ
2023106877,リオンディーズ,ハーツクライ
2023106263,セイウンコウセイ,キンシャサノキセキ
2023104153,ミスターメロディ,ブラックタイド
2023100755,タリスマニック,キングカメハメハ
2017103868,ディープインパクト,ストラヴィンスキー
2023106392,レイデオロ,スペシャルウィーク
2023100371,ダノンプレミアム,ゼンノロブロイ
2023100603,コントレイル,フジキセキ
2023100395,ゴールドシップ,Platini
2023105065,ダノンキングリー,Medicean
2023106933,シルバーステート,High Chaparral
2023105054,サートゥルナーリア,ディープインパクト
2021107123,グァンチャーレ,ゴールドアリュール
2023102199,エポカドーロ,トゥザグローリー
2023100791,フィレンツェファイア,ダイワメジャー
2021104445,シニスターミニスター,フジキセキ
2022100140,ダノンレジェンド,キングカメハメハ
2021105387,ドレフォン,タートルボウル
2019110107,Frosted,Kitten's Joy
2022103649,ディスクリートキャット,Mineshaft
2022100458,スワーヴリチャード,ヘニーヒューズ
2022102594,ジョーカプチーノ,シニスターミニスター
2022103749,バゴ,ネオユニヴァース
2022102608,ナダル,ダンスインザダーク
2022103521,レッドファルクス,メイショウサムソン
2022110119,Accelerate,Majesticperfection
2022103187,バゴ,ケイムホーム
2022106227,ウインブライト,ブラックホーク
2022106715,キズナ,Teofilo
2022100991,アルアイン,キングカメハメハ
2022109082,アニマルキングダム,ステイゴールド
2022102986,バゴ,ディープインパクト
2020101594,リオンディーズ,アグネスタキオン
2021101577,シュヴァルグラン,シェルゲーム
2021103176,エピカリス,タイキシャトル
2020105976,ディープブリランテ,タヤスツヨシ
2021100569,デクラレーションオブウォー,マンハッタンカフェ
2020105881,カレンブラックヒル,Kitten's Joy
2021104235,コパノリッキー,サウスヴィグラス
2019100625,パイロ,ダンスインザダーク
2021101426,デクラレーションオブウォー,ディープインパクト
2020104240,ルーラーシップ,マンハッタンカフェ
2020104245,キズナ,キングカメハメハ
2022105310,Wootton Bassett,Green Tune
2018104797,ルーラーシップ,サンデーサイレンス
2017100084,キズナ,エンドスウィープ
2020105585,ルーラーシップ,ファスリエフ
2022106891,トランセンド,パイロ
2022105906,コパノリッキー,Candy Ride
2022100198,エピファネイア,サウスヴィグラス
2022103850,パイロ,シンボリクリスエス
2022106083,ミッキーアイル,タイキシャトル
2022101654,アメリカンペイトリオット,ストリートセンス
2022102889,アジアエクスプレス,ブライアンズタイムBrian'
2022100494,シルバーステート,Duke of Marmalade
2022103001,ブリックスアンドモルタル,ジャスタウェイ
2022105969,ハービンジャー,ジャングルポケット
2022106391,イスラボニータ,パラダイスクリーク
2022105142,エピファネイア,Style Vendome
2020105302,シルバーステート,アルデバラン
2021101742,ニューイヤーズデイ,ネオユニヴァース
2021103701,レインボーライン,エンパイアメーカー
2020106035,キタサンブラック,キングカメハメハ
2021102469,シュヴァルグラン,ダイタクリーヴァ
2018100170,アポロソニック,ゼンノロブロイ
2018106581,パイロ,ダイワメジャー
2021105886,サトノダイヤモンド,Tiz Wonderful
2021105567,ミッキーアイル,キングカメハメハ
2020103103,モーリス,ステイゴールド
2021107044,キタサンブラック,Kitten's Joy
2019100831,ハービンジャー,キングカメハメハ
2021105970,エピファネイア,ディープインパクト
2021106610,マジェスティックウォリアー,ゴールドアリュール
2019100011,エピファネイア,ネオユニヴァース
2020103183,リオンディーズ,Shackleford
2021102326,スズカコーズウェイ,ディープインパクト
2019106239,ザファクター,シーキングザダイヤ
2022100646,アドマイヤマーズ,ロードカナロア
2022100202,ウインブライト,エイシンフラッシュ
2022103368,シャンハイボビー,ゴールドアリュール
2022101979,シルバーステート,キングカメハメハ
2022106314,ホッコータルマエ,タイキシャトル
2022101125,ミスターメロディ,ダンスインザダーク
2022100137,ミッキーアイル,キングズベストKing'
2022103489,サトノアラジン,Stroll
2022103983,キンシャサノキセキ,ディープインパクト
2022104001,シュヴァルグラン,Holy Roman Emperor
2022110102,Siyouni,Galileo
2022100963,エピファネイア,ディープインパクト
2022106565,レーヴミストラル,ハーツクライ
2022105586,ハービンジャー,ディープインパクト
2021100303,ドゥラメンテ,ストラヴィンスキー
2021102904,ロードカナロア,ディープインパクト
2020103754,サトノクラウン,Point Given
2017103656,ロードカナロア,アグネスタキオン
2021105543,モーリス,ゼンノロブロイ
2020103027,ハービンジャー,クロフネ
2019105141,ルーラーシップ,Forest Camp
2019101907,ダイワメジャー,Seeking the Gold
2019103197,モンテロッソ,ブライアンズタイムBrian'
2022101686,アドマイヤムーン,Hard Spun
2022100404,サートゥルナーリア,マンハッタンカフェ
2022104956,ロードカナロア,シンボリクリスエス
2022106531,フィエールマン,ロードカナロア
2022102343,ダンカーク,オルフェーヴル
2022101824,ラブリーデイ,ステイゴールド
2022106606,サトノダイヤモンド,アグネスタキオン
2022103111,エスケンデレヤ,アイルハヴアナザーI'
2022101774,ディープブリランテ,フジキセキ
2022110070,Quality Road,Forestry
2022102297,マジェスティックウォリアー,オルフェーヴル
2022105352,サトノクラウン,ヴィクトワールピサ
2022109164,ケイムホーム,バブルガムフェロー
2022100007,サートゥルナーリア,ハーツクライ
2022104070,ミスターメロディ,ノヴェリスト
2022102382,リアルスティール,ワークフォース
2019103718,グランプリボス,クロフネ
2021106151,ワールドエース,Kingmambo
2019100604,ダイワメジャー,スウェプトオーヴァーボード
2019102041,モーリス,ダイワメジャー
2018100693,スクリーンヒーロー,コマンズ
2020105484,アメリカンペイトリオット,ルーラーシップ
2018102491,リアルインパクト,バゴ
2020103275,ドゥラメンテ,ハーツクライ
2020101879,ハービンジャー,アグネスタキオン
2019106671,マジェスティックウォリアー,ワイルドラッシュ
2022105716,ルヴァンスレーヴ,キングカメハメハ
2022101407,コパノリッキー,ロージズインメイ
2022104022,シニスターミニスター,ダイワメジャー
2022107294,カリフォルニアクローム,ウォーエンブレム
2022106478,ミスターメロディ,ディープインパクト
2022105882,アニマルキングダム,ステイゴールド
2022102686,サングレーザー,アドマイヤムーン
2022105211,エピファネイア,キングカメハメハ
2022105410,サトノクラウン,ストロングリターン
2022101263,フィエールマン,ヨハネスブルグ
2022101750,リオンディーズ,ネオユニヴァース
2022110032,Kingman,Shamardal
2022105965,Quality Road,Circular Quay
2022104998,ルヴァンスレーヴ,Mr. Greeley
2021103583,キタサンブラック,シニスターミニスター
2018105349,ロードカナロア,ハーツクライ
2018105071,モーリス,ディープインパクト
2018101739,ディープインパクト,Smarty Jones
2019105678,ダノンレジェンド,ゼンノロブロイ
2022101499,シニスターミニスター,ダイワメジャー
2022107003,シニスターミニスター,サクラバクシンオー
2022103231,サートゥルナーリア,ハーツクライ
2022104819,エピファネイア,キングカメハメハ
2022104708,マジェスティックウォリアー,リンカーン
2022103865,ダンカーク,カジノドライヴ
2022101424,ノーブルミッション,ゼンノロブロイ
2022105484,ロードカナロア,ディープインパクト
2022106755,モズアスコット,エンパイアメーカー
2020105049,ダノンレジェンド,ディープスカイ
2020101569,ルーラーシップ,Harlan's Holiday
2018104162,ジャングルポケット,マンハッタンカフェ
2019102553,ゴールドシップ,タニノギムレット
2021104554,ダノンバラード,オペラハウス
2020103299,ダイワメジャー,War Front
2021107047,キタサンブラック,マヤノトップガン
2020105074,パイロ,キャプテンスティーヴ
2019105126,カラヴァッジオ,War Front
2020110040,Havana Grey,Compton Place
2019105399,ロードカナロア,Singspiel
2021100493,デクラレーションオブウォー,ワイルドラッシュ
2022100534,サンダースノー,Kingmambo
2022100459,モズアスコット,ディープインパクト
2022103040,スワーヴリチャード,キンシャサノキセキ
2022101324,ポアゾンブラック,ゼンノロブロイ
2022102190,マジェスティックウォリアー,スペシャルウィーク
2022106157,ヘニーヒューズ,スマートファルコン
2022104461,パイロ,スマートファルコン
2022100064,ドレフォン,サクラバクシンオー
2022106100,ノーブルミッション,スズカマンボ
2022102848,ゴールドシップ,ゼンノロブロイ
2022103037,オルフェーヴル,ダンスインザダーク
2022104125,ドゥラメンテ,Tapit
2021104639,ワールドエース,ボストンハーバー
2018100410,ルーラーシップ,Sinndar
2020102890,キズナ,High Chaparral
2021100838,キズナ,Congrats
2018100420,ディープインパクト,Giant's Causeway
2017104106,キズナ,チーフベアハート
2022104167,ゴールドシップ,ヴィクトワールピサ
2022103064,デクラレーションオブウォー,アグネスタキオン
2022101712,アメリカンペイトリオット,アドマイヤムーン
2022101395,フォーウィールドライブ,ディープインパクト
2022110049,Tapit,Scat Daddy
2022107346,ダイシンサンダー,トーセンホマレボシ
2021100525,キズナ,ネオユニヴァース
2020104559,コパノリッキー,ジャングルポケット
2020106386,リアルスティール,クロフネ
2019101964,ゼンノロブロイ,アルデバラン
2018106560,Distorted Humor,Corinthian
2020102344,イスラボニータ,ハービンジャー
2021103224,ジャスタウェイ,Speightstown
2020101805,スクリーンヒーロー,Hard Spun
2022101707,サンダースノー,ディープスカイ
2022102863,タワーオブロンドン,シンボリクリスエス
2022105739,キズナ,Galileo
2022105104,リオンディーズ,ゼンノロブロイ
2022101668,ハービンジャー,ディープインパクト
2021105916,イスラボニータ,The Leopard
2020106722,デクラレーションオブウォー,ディープインパクト
2022106996,ゴールドシップ,Wilburn
2021104992,オルフェーヴル,Flower Alley
2022107004,サトノダイヤモンド,Gio Ponti
2022110136,Vino Rosso,Uncle Mo
2022105692,リアルスティール,Acclamation
2022107121,ヘニーヒューズ,ベーカバド
2022105888,サトノアラジン,ケイムホーム
2022106692,スワーヴリチャード,Kodiac
2022105850,スワーヴリチャード,オルフェーヴル
2022100696,ドレフォン,ゼンノロブロイ
2019105533,ハーツクライ,サクラバクシンオー
2020104764,サトノアラジン,Medaglia d'Oro
2021103080,ヘニーヒューズ,キングカメハメハ
2020103419,リアルスティール,Eltish
2022102925,シルポート,ジャングルポケット
2022100171,シャンハイボビー,タイキシャトル
2022101658,タワーオブロンドン,ステイゴールド
2022103122,ディスクリートキャット,サンライズペガサス
2022106035,ベルシャザール,サウスヴィグラス
2022106558,フォーウィールドライブ,アグネスタキオン
2022107081,ミスターメロディ,ディープインパクト
2022103628,マクフィ,Scat Daddy
2022100544,モーリス,フジキセキ
2022101502,ミッキーアイル,ロードカナロア
2022106554,ルーラーシップ,ネオユニヴァース
2022103782,ドレフォン,ゴールドアリュール
2022105351,マクフィ,ヴィクトワールピサ
2022100228,アドミラブル,クロフネ
2022102128,シルバーステート,Indian Charlie
2022102553,シルバーステート,アドマイヤムーン
2021104872,マインドユアビスケッツ,ゴールドアリュール
2021105390,リアルスティール,Zoffany
2019105972,ロードカナロア,スズカマンボ
2018100388,ハーツクライ,Street Cry
2020110007,Showcasing,Fast Company
2014102562,エンパイアメーカー,ダンシングブレーヴ
2017100728,キンシャサノキセキ,Kingmambo
2019102202,マジェスティックウォリアー,ヴァーミリアン
2022102881,サンダースノー,ヨハネスブルグ
2022103658,キタサンミカヅキ,スマートファルコン
2022104119,キズナ,エンパイアメーカー
2022110055,Mendelssohn,サンデーサイレンス
2022102600,マクフィ,シンボリクリスエス
2022102576,グレーターロンドン,サマーバード
2021104006,ビッグアーサー,シンボリクリスエス
2020102781,ロードカナロア,ハービンジャー
2020100157,ロードカナロア,ハーツクライ
2020104679,シャンハイボビー,アグネスタキオン
2022103257,ルヴァンスレーヴ,ディープインパクト
2022100701,American Pharoah,Into Mischief
2022102655,サンダースノー,ディープインパクト
2022101666,サンダースノー,ディープスカイ
2022107088,ゴールドドリーム,サクラバクシンオー
2022101541,ニューイヤーズデイ,オレハマッテルゼ
2022105524,ブリックスアンドモルタル,ダイワメジャー
2022102211,ダイワメジャー,ゴールドアリュール
2022101650,ホークビル,Cape Cross
2022104319,サートゥルナーリア,ファスリエフ
2022105299,ブリックスアンドモルタル,マンハッタンカフェ
2022105022,Into Mischief,Not This Time
2019105849,ドレフォン,City Zip
2021105519,ドゥラメンテ,クロフネ
2021103078,ドゥラメンテ,ハーツクライ
2019103042,シニスターミニスター,キングカメハメハ
2022100690,カリフォルニアクローム,キングカメハメハ
2020103402,キズナ,Lope de Vega
2022100176,メイショウボーラー,キンシャサノキセキ
2022110027,Earthlight,Sea The StarsSea the Stars
2022105280,キズナ,キングカメハメハ
2022101437,ジャスタウェイ,クロフネ
2022105249,ジャスタウェイ,ハービンジャー
2022104656,ミッキーアイル,Awesome Gambler
2020104091,シャンハイボビー,Dixieland Band
2017100447,マジェスティックウォリアー,ダイワメジャー
2021105615,ドレフォン,スペシャルウィーク
2021110140,ヨシダ,Astrology
2022101159,ホッコータルマエ,シニスターミニスター
2022101598,グレーターロンドン,Power
2022103305,ホッコータルマエ,ネオユニヴァース
2022104852,オルフェーヴル,Tapit
2022100070,ブリックスアンドモルタル,ディープインパクト
2021105840,アジアエクスプレス,Dansili
2020103535,モーリス,ディープインパクト
2021104934,オルフェーヴル,フレンチデピュティ
2022104520,ノーブルミッション,ヨハネスブルグ
2022106043,バゴ,ステイゴールド
2022103211,ナダル,オルフェーヴル
2021103223,Justify,Galileo
2020103619,リアルスティール,シンボリクリスエス
2020102061,ドレフォン,ネオユニヴァース
2019106684,ポアゾンブラック,サクラバクシンオー
2020104046,ヘニーヒューズ,ディープスカイ
2022100483,ユアーズトゥルーリ,マツリダゴッホ
2022100885,メイショウサムソン,メイショウオウドウ
2021105531,サトノダイヤモンド,Distorted Humor
2020104148,マジェスティックウォリアー,サマーバード
2022100372,カリフォルニアクローム,ロードカナロア
2022101452,ロードカナロア,アグネスタキオン
2022110059,Connect,Successful Appeal
2022100891,ロードカナロア,Montjeu
2022104389,マクフィ,キングカメハメハ
2023102702,サートゥルナーリア,ディープインパクト
2022101070,グァンチャーレ,ステイゴールド
2022104618,キタサンブラック,Literato
2022106127,ルーラーシップ,フジキセキ
2020103788,モーリス,フジキセキ
2014104716,フリオーソ,カリズマティック
2022106930,ウインブライト,ムーンロケット
2022100100,ドゥラメンテ,Kodiac
2022100760,フィエールマン,Sinndar
2022105497,スワーヴリチャード,Canford Cliffs
2022103141,レイデオロ,Any Given Saturday
2022106642,キズナ,War Front
2022104606,スワーヴリチャード,エンドスウィープ
2022103213,Le Havre,Galileo
2021106648,ニューイヤーズデイ,ダンスインザダーク
2022100142,カリフォルニアクローム,フォーティナイナー
2022105779,リアルスティール,ノヴェリスト
2022103637,サトノダイヤモンド,ハービンジャー
2022100393,ラブリーデイ,ワイルドラッシュ
2022101560,サトノクラウン,ジャスタウェイ
2022105460,ブラックタイド,フレンチデピュティ
2022105065,ロードカナロア,フジキセキ
2022100144,アドミラブル,マツリダゴッホ
2022102477,ビッグアーサー,シンボリクリスエス
2022100363,ビッグアーサー,キングズベストKing'
2023103736,キタサンブラック,Diamond Green
2019106870,エイシンヒカリ,Devil's Bag
2020100056,ジャスタウェイ,ケイムホーム
2022101404,サトノダイヤモンド,Giant's Causeway
2022102602,ディーマジェスティ,ナカヤマフェスタ
2023100708,タワーオブロンドン,パイロ
2023106090,エピファネイア,エンパイアメーカー
2019103593,モーリス,マンハッタンカフェ
2022100272,フォーウィールドライブ,ヨハネスブルグ
2022103139,ダンカーク,ノヴェリスト
2022100008,サイモンラムセス,Oasis Dream
2023107217,オルフェーヴル,ディープインパクト
2021101193,タリスマニック,キングカメハメハ
2021105686,バンドワゴン,フジキセキ
2019106475,シニスターミニスター,クロフネ
2021100868,デクラレーションオブウォー,Northern Afleet
2022101501,スワーヴリチャード,クロフネ
2022100974,ルーラーシップ,ハーツクライ
2023103501,サトノインプレッサ,Intikhab
2023104155,カレンブラックヒル,キングカメハメハ
2023104839,ビッグアーサー,マンハッタンカフェ
2023104682,ルヴァンスレーヴ,ヘニーヒューズ
2023103848,アポロキングダム,ゴールドアリュール
2023104483,ジョーカプチーノ,アイルハヴアナザーI'
2023104180,ヘニーヒューズ,アイルハヴアナザーI'
2021107230,ヘニーヒューズ,キンシャサノキセキ
2022101475,スワーヴリチャード,アグネスデジタル
2023102990,フィエールマン,Cape Cross
2023106926,ドレフォン,ディープインパクト
2022104436,オルフェーヴル,デヒア
2023101138,エピファネイア,Dubawi
2023106553,タワーオブロンドン,ヨハネスブルグ
2023102464,フィレンツェファイア,ヘニーヒューズ
2023104439,エスポワールシチー,Candy Ride
2023100213,クリソベリル,Tiznow
2023107214,ルヴァンスレーヴ,ヘニーヒューズ
2022106343,スワーヴリチャード,コマンダーインチーフ
2023103378,マインドユアビスケッツ,ディープインパクト
2023100333,ロードカナロア,ダンスインザダーク
2023110071,Into Mischief,Cairo Prince
2023102844,アジアエクスプレス,スペシャルウィーク
2023107221,ドレフォン,ダイワメジャー
2023104236,アジアエクスプレス,フレンチデピュティ
2019100577,マジェスティックウォリアー,ハーツクライ
2023107368,ベンバトル,ディープインパクト
2023107374,スワーヴリチャード,Exchange Rate
2023110103,Mor Spirit,Liam's Map
2023100287,パイロ,ロードカナロア
2023106567,フォーウィールドライブ,ハーツクライ
2023105692,ハクサンムーン,デュランダル
2023100804,コントレイル,First Samurai
2023100929,ロードカナロア,ハーツクライ
2022103830,リオンディーズ,Kingman
2021103065,マジェスティックウォリアー,Gone West
2023102089,クリソベリル,サウスヴィグラス
2023100967,モズアスコット,フレンチデピュティ
2023107094,コントレイル,Nathaniel
2023102310,ウインブライト,クロフネ
2023104395,キズナ,Sky Mesa
2023105005,Frosted,Tiznow
2023103899,ポエティックフレア,キングカメハメハ
2023103910,ナダル,ディープインパクト
2023105218,ドレフォン,Lemon Drop Kid
2020100897,ビッグアーサー,ファルブラヴ
2023102615,キズナ,クロフネ
2023106109,サトノダイヤモンド,Scipion
2023107081,ドレフォン,ダイワメジャー
2023102938,ミスターメロディ,ハーツクライ
2023104345,シルバーステート,シンボリクリスエス
2023106880,ポエティックフレア,ルーラーシップ
2023107218,キズナ,キングカメハメハ
2023103248,シルバーステート,ジャスタウェイ
2023106077,サトノダイヤモンド,キングカメハメハ
2023103241,ゴールドシップ,Tapit
2023106881,エピファネイア,Camelot
2019105523,キングカメハメハ,ハーツクライ
2023105046,キタサンブラック,Invincible Spirit
2023102979,オルフェーヴル,ゼンノロブロイ
2023103409,ゴールドドリーム,ジャングルポケット
2023106282,マジェスティックウォリアー,ゴールドアリュール
2023103206,マインドユアビスケッツ,ブラックタイド
2023107102,レイデオロ,ディープインパクト
2023104350,アメリカンペイトリオット,オース
2023107000,アドマイヤマーズ,ハービンジャー
2023102950,サトノクラウン,ステイゴールド
2023101502,ジャスタウェイ,ロードカナロア
2022103684,ドレフォン,ロードカナロア
2020103639,シルバーステート,Dubawi
2023107169,モーリス,クロフネ
2023105789,コントレイル,Intikhab
2023105683,シスキン,ディープインパクト
2023105823,ロードカナロア,Colonel John
2023105234,ブリックスアンドモルタル,エンパイアメーカー
2023103280,レイデオロ,アグネスタキオン
2023100793,デクラレーションオブウォー,リンカーン
2023102833,サトノダイヤモンド,Fusaichi Pegasus
2023107122,キタサンブラック,Champs Elysees
2023104556,サートゥルナーリア,キングズベストKing'
2023110098,Yaupon,Munnings
2023101951,ディスクリートキャット,メイショウサムソン
2023103282,フィレンツェファイア,Wicked Strong
2023110085,カラヴァッジオ,ディープインパクト
2023101851,タニノフランケル,ネオユニヴァース
2023102989,フォーウィールドライブ,ストリートセンス
2023103158,モズアスコット,ダイワメジャー
2023104099,シュヴァルグラン,ダノンシャンティ
2023102453,シニスターミニスター,ダイワメジャー
2022105177,サトノダイヤモンド,オルフェーヴル
2021106122,ベストウォーリア,アドマイヤジャパン
2023106187,コントレイル,ヨハネスブルグ
2023104936,ノーブルミッション,ディープインパクト
2023106011,リアルスティール,キングカメハメハ
2023100472,コントレイル,フジキセキ
2023103415,ポエティックフレア,ハーツクライ
2023107017,アドマイヤマーズ,True Cause
2023103243,シルバーステート,Birdstone
2023105391,キズナ,Pollard's Vision
2023102639,サトノダイヤモンド,Frankel
2023107293,サートゥルナーリア,ディープインパクト
2023101525,サトノクラウン,サンデーサイレンス
2023104396,コントレイル,Epaulette
2023106722,シルバーステート,ドゥラメンテ
2023104182,インディチャンプ,ハービンジャー
2023100719,グレーターロンドン,シルバーチャーム
2023103599,ジャスタウェイ,マンハッタンカフェ
2023107371,クリソベリル,クロフネ
2023104887,ヴァンゴッホ,アッミラーレ
2023103568,ドレフォン,フジキセキ
2023105155,ホッコータルマエ,ブライアンズタイムBrian'
2023102098,シニスターミニスター,City Banker
2023102077,ホッコータルマエ,マーベラスサンデー
2023105445,リオンディーズ,ステイゴールド
2023106129,インカンテーション,カジノドライヴ
2023105167,リオンディーズ,マンハッタンカフェ
2023102132,マテラスカイ,ジャスタウェイ
2023102968,ミスターメロディ,ディープインパクト
2020102013,ヴィクトワールピサ,アッミラーレ
2023107101,レイデオロ,ディープインパクト
2023107057,ドレフォン,ディープインパクト
2023105286,コントレイル,City Banker
2023103475,エイシンフラッシュ,アグネスタキオン
2023106651,リオンディーズ,ワイルドラッシュ
2023102916,コントレイル,Sea The StarsSea the Stars
2023102190,ディープブリランテ,ローエングリン
2023105037,リオンディーズ,ダイワメジャー
2023104728,パイロ,フレンチデピュティ
2023107149,アジアエクスプレス,ディープインパクト
2023105802,リオンディーズ,ディープインパクト
2023100951,ホッコータルマエ,ゴールドアリュール
2023105977,タイセイレジェンド,Kodiac
2023105745,タイセイレジェンド,トーセンホマレボシ
2023101334,ストロングリターン,テイエムオペラオー
2023101979,タニノフランケル,マツリダゴッホ
2023104444,サンダースノー,チチカステナンゴ
2023100902,ダノンスマッシュ,ダイワメジャー
2023110074,Audible,Lemon Drop Kid
2023100286,タリスマニック,タニノギムレット
2022100426,カレンブラックヒル,キングヘイロー
2023106983,エピファネイア,バゴ
2019106670,エピファネイア,キンシャサノキセキ
2023104034,リアルスティール,ヴィクトワールピサ
2023101840,ディーマジェスティ,ノボジャック
2023105791,ダノンプレミアム,ロードカナロア
2023102551,ビッグアーサー,ディープインパクト
2023106124,サトノダイヤモンド,ディアブロ
2023107009,ロードカナロア,ディープインパクト
2023105438,キタサンブラック,ショウナンカンプ
2023104917,ノーブルミッション,ヴィクトワールピサ
2023100392,シルバーステート,Storm Cat
2023106996,シスキン,フジキセキ
2023103493,レイデオロ,Kendargent
2023105287,エピファネイア,ストリートセンス
2023107201,サトノダイヤモンド,Bated Breath
2023103246,キタサンブラック,Tapizar
2023105024,シルバーステート,Into Mischief
2023101904,ノヴェリスト,メイショウオウドウ
2023100774,アメリカンペイトリオット,マンハッタンカフェ
2023104830,シルバーステート,ルーラーシップ
2023103456,キズナ,Arcano
2023103235,キズナ,Tapit
2023102997,シスキン,スペシャルウィーク
2023105288,エピファネイア,Ghostzapper
2023103794,オルフェーヴル,ダイワメジャー
2023103219,インディチャンプ,Dark Angel
2023103676,コントレイル,Mastercraftsman
2023101170,アメリカンペイトリオット,アドマイヤムーン
2023102101,キタサンブラック,ヴィクトワールピサ
2023106813,シュヴァルグラン,ディープブリランテ
2023100983,ルーラーシップ,ゼンノロブロイ
2023101728,シルバーステート,ロードカナロア
2023105834,ダノンプレミアム,ドゥラメンテ
2023103327,モーリス,ゼンノロブロイ
2023107123,リオンディーズ,ディープインパクト
2023102669,セイウンコウセイ,Sadler's Wells
2023105117,エピファネイア,ハーツクライ
2023102229,バゴ,タニノギムレット
2023102243,ルヴァンスレーヴ,スペシャルウィーク
2023103904,ルヴァンスレーヴ,キングカメハメハ
2023106516,ドレフォン,クロフネ
2023100900,Justify,Kingman
2023101278,アメリカンペイトリオット,ヴァーミリアン
2023105414,ゴールドドリーム,エンパイアメーカー
2023101484,ルヴァンスレーヴ,ブラックタイド
2023105059,カリフォルニアクローム,フジキセキ
2023104993,ベンバトル,マンハッタンカフェ
2023104468,ゴールドドリーム,サウスヴィグラス
2023104379,キズナ,Sky Mesa
2023103083,カリフォルニアクローム,Unbridled's Song
2023100684,シニスターミニスター,Dylan Thomas
2023106938,ブリックスアンドモルタル,キングカメハメハ
2023102474,カリフォルニアクローム,Medaglia d'Oro
2018100297,ジョーカプチーノ,アドマイヤムーン
2019105461,シルバーステート,タニノギムレット
2023103492,サートゥルナーリア,ハーツクライ
2023107194,エピファネイア,ロードカナロア
2023107041,ダノンキングリー,キングカメハメハ
2023103580,コントレイル,Tapit
2023102695,ミッキーアイル,エイシンフラッシュ
2023104376,キズナ,Tiznow
2023105358,コントレイル,Siyouni
2023106899,ドレフォン,ディープインパクト
2023106271,シルバーステート,Heliostatic
2023103419,ブリックスアンドモルタル,ダンスインザダーク
2023106166,ゴールドアクター,ディープインパクト
2023105148,ゴールドアクター,マジェスティックウォリアー
2023100631,タワーオブロンドン,アドマイヤムーン
2023107074,ミスターメロディ,アルカセット
2023107027,ロードカナロア,Equal Stripes
2023103517,マインドユアビスケッツ,エイシンフラッシュ
2023106699,ダノンスマッシュ,カンパニー
2023103054,フィレンツェファイア,キンシャサノキセキ
2023105550,デクラレーションオブウォー,ルーラーシップ
2023104618,サトノクラウン,パイロ
2023101848,ミッキーアイル,トビーズコーナーToby'
2023103150,ダイワメジャー,Medicean
2023105293,ロードカナロア,ダノンシャンティ
2023103828,レイデオロ,ディープインパクト
2023100998,エピファネイア,ハーツクライ
2023105252,リアルスティール,ダイワメジャー
2023105335,コントレイル,キンシャサノキセキ
2023106617,コントレイル,ゼンノロブロイ
2023102836,ゴールドドリーム,キングカメハメハ
2023105971,フィエールマン,ロードカナロア
2023102028,シルバーステート,Candy Stripes
2023102593,キズナ,Cairo Prince
2023103679,サートゥルナーリア,Danehill Dancer
2023102128,オルフェーヴル,ストーミングホーム
2023104613,サトノダイヤモンド,ロードカナロア
2023101519,キタサンブラック,エイシンフラッシュ
2023104419,キズナ,Malibu Moon
2023106867,American Pharoah,Tapit
2023105645,エピファネイア,キングカメハメハ
2023105462,ホッコータルマエ,ゴールドアリュール
2023107351,キズナ,ヘニーヒューズ
2023103313,マインドユアビスケッツ,ワークフォース
2023102630,キズナ,Cape Cross
2023102492,アニマルキングダム,Monsun
2023106017,アメリカンペイトリオット,サウスヴィグラス
2023100446,ダノンプレミアム,Forest Wildcat
2023101055,ミッキーアイル,Gemologist
2023103164,カリフォルニアクローム,スペシャルウィーク
2021101431,ラブリーデイ,アフリート
2023100133,ディスクリートキャット,ワイルドラッシュ
2023105466,ナダル,ロードカナロア
2023101796,ルーラーシップ,ハーツクライ
2023107245,ドレフォン,オルフェーヴル
2023103874,ミスチヴィアスアレックス,フレンチデピュティ
2023102643,アルアイン,ワイルドラッシュ
2023105482,ブリックスアンドモルタル,ディープインパクト
2023105743,モズアスコット,ゴールドアリュール
2023105699,クリソベリル,ウォーエンブレム
2023102242,ドレフォン,ダイワメジャー
2023105704,アメリカンペイトリオット,ハーツクライ
2023100982,フォーウィールドライブ,アドマイヤムーン
2023106551,ミスチヴィアスアレックス,アグネスタキオン
2023101884,ダノンプレミアム,デヒア
2023102657,バンブーエール,リアルインパクト
2023102898,マクフィ,ディープインパクト
2023106960,ロードカナロア,ディープインパクト
2023102845,シスキン,スペシャルウィーク
2023105810,ダノンプレミアム,Storm Cat
2023103397,エピファネイア,ディープインパクト
2023100685,ダノンプレミアム,Dubawi
2023105679,ラブリーデイ,ディープインパクト
2023102878,ディーマジェスティ,マンハッタンカフェ
2023106211,Saxon Warrior,Due Diligence
2023100463,リアルスティール,ロードカナロア
2023103325,ブリックスアンドモルタル,エイシンフラッシュ
2023105772,レイデオロ,ハーツクライ
2023102421,ブラックタイド,コンデュイット
2023102150,キタサンブラック,Leroidesanimaux
2023103275,イスラボニータ,クロフネ
2023101440,フィレンツェファイア,ジャングルポケット
2023107303,シュヴァルグラン,Bernstein
2022107293,カリフォルニアクローム,ダンスインザダーク
2022100406,イスラボニータ,ロードカナロア
2021106033,ヘニーヒューズ,ローレルゲレイロ
2019104908,ハービンジャー,ネオユニヴァース
2018102910,ドゥラメンテ,アドマイヤムーン
2022104098,サトノダイヤモンド,スウェプトオーヴァーボード
2022102329,ノーブルミッション,タヤスツヨシ
2022106612,ルヴァンスレーヴ,ヤマニンセラフィム
2022102642,メイショウボーラー,ゴールドヘイロー
2022100420,アニマルキングダム,デヒア
2019100784,ゴールドシップ,ディアブロ
2016104238,キングカメハメハ,メジロベイリー
2021106612,キズナ,Tiznow
2022103505,アジアエクスプレス,アドマイヤコジーン
2022100821,マクフィ,ゴールドアリュール
2022103035,サトノダイヤモンド,アルデバラン
2022106594,キンシャサノキセキ,Strategic Prince
2022107096,アジアエクスプレス,シンボリクリスエス
2022109114,ミッキーアイル,キングカメハメハ
2022106855,レイデオロ,High Chaparral
2017106222,ロードカナロア,ディープインパクト
2022103411,レインボーライン,ロージズインメイ
2022104642,アドマイヤマーズ,ロードカナロア
2022109146,ノーブルミッション,キングヘイロー
2020101367,ディスクリートキャット,キングカメハメハ
2021104049,ダノンバラード,リーチザクラウン
2017101448,リアルインパクト,ジャングルポケット
2021105645,ロードカナロア,クロフネ
2021103908,ジャスタウェイ,ブレイクランアウト
2021105923,アドミラブル,ソングオブウインド
2022106595,フォーウィールドライブ,ブラックタイド
2022106747,マツリダゴッホ,Redoute's Choice
2019105080,ディープインパクト,Harlington
2020100736,ビッグアーサー,アグネスタキオン
2022105573,ロゴタイプ,キングカメハメハ
2022106638,ルーラーシップ,ジャングルポケット
2022101346,サトノダイヤモンド,アドマイヤムーン
2023109106,グレーターロンドン,キングカメハメハ
2023109150,ネロ,カンパニー
2023109169,ネロ,キングカメハメハ
2023109128,ネロ,エスケンデレヤ
2023109098,コパノチャーリー,ダイワメジャー
2022105066,ナダル,ディープインパクト
2022100152,ダンカーク,ディープインパクト
2020102262,ドゥラメンテ,Indian Charlie
2021102618,ホッコータルマエ,マンハッタンカフェ
2022100123,ロードカナロア,ブラックタイド
2022101413,ヘニーヒューズ,サンデーサイレンス
2023109126,ミスチヴィアスアレックス,タートルボウル
2023109113,スクワートルスクワート,ストロングリターン
2023109089,サトノクラウン,ディープインパクト
2023109109,ネロ,ステイゴールド
2023109087,アポロケンタッキー,ロードカナロア
2023109148,ネロ,モーリス
2023109107,アレスバローズ,Montjeu
2023101157,ディスクリートキャット,スクリーンヒーロー
2021101730,モーリス,ダノンシャンティ
2021103902,ハービンジャー,シンボリクリスエス
2019102635,エピファネイア,キングカメハメハ
2022103563,ルヴァンスレーヴ,ロージズインメイ
2022106650,キズナ,Temple City
2022101135,オルフェーヴル,キングヘイロー
2022104132,ダイワメジャー,Tapit
2022105978,サトノアラジン,Mayakovsky
2022102638,マクフィ,グラスワンダー
2023105093,パイロ,ダンスインザダーク
2021104661,エスポワールシチー,フレンチデピュティ
2021105002,レイデオロ,マンハッタンカフェ
2022104493,ルヴァンスレーヴ,スウェプトオーヴァーボード
2022106197,ノーブルミッション,Roman Ruler
2022103238,リアルスティール,Vale of York
2021104905,ドゥラメンテ,Victory Note
2019103005,ディープインパクト,Intikhab
2022100369,デクラレーションオブウォー,ノボジャック
2022104566,American Pharoah,Astrology
2022102876,シャンハイボビー,ワイルドラッシュ
2022102548,ダノンレジェンド,マヤノトップガン
2022105134,ルーラーシップ,マクフィ
2022105855,サートゥルナーリア,アグネスタキオン
2023109118,ロードバリオス,アグネスデジタル
2023109138,スクワートルスクワート,バブルガムフェロー
2022105686,ロードカナロア,Mastercraftsman
2021103203,Intello,Invincible Spirit
2022102525,バゴ,シンボリクリスエス
2022101353,ダノンバラード,ワイルドラッシュ
2022101422,ドゥラメンテ,Harlan's Holiday
2022100501,シャンハイボビー,マンハッタンカフェ
2022102194,ミスターメロディ,ゴールドアリュール
2022102154,アポロケンタッキー,コンデュイット
2022102367,アニマルキングダム,クロフネ
2022106880,ルヴァンスレーヴ,キングズベストKing'
2022106819,コパノリッキー,ステイゴールド
2022101999,ゴールドシップ,カコイーシーズ
2022102644,スマートオーディン,ハーツクライ
2022105908,マクフィ,カジノドライヴ
2021100654,エピファネイア,ディープインパクト
2021104067,レイデオロ,マンハッタンカフェ
2022102374,ゴールドドリーム,オルフェーヴル
2016106139,マンハッタンカフェ,ラムタラ
2020102033,リオンディーズ,ハービンジャー
2021104641,キンシャサノキセキ,ヨハネスブルグ
2020101453,トーセンホマレボシ,サウスヴィグラス
2021100278,ベルシャザール,アドマイヤムーン
2021101547,エピファネイア,クロフネ
2022100117,カレンブラックヒル,キングズベストKing'
2019109039,ウインバリアシオン,カネヒキリ
2022104290,モーニン,ルールオブロー
2019103951,キンシャサノキセキ,チーフベアハート
2020105103,レーヴミストラル,スペシャルウィーク
2019101381,クリエイター,タイキシャトル
2021103803,エピカリス,Poet's Voice
2020102128,トゥザワールド,Dalakhani
2021103261,ドレフォン,アグネスタキオン
2020101331,ノヴェリスト,ハービンジャー
2021104330,ゴールドアクター,クロフネ
2018101091,リアルインパクト,Denman
2016101758,ハービンジャー,キングカメハメハ
2021100092,ヘニーヒューズ,ネオユニヴァース
2022103426,スピルバーグ,Songandaprayer
2017106110,メイショウボーラー,タニノギムレット
2020103135,クレイドルサイアー,デザートストーリー
2018101889,ローエングリン,フレンチデピュティ
2019105657,ロードカナロア,サンデーサイレンス
2021100281,ワールドエース,Cape Cross
2020107215,エイシンヒカリ,ジャングルポケット
2022101247,バゴ,ワイルドラッシュ
2020102072,ノヴェリスト,ハービンジャー
2017101141,アンライバルド,フォーティナイナー
2021101979,モーニン,ヴィクトワールピサ
2023103336,レッドファルクス,ワイルドラッシュ
2023103946,レッドファルクス,サウスヴィグラス
2023104110,ベストウォーリア,ヘニーヒューズ
2023102972,パドトロワ,シニスターミニスター
2023102789,ヘニーヒューズ,オレハマッテルゼ
2023104225,サトノアラジン,ロードカナロア
2023103031,マインドユアビスケッツ,ヴィクトワールピサ
2023105502,エイシンフラッシュ,ハーツクライ
2023100269,ミッキーアイル,シニスターミニスター
2023100072,イスラボニータ,ダンスインザダーク
2022100560,ナムラタイタン,パイロ
2022107035,アメリカンペイトリオット,Street Cry
2022102112,ミスターメロディ,サムライハート
2022102805,クリエイター,キンシャサノキセキ
2022104371,ホークビル,コンデュイット
2022101768,サートゥルナーリア,フジキセキ
2022105937,マインドユアビスケッツ,サンデーサイレンス
2022103140,アメリカンペイトリオット,オルフェーヴル
2022104299,ニシケンモノノフ,ケイムホーム
2022107041,アジアエクスプレス,フジキセキ
2022106036,モーニン,ファスリエフ
2022100824,アメリカンペイトリオット,マイネルラヴ
2022100138,ヘニーヒューズ,キングカメハメハ
2022104337,ベストウォーリア,スタチューオブリバティ
2022104444,アジアエクスプレス,スズカマンボ
2022100338,モーニン,スマートロビン
2022104450,アポロケンタッキー,Exceed And Excel
2022103981,ナムラタイタン,サイレントディール
2022100078,ディーマジェスティ,キングカメハメハ
2022101162,キンシャサノキセキ,コマンズ
2022101918,カリフォルニアクローム,シンボリクリスエス
2022107224,タリスマニック,クロフネ
2022101320,モーニン,Shamardal
2022101360,ベストウォーリア,グラスワンダー
2022104047,モーニン,ハーツクライ
2021109033,バゴ,オレハマッテルゼ
2019101210,ミッキーアイル,ゼンノロブロイ
2020102615,ダノンレジェンド,キングカメハメハ
2021100528,フリオーソ,サンデーサイレンス
2021100676,ドゥラメンテ,Galileo
2021106726,タリスマニック,サマーバード
2018103771,ミッキーアイル,Dixieland Band
2020105587,ゴールドシップ,ジェイドロバリー
2020106316,バゴ,ダイワメジャー
2021100918,シニスターミニスター,ロードカナロア
2020104391,ダノンレジェンド,シンボリクリスエス
2020106799,エピファネイア,ダイワメジャー
2021101359,アニマルキングダム,キングカメハメハ
2021104550,ファインニードル,ジャングルポケット
2021106106,ヘニーヒューズ,マンハッタンカフェ
2020106857,ドレフォン,ダイワメジャー
2020102178,ミュゼスルタン,フォーティナイナー
2020105579,ドレフォン,Gone West
2020104629,ビッグアーサー,サウスヴィグラス
2020105430,ドゥラメンテ,Theatrical
2021102499,モーニン,オペラハウス
2017106105,トゥザグローリー,アラムシャー
2015104027,エスポワールシチー,マイネルラヴ
2019100578,キンシャサノキセキ,クロフネ
2020101999,ディーマジェスティ,ゼンノロブロイ
2020102447,ストロングリターン,キングヘイロー
2021101815,モンテロッソ,ディープインパクト
2020101680,コパノリッキー,Lear Fan
2021106778,ロージズインメイ,カネヒキリ
2021100477,モーニン,ジャスタウェイ
2020100655,サトノダイヤモンド,ゴールドアリュール
2019101883,アメリカンペイトリオット,ディープインパクト
2020102231,アメリカンペイトリオット,ワイルドラッシュ
2019102484,ドレフォン,キングカメハメハ
2021106487,モーニン,トランセンド
2018100955,ロードアルティマ,マヤノトップガン
2018105667,トーセンブライト,フジキセキ
2020103749,カレンブラックヒル,カコイーシーズ
2022101011,ヘニーヒューズ,ハーツクライ
2022103110,モーニン,ファスリエフ
2022106300,トゥザワールド,マヤノトップガン
2022101713,ビーチパトロール,バトルプラン
2022100443,ノーブルミッション,フジキセキ
2022102593,メイショウボーラー,ブラックタキシード
2022104114,ダノンシャーク,アグネスデジタル
2022100589,ゴールドドリーム,ヴィクトワールピサ
2022100827,タリスマニック,アドマイヤムーン
2022106994,リアルスティール,Oxbow
2022101354,プレティオラス,キャプテントゥーレ
2022102023,コパノリッキー,タートルボウル
2021104898,ロードカナロア,ハーツクライ
2021102234,コパノリッキー,シニスターミニスター
2012100198,リンカーン,カリスタグローリ
2019106681,ロードカナロア,サンデーサイレンス
2014106378,トーセンホマレボシ,Barathea
2018105747,ダイワメジャー,トウカイテイオー
2021103688,アジアエクスプレス,アポインテッドデイ
2022100435,ゴールドドリーム,ルールオブロー
2022103695,ラブリーデイ,サマーバード
2022107338,デクラレーションオブウォー,Langfuhr
2022109056,ウインバリアシオン,Nashwan
2022104425,マインドユアビスケッツ,エアエミネム
2022103434,バトルプラン,マイネルセレクト
2022107206,ファインニードル,ゴールドヘイロー
2022101415,ロードカナロア,ハーツクライ
2022102072,スマートファルコン,タニノギムレット
2022103164,ミッキーロケット,エイシンデピュティ
2022106742,トゥザワールド,コロナドズクエストCoronado'
2022106084,ラブリーデイ,ダイワメジャー
2022107020,マジェスティックウォリアー,ファスリエフ
2022102517,タワーオブロンドン,ヘネシー
2022100973,マジェスティックウォリアー,ワイルドラッシュ
2022101737,スワーヴリチャード,アドマイヤムーン
2022106367,フェノーメノ,スキャン
2023100496,スマートファルコン,パイロ
2023100680,マテラスカイ,クロフネ
2023105908,パドトロワ,キングカメハメハ
2023100059,ヘニーヒューズ,ロックオブジブラルタル
2023102735,リアルスティール,Camelot
2023106044,サトノクラウン,ロードカナロア
2023105912,マテラスカイ,ゴールドアリュール
2023104831,ミスチヴィアスアレックス,キンシャサノキセキ
2022103602,ダノンレジェンド,ディープスカイ
2021101393,ヘニーヒューズ,ブライアンズタイムBrian'
2015103277,バトルプラン,グラスワンダー
2021101257,マジェスティックウォリアー,カネヒキリ
2020104431,シャンハイボビー,サクラローレル
2013105119,カンパニー,フジキセキ
2022106285,エイシンフラッシュ,ネオユニヴァース
2021107000,リアルスティール,ノヴェリスト
2021103958,シビルウォー,オレハマッテルゼ
2021101591,シュヴァルグラン,スクリーンヒーロー
2021100340,ミッキーロケット,マイネルラヴ
2020102009,パドトロワ,ディープスカイ
2021104625,トランセンド,フレンチデピュティ
2020101644,コパノリッキー,El Corredor
2018102878,ホッコータルマエ,スウェプトオーヴァーボード
2021103388,トランセンド,Cherokee Run
2021106301,エスポワールシチー,キングカメハメハ
2021109022,ベストウォーリア,フサイチコンコルド
2021106439,パイロ,Hard Spun
2020104188,アメリカンペイトリオット,ストリートセンス
2019104234,ダノンシャンティ,オレハマッテルゼ
2020106485,ホッコータルマエ,エンパイアメーカー
2018100279,シビルウォー,ホリスキー
2019104480,ドゥラメンテ,ダンスインザダーク
2020104276,ミッキーロケット,ハーツクライ
2020101888,キンシャサノキセキ,パイロ
2021100933,グレーターロンドン,スズカフェニックス
2019106459,キモンノカシワ,チチカステナンゴ
2018103163,ヴィクトワールピサ,メジロベイリー
2021100664,バンブーエール,フジキセキ
2020102708,ハービンジャー,キングカメハメハ
2019105627,ジャスタウェイ,エリシオ
2020101189,トビーズコーナーToby',ウイニングチケット
2020103862,デクラレーションオブウォー,In the WingsIn The Wings
2016110104,War Front,Galileo
2020100373,ラブリーデイ,ヴァーミリアン
2019106284,リオンディーズ,シンボリクリスエス
2021102848,エーシントップ,ハーツクライ
2018101402,タイセイレジェンド,バブルガムフェロー
2018102243,マツリダゴッホ,キングヘイロー
2018101221,パイロ,フジキセキ
2021101511,レインボーライン,デュランダル
2017104514,オウケンブルースリ,デザートストーリー
2021103356,サトノアラジン,エンパイアメーカー
2018100750,ミッキーアイル,シンボリクリスエス
2020107126,リオンディーズ,ハービンジャー
2021101978,フリオーソ,サウスヴィグラス
2020107011,アメリカンペイトリオット,ゼンノロブロイ
2020104414,メイショウボーラー,サクラローレル
2021101161,カリフォルニアクローム,マヤノトップガン
2020104656,ヴィクトワールピサ,ディープインパクト
2022101269,パイロ,First Defence
2022103536,ホッコータルマエ,ステイゴールド
2022103292,ダノンレジェンド,ハーツクライ
2022106271,アジアエクスプレス,スズカコーズウェイ
2022100676,ダンカーク,チチカステナンゴ
2022105942,ニューイヤーズデイ,フレンチデピュティ
2021106708,シャンハイボビー,ゴールドアリュール
2020107077,ヘニーヒューズ,Fusaichi Pegasus
2020100630,キンシャサノキセキ,タイキシャトル
2020103741,ダンカーク,ゴールドアリュール
2020102416,タリスマニック,ネオユニヴァース
2019103638,エピファネイア,Yonaguska
2018102429,グランプリボス,ダンスインザダーク
2021107096,ヘニーヒューズ,ディープインパクト
2020102274,ルーラーシップ,Pure Prize
2018105716,モンテロッソ,イーグルカフェ
2022107110,モーニン,チチカステナンゴ
2022102132,サートゥルナーリア,フジキセキ
2022100795,メイショウサムソン,ロジユニヴァース
2022100118,ベルシャザール,エイシンサンディ
2022106981,ディープブリランテ,エンパイアメーカー
2022103500,フィエールマン,Maria's Mon
2022103427,エポカドーロ,スクリーンヒーロー
2022100692,コパノリッキー,サクラバクシンオー
2022104115,コパノリッキー,カリズマティック
2022100823,ホークビル,ロードアルティマ
2022102760,カレンブラックヒル,ジャングルポケット
2022100079,カレンブラックヒル,ハーツクライ
2022105899,スマートファルコン,ヘニーヒューズ
2022101518,モーニン,ネオユニヴァース
2022104226,ビッグアーサー,スペシャルウィーク
2022105902,ラブリーデイ,タイキシャトル
2022100774,コパノリッキー,ルーラーシップ
2022101961,エポカドーロ,ロジユニヴァース
2022106514,シルバーステート,エイシンサンディ
2022104348,メイショウボーラー,ゼンノロブロイ
2022101891,ホッコータルマエ,Bluegrass Cat
2022100667,イスラボニータ,Monsun
2022101381,モーニン,アドマイヤジャパン
2019106282,スクリーンヒーロー,マンハッタンカフェ
2022102441,ゴールドドリーム,タイムパラドックス
2018101569,スマートファルコン,ニューイングランド
2020105115,カレンブラックヒル,ワイルドラッシュ
2019101132,アッミラーレ,ペンタイア
2019100699,ザファクター,スペシャルウィーク
2020107216,シャンハイボビー,ディープインパクト
2021101562,アドミラブル,ダイワメジャー
2022103726,ブリックスアンドモルタル,ディープインパクト
2022100434,ラブリーデイ,ブラックタイド
2021106961,シルバーステート,パイロ
2018102926,グランプリボス,フジキセキ
2021100712,レインボーライン,タイキシャトル
2015106145,フリオーソ,Tale of the Cat
2021106596,シャンハイボビー,スウィフトカレント
2022101167,ゴールドアクター,ハーツクライ
2021103415,レインボーライン,クロフネ
2019107046,アメリカンペイトリオット,ハーツクライ
2021103719,モーリス,アドマイヤムーン
2017101853,マジンプロスパー,シンボリクリスエス
2018106706,アロマカフェ,メイショウサムソン
2021100347,アジアエクスプレス,カリズマティック
2017110155,ディスクリートキャット,Maria's Mon
2016102069,グランプリボス,タイキシャトル
2019104991,ホールウォーカー,ノボジャック
2019102374,アドマイヤムーン,キングカメハメハ
2021107243,ビッグアーサー,バチアー
2021105664,キタサンブラック,Champs Elysees
2020106629,ビッグアーサー,フォーティナイナーズサン
2021105656,ヘニーヒューズ,ウォーエンブレム
2021102112,フリオーソ,Fusaichi Pegasus
2021107038,カレンブラックヒル,アグネスデジタル
2021106236,エスポワールシチー,クロフネ
2021104523,クリエイター,ハーツクライ
2020102227,ワールドエース,ワイルドラッシュ
2020100043,ジャングルポケット,アッミラーレ
2020105437,ゼンノロブロイ,ブレイクランアウト
2022100833,アメリカンペイトリオット,ロイヤルウエスト
2022100298,シルバーステート,プリサイスエンド
2022104096,ラニ,サウスヴィグラス
2022107119,ドゥラメンテ,Candy Ride
2022102226,ゴールデンマンデラ,ハービンジャー
2021107037,ベストウォーリア,スウェプトオーヴァーボード
2017104603,リアルインパクト,スクワートルスクワート
2021102877,マジェスティックウォリアー,Fusaichi Pegasus
2021106228,アポロケンタッキー,ブラックタキシード
2017103736,ジャングルポケット,サクラプレジデント
2020104218,ディーマジェスティ,In Excess
2021104539,コパノリッキー,モルフェデスペクタ
2021100583,メイショウボーラー,ジャングルポケット
2021103753,サトノアラジン,Tiznow
2021106711,アジアエクスプレス,ネオユニヴァース
2022101919,ドゥラメンテ,Storm Cat
2021102949,ルックスザットキル,ゴールドヘイロー
2021106598,シニスターミニスター,アグネスタキオン
2021102678,レッドファルクス,Flying Spur
2019101442,ラニ,ジャングルポケット
2018105614,サウスヴィグラス,キングヘイロー
2017104231,エイシンフラッシュ,タイキシャトル
2020104403,ダンカーク,ハーツクライ
2020101440,パイロ,キングカメハメハ
2021100621,ミッキーアイル,クロコルージュ
2020102913,ラブリーデイ,シンボリクリスエス
2021104675,オルフェーヴル,スウェプトオーヴァーボード
2020106780,ビーチパトロール,ファスリエフ
2021107366,ドゥラメンテ,スズカフェニックス
2021102457,イスラボニータ,エンパイアメーカー
2021101678,ディスクリートキャット,Hard Spun
2018101213,ディスクリートキャット,ダンスインザダーク
2020105602,シニスターミニスター,ヤマニンセラフィム
2021107380,レーヴミストラル,ネイティヴハート
2020107100,ウインバリアシオン,タートルボウル
2020104305,デクラレーションオブウォー,スマートファルコン
2021101516,トビーズコーナーToby',キングカメハメハ
2019110106,Lord Nelson,Closing Argument
2021107049,ヘニーヒューズ,キングヘイロー
2019104195,スマートファルコン,キングヘイロー
2020106369,ホッコータルマエ,ステイゴールド
2018110114,Speightstown,Curlin
2021102931,マジェスティックウォリアー,フレンチデピュティ
2019101345,ロゴタイプ,ヴィクトワールピサ
2019100140,パドトロワ,フォーティナイナー
2020101944,ミッキーロケット,ディープインパクト
2016104057,マツリダゴッホ,ボストンハーバー
2017102818,グラスワンダー,ブラックホーク
2020105895,シルバーステート,キングカメハメハ
2021100250,アジアエクスプレス,キッケンクリス
2020101205,パイロ,ダイワメジャー
2020100316,アジアエクスプレス,フジキセキ
2014102787,エンパイアメーカー,バブルガムフェロー
2016106049,キンシャサノキセキ,アグネスデジタル
2015101897,パイロ,ティンバーカントリー
2017102802,ゴールドヘイロー,キングヘイロー
2016105530,ホワイトマズル,フジキセキ
2022101977,ストロングリターン,セイントアレックス
2022101527,ベストウォーリア,フリオーソ
2022103191,ダノンレジェンド,メイショウサムソン
2022100366,デクラレーションオブウォー,American Pharoah
2022107401,サンダースノー,Holy Bull
2022101002,エポカドーロ,アグネスタキオン
2022102341,トビーズコーナーToby',カコイーシーズ
2022103835,ドレフォン,タイキシャトル
2022102043,ベストウォーリア,タニノギムレット
2022106523,エスケンデレヤ,シニスターミニスター
2022106507,マジェスティックウォリアー,Tale of the Cat
2022106521,トーセンラー,キングヘイロー
2021102248,カリフォルニアクローム,Afternoon Deelites
2022101886,スマートファルコン,ダンカーク
2021106333,イスラボニータ,ジャングルポケット
2019104380,エイシンフラッシュ,シンボリクリスエス
2016104160,ハービンジャー,アグネスタキオン
2020100758,ビーチパトロール,バンブーエール
2017103923,コパノリチャード,モルフェデスペクタ
2021103411,アドマイヤムーン,サムライハート
2021107394,キンシャサノキセキ,キングカメハメハ
2018105710,オウケンブルースリ,トレジャーアイランド
2019106534,タニノギムレット,サンデーサイレンス
2021104600,トビーズコーナーToby',サクラバクシンオー
2016101538,ゼンノロブロイ,ラムタラ
2020110022,Speightstown,Kodiac
2020107019,カレンブラックヒル,マリエンバード
2020102224,アドマイヤムーン,ブライアンズタイムBrian'
2020104080,アジアエクスプレス,ディープスカイ
2020102665,サトノダイヤモンド,キングカメハメハ
2018102892,トゥザワールド,ブライアンズタイムBrian'
2020106192,ミッキーアイル,サクラバクシンオー
2020107174,ダノンレジェンド,サンデーサイレンス
2022100972,ニューイヤーズデイ,キングカメハメハ
2021103919,キタサンブラック,ファルブラヴ
2021104867,サトノアラジン,ノヴェリスト
2021100776,ドレフォン,スペシャルウィーク
2017104550,オルフェーヴル,トウカイテイオー
2020104419,ラブリーデイ,サクラプレジデント
2018103161,ジョーカプチーノ,ダイワメジャー
2021100657,ホッコータルマエ,アドマイヤムーン
2021102748,トゥザグローリー,アポロキングダム
2022101101,ゴールドシップ,ルールオブロー
2021100345,ファインニードル,ストーミングホーム
2023103977,シルバーステート,クロフネ
2023105496,バンブーエール,エーシンフォワード
2023103513,シスキン,オルフェーヴル
2023105169,フォーウィールドライブ,マンハッタンカフェ
2023101746,サングレーザー,ニホンピロアワーズ
2023101416,コパノリッキー,ロードカナロア
2023105903,トゥザワールド,グラスワンダー
2023101023,フォーウィールドライブ,スクリーンヒーロー
2023105485,ベストウォーリア,エンパイアメーカー
2023101291,ミスターメロディ,Bluegrass Cat
2023100836,エスポワールシチー,Shamardal
2023101890,エピカリス,プリサイスエンド
2023106676,アポロケンタッキー,ドゥラメンテ
2023102445,ディーマジェスティ,チチカステナンゴ
2023100416,エイシンフラッシュ,マツリダゴッホ
2023109048,ヘニーハウンド,ステイゴールド
2021102651,シニスターミニスター,トゥザグローリー
2019104348,ジャングルポケット,デュランダル
2019100269,シビルウォー,キャプテンスティーヴ
2015110074,Shackleford,Shawklit Won
2021106599,ビーチパトロール,ディープインパクト
2020100547,ディープブリランテ,ブライアンズタイムBrian'
2020104425,キタサンブラック,Mr. Greeley
2020101619,リオンディーズ,Exploit
2021103035,スワーヴリチャード,メイショウサムソン
2020105481,レッドファルクス,ストーミングホーム
2021101336,ベストウォーリア,マンハッタンカフェ
2021104467,シャンハイボビー,コパノフウジン
2021100646,キズナ,キングカメハメハ
2016102072,トゥザグローリー,キングヘイロー
2017106272,シニスターミニスター,オレハマッテルゼ
2020100817,バンブーエール,ネオユニヴァース
2020105301,ホッコータルマエ,ハーツクライ
2019101112,ストロングリターン,オペラハウス
2016105468,ノヴェリスト,ダンスインザダーク
2018105013,オーシャンブルー,フジキセキ
2019104485,シルバーステート,ファスリエフ
2022102765,マクフィ,スペシャルウィーク
2020103144,ゴールドアクター,ホールウォーカー
2020103744,サトノクラウン,ブラックタイド
2019104695,エイシンフラッシュ,スニッツェル
2021101875,タリスマニック,シンボリクリスエス
2021106459,エイシンヒカリ,アイルハヴアナザーI'
2019100933,リオンディーズ,ヴィクトワールピサ
2021110044,Kingman,Kitten's Joy
2021106088,ホークビル,ブラックタイド
2020102394,レーヴミストラル,シンボリクリスエス
2018106432,ワールドエース,ファスリエフ
2022102307,フォーウィールドライブ,ハーツクライ
2019105000,クロフネ,ハーツクライ
2020200001,タイセイレジェンド,スターリングローズ
2020110089,Churchill,Pastoral Pursuits
2020101433,ダイワメジャー,Unbridled's Song
2021105063,トーセンラー,ノヴェリスト
2016100358,ベーカバド,フレンチデピュティ
2019104113,ホッコータルマエ,シニスターミニスター
2020102280,エスポワールシチー,フジキセキ
2019109038,グランプリボス,キングカメハメハ
2018101217,パイロ,エンドスウィープ
2017102572,ヘニーヒューズ,キングカメハメハ
2019100257,カレンブラックヒル,パーソナルラッシュ
2015103535,ロードカナロア,ディープインパクト
2015100348,エスポワールシチー,フレンチデピュティ
2019102413,ホッコータルマエ,アグネスデジタル
2016105929,アイルハヴアナザーI',マンハッタンカフェ
2015103284,カネヒキリ,ゴールデンフェザント
2020105092,ニシケンモノノフ,コマンズ
2018103819,ヘニーヒューズ,クロフネ
2021103276,ダノンレジェンド,ディープスカイ
2016105952,ケープブランコ,ゴールドアリュール
2019105587,トゥザグローリー,シンボリクリスエス
2021101141,フリオーソ,メイショウサムソン
2018104373,シニスターミニスター,アサティス
2016102089,アルデバラン,エンパイアメーカー
2021104047,ダノンレジェンド,マーベラスサンデー
2017110116,Violence,Allen's Prospect
2021101189,パイロ,ファスリエフ
2022101118,エスポワールシチー,ジェリ
2022102120,サトノクラウン,ケイムホーム
2022106488,モンドキャンノ,コマンズ
2022103969,トランセンド,オレハマッテルゼ
2022102034,モズアスコット,ダイワメジャー
2023104021,スマートファルコン,サウスヴィグラス
2023100579,イスラボニータ,ホワイトマズル
2023100875,プレティオラス,キャプテントゥーレ
2023100319,カリフォルニアクローム,スターリングローズ
2023104218,マテラスカイ,ネオユニヴァース
2023101998,コパノリッキー,キングズベストKing'
2021106567,シルバーステート,Afleet Alex
2021100890,モーニン,スマートロビン
2018104832,ロードカナロア,Tapit
2019105098,リオンディーズ,ダノンシャンティ
2020100824,ディーマジェスティ,メジロマックイーン
2021102250,ベストウォーリア,ハーツクライ
2022106029,ベストウォーリア,ヘニーヒューズ
2021105992,キタサンブラック,キングカメハメハ
2019106761,ネオユニヴァース,カジノドライヴ
2017104121,ラブイズブーシェ,ネオユニヴァース
2022107273,ロードカナロア,エンパイアメーカー
2023101188,エスポワールシチー,フレンチデピュティ
2023100830,モーニン,サウスヴィグラス
2023103938,ベストウォーリア,リーチザクラウン
2023101202,シャンハイボビー,トウカイテイオー
2023106039,タイセイレジェンド,マンハッタンカフェ
2023102295,マテラスカイ,ハーツクライ
2023100689,ジャスタウェイ,ジャングルポケット
2023100889,フリオーソ,サウスヴィグラス
2023101018,モーニン,フレンチデピュティ
2023109162,エーシンシャラク,エイシンデピュティ
2023101072,シュヴァルグラン,クロフネ
2023100210,タワーオブロンドン,ルーラーシップ
2023105607,ルヴァンスレーヴ,ストリートセンス
2023107416,フィレンツェファイア,シビルウォー
2023102449,フォーウィールドライブ,ダンスインザダーク
2021106728,ワールドエース,シンボリクリスエス
2021101573,ホッコータルマエ,カジノドライヴ
2018106201,ホッコータルマエ,メイショウホムラ
2021102423,アニマルキングダム,ステイゴールド
2019102332,ミッキーアイル,シンボリクリスエス
2021104127,サトノアラジン,キングカメハメハ
2019104109,キンシャサノキセキ,キングカメハメハ
2019101496,ルーラーシップ,ハービンジャー
2022101308,ルヴァンスレーヴ,アッミラーレ
2022109024,レッドベルジュール,フサイチコンコルド
2022100558,ゴールドドリーム,プリサイスエンド
2022101476,ホッコータルマエ,スペシャルウィーク
2022107151,ホッコータルマエ,タイムパラドックス
2022103853,フォーウィールドライブ,スウェプトオーヴァーボード
2022100940,ディーマジェスティ,アドマイヤムーン
2022105944,ザサンデーフサイチ,シルバーチャーム
2022102814,サトノアラジン,キングカメハメハ
2020103181,ベルシャザール,アグネスタキオン
2022103856,ロードカナロア,ダノンシャンティ
2023107424,サンダースノー,ジャスタウェイ
2023109053,コパノリッキー,ブライアンズタイムBrian'
2023106532,トビーズコーナーToby',ディープスカイ
2023100019,レイデオロ,クロフネ
2023104353,ゴールドドリーム,ワイルドラッシュ
2023100867,エポカドーロ,カジノドライヴ
2023107174,マクフィ,ディープインパクト
2023100028,ゴールドドリーム,リオンディーズ
2023102883,レインボーライン,ハイアーゲーム
2021101530,ストロングリターン,スペシャルウィーク
2021103135,クリエイター,ハーツクライ
2021106136,ニシケンモノノフ,フジキセキ
2021102230,サトノダイヤモンド,ヨハネスブルグ
2020103777,ロードカナロア,ディープインパクト
2021106998,ディスクリートキャット,Sky Mesa
2020104945,パイロ,キングカメハメハ
2020103363,ドレフォン,フジキセキ
2019102718,アイルハヴアナザーI',アサクサデンエン
2020103668,ロードカナロア,フジキセキ
2021103664,シニスターミニスター,ヨハネスブルグ
2022107213,サンダースノー,ハーツクライ
2017104016,タイムパラドックス,ジョリーズヘイローJolie'
2020101098,ジャングルポケット,ゼンノロブロイ
2023102780,パイロ,フレンチデピュティ
2023103832,モーニン,オンファイア
2023100140,デクラレーションオブウォー,オルフェーヴル
2023100424,ロジャーバローズ,スクリーンヒーロー
2023109045,ベルシャザール,ディープブリランテ
2023100086,ヘンリーバローズ,パイロ
2023100259,モーニン,ダンスインザダーク
2023106005,スマートオーディン,Speightstown
2023103667,ニューイヤーズデイ,ディープインパクト
2023106664,パイロ,トゥザグローリー
2023105529,ロゴタイプ,ディープインパクト
2023109050,ヘニーハウンド,フジキセキ
2023105520,サトノアレス,Giant's Causeway
2023101194,キタサンミカヅキ,サンデーサイレンス
2023101958,アドミラブル,ゼンノエルシド
2023109018,アルデバラン,ハーツクライ
2023102496,ナムラタイタン,ワイルドラッシュ
2023109009,ウインバリアシオン,ロージズインメイ
2022100408,マクフィ,キンシャサノキセキ
2019105625,サトノアラジン,スクワートルスクワート
2021107360,パイロ,トワイニング
2020102287,エスケンデレヤ,ヨハネスブルグ
2020100246,ビッグアーサー,アグネスタキオン
2014104259,アイルハヴアナザーI',フジキセキ
2019104672,キングカメハメハ,ダイワメジャー
2018105952,トーセンジョーダン,ディープインパクト
2022100086,オーヴァルエース,サクラバクシンオー
2022100532,ナムラタイタン,アグネスタキオン
2022104904,ニューイヤーズデイ,ネオユニヴァース
2023101030,マテラスカイ,アッミラーレ
2023106763,ゴルトマイスター,サウスヴィグラス
2023100682,クリソベリル,Hard Spun
2023101387,フィレンツェファイア,スクリーンヒーロー
2023104777,インディチャンプ,コマンダーインチーフ
2023101504,マテラスカイ,サムライハート
2023104771,ミスチヴィアスアレックス,ルーラーシップ
2023100491,インディチャンプ,キングヘイロー
2023102304,タニノフランケル,オンファイア
2021101318,エイシンヒカリ,サウスヴィグラス
2022100832,アメリカンペイトリオット,カリズマティック
2021102101,ラニ,スマートボーイ
2021106166,ヘニーヒューズ,スエヒロコマンダー
2021107373,ロゴタイプ,ハーツクライ
2023101389,パイロ,カコイーシーズ
2023101906,スマートファルコン,ワイルドラッシュ
2023101875,ミッキーグローリー,ヘクタープロテクター
2023101024,スズカコーズウェイ,フリオーソ
2023102326,バゴ,クロフネ
2023102110,ベンバトル,トーセンホマレボシ
2023101297,サトノクラウン,ゼンノロブロイ
2023104311,レインボーライン,ホワイトマズル
2023104656,ルヴァンスレーヴ,クロフネ
2023105527,ニホンピロアワーズ,ハーツクライ
2023106032,クリソベリル,サウスヴィグラス
2023105493,バンブーエール,ロージズインメイ
2023101033,バンブーエール,スマートファルコン
2023101695,アメリカンペイトリオット,ドリームジャーニー
2023103870,ニューイヤーズデイ,ディープインパクト
2023101996,ファインニードル,エンパイアメーカー
2023101600,エタリオウ,ザール
2023105503,イスラボニータ,Big Shuffle
2022100951,ファインニードル,ダイワメジャー
2019105551,ディーマジェスティ,Diesis
2020106880,ディープスカイ,ワイルドラッシュ
2019104748,ゴールドシップ,Zamindar
2021105925,ラニ,デュランダル
2021100136,キタサンブラック,ロードカナロア
2022101098,ラブリーデイ,ゴールドアリュール
2022102353,ルヴァンスレーヴ,Hard Spun
2023105105,ホッコータルマエ,ケイムホーム
2023107483,パイロ,ブラックタイド
2023104092,アメリカンペイトリオット,サマーバード
2023105556,デクラレーションオブウォー,ディープブリランテ
2023109046,ヘニーハウンド,ルーラーシップ
2023105922,エスポワールシチー,シンボリクリスエス
2023102668,ノーブルミッション,ハービンジャー
2023101889,オーヴァルエース,ホッコータルマエ
2023101393,アメリカンペイトリオット,フジキセキ
2023104717,ベストウォーリア,キングカメハメハ
2023102874,シニスターミニスター,マンハッタンカフェ
2023101540,ミッキーグローリー,ルーラーシップ
2021104642,アルアイン,ロードカナロア
2022102084,ルヴァンスレーヴ,アルカセット
2021102076,パイロ,ステイゴールド
2017106399,ゴールドシップ,Pulpit
2016100349,パイロ,Seeking the Gold
2016100661,フリオーソ,サウスヴィグラス
2017105661,ロードカナロア,ディープインパクト
2023105498,アジアエクスプレス,Uncle Mo
2023105923,ダノンレジェンド,スペシャルウィーク
2023100262,ラブリーデイ,ディープインパクト
2023105528,ラブリーデイ,ワイルドラッシュ
2023104718,モーニン,ハーツクライ
2023106673,コパノリッキー,ディアブロ
2023100780,ダノンスマッシュ,ハーツクライ
2023104429,アルアイン,Redoute's Choice
2023104215,アメリカンペイトリオット,ブライアンズタイムBrian'
2023103108,ゴールドアクター,メイショウホムラ
2023100827,ミッキーロケット,ネオユニヴァース
2023102193,インカンテーション,ハーツクライ
2023106212,モズアスコット,アドマイヤムーン
2023102268,パドトロワ,ベルシャザール
2023103229,タリスマニック,スペシャルウィーク
2023105599,カリフォルニアクローム,シンボリクリスエス
2023103115,トーホウジャッカル,シニスターミニスター
2023106343,エポカドーロ,キングカメハメハ
2023100064,サトノクラウン,キンシャサノキセキ
2023104985,パドトロワ,ジャングルポケット
2023101959,ビーチパトロール,スペシャルウィーク
2023104803,ファインニードル,Kheleyf
2022106530,モーニン,スエヒロコマンダー
2021101144,ミッキーアイル,イーグルカフェ
2021103025,サトノダイヤモンド,メイショウサムソン
2021106966,レッドファルクス,エンパイアメーカー
2020104826,コパノリッキー,ネオユニヴァース
2021102802,マジェスティックウォリアー,キングカメハメハ
2021101281,ニューイヤーズデイ,ゼンノロブロイ
2023100201,ベストウォーリア,サウスヴィグラス
2023106164,モーニン,ディスクリートキャット
2023103812,レイデオロ,ゴールドアリュール
2023106153,マジェスティックウォリアー,ボストンハーバー
2023102626,アメリカンペイトリオット,ディープブリランテ
2023100632,フィレンツェファイア,ワークフォース
2023106666,アルデバラン,ハーツクライ
2022103919,サートゥルナーリア,シンボリクリスエス
2022106319,ヘニーヒューズ,ダイワメジャー
2022107329,ディスクリートキャット,フェノーメノ
2023100443,キタサンミカヅキ,ダイワメジャー
2023100832,マテラスカイ,グラスワンダー
2023101221,ニシケンモノノフ,バトルプラン
2023104175,ホッコータルマエ,コロナドズクエストCoronado'
2023101017,クリソベリル,パイロ
2023102276,アメリカンペイトリオット,アグネスタキオン
2023102094,インカンテーション,Dylan Thomas
2023100779,バゴ,トワイニング
2023103301,シュヴァルグラン,ブライアンズタイムBrian'
2023103924,ホークビル,アドマイヤベガ
2023100710,フォーウィールドライブ,アジュディミツオー
2023100562,シスキン,ディープブリランテ
2023105551,アメリカンペイトリオット,Mastercraftsman
2023102885,ベストウォーリア,シルバーチャーム
2023100495,クリソベリル,ヘニーヒューズ
2023101193,スマートファルコン,ネオユニヴァース
2023104822,ビーチパトロール,クロフネ
2023105524,ホッコータルマエ,エーシンフォワード
2023104281,ホークビル,アグネスデジタル
2023104582,モーニン,シンボリクリスエス
2020106768,ダノンレジェンド,キングヘイロー
2021100519,ホッコータルマエ,ゴールドヘイロー
2019101091,シビルウォー,フジキセキ
2019103224,アドマイヤムーン,ヴァーミリアン
2022100514,モーニン,クロフネ
2022102180,エスポワールシチー,カジノドライヴ
2023101729,エスポワールシチー,Corinthian
2023102271,オーヴァルエース,スマートファルコン
2023102552,スマートファルコン,ホワイトマズル
2023104310,カリフォルニアクローム,キズナ
2023105501,エイシンヒカリ,コロナドズクエストCoronado'
2023102571,ダノンキングリー,Galileo
2023106719,リッチーリッチー,パイロ
2023104114,マルターズアポジー,トワイニング
2022103970,ミッキーグローリー,クロフネ
2021100367,アポロケンタッキー,フジキセキ
2022104220,ディーマジェスティ,ノヴェリスト
2020105095,シニスターミニスター,マンハッタンカフェ
2022103428,フォーウィールドライブ,サムライハート
2023100911,アジアエクスプレス,スウェプトオーヴァーボード
2023100742,ルヴァンスレーヴ,ダイワメジャー
2023103541,レッドファルクス,ゴールドアリュール
2023103296,サートゥルナーリア,Siyouni
2023101646,ホッコータルマエ,ゼンノロブロイ
2023101353,バゴ,クロフネ
2023106488,ゴールドドリーム,カネヒキリ
2023104243,サトノジェネシス,タヤスツヨシ
2023102719,デクラレーションオブウォー,アグネスタキオン
2023100549,ニシケンモノノフ,ヴィクトワールピサ
2023105056,ヴァンゴッホ,ダンカーク
2023104495,ニシケンモノノフ,ヴィクトワールピサ
2023100010,クリソベリル,Tamayuz
2023100322,トゥザワールド,エイシンフラッシュ
2023101521,モズアスコット,ハービンジャー
2023106016,ファインニードル,ダイワメジャー
2023102299,アメリカンペイトリオット,ゴールドアリュール
2023100866,ロジャーバローズ,サウスヴィグラス
2023102195,ヘンリーバローズ,ロードカナロア
2021106441,サンダースノー,パイロ
2022100956,モーニン,ベーカバド
2018110115,アニマルキングダム,Pioneerof the Nile
2023101026,エスポワールシチー,スマートボーイ
2023102024,ノーブルミッション,ダイワメジャー
2023104242,アジアエクスプレス,リーチザクラウン
2023100677,タニノフランケル,トゥザグローリー
2023100263,ホークビル,エイシンサンディ
2023100435,スマートファルコン,アグネスタキオン
2023104664,ワールドプレミア,ワークフォース
2023104744,ミスターメロディ,カジノドライヴ
2023105910,アドミラブル,サクラバクシンオー
2023105492,ニホンピロアワーズ,ハーツクライ
2023101620,ヘニーヒューズ,スウェプトオーヴァーボード
2023101059,フォーウィールドライブ,アッミラーレ
2023106502,インカンテーション,リアルインパクト
2023104423,オルフェーヴル,サウスヴィグラス
2023100859,パイロ,ディープインパクト
2023101208,スマートファルコン,スターキングマン
2023100817,エピカリス,リンドシェーバー
2023100403,ダノンプレミアム,エンパイアメーカー
2023103265,ベストウォーリア,ジャングルポケット
2023102385,ディーマジェスティ,アグネスタキオン
2020110134,Violence,Mutakddim
2022101724,ミッキーアイル,キングカメハメハ
2018104016,ブラックタイド,サクラバクシンオー
2020101936,バゴ,ハービンジャー
2022105764,ミッキーアイル,エイシンフラッシュ
2021101708,ホッコータルマエ,ネオユニヴァース
2023101952,ワールドプレミア,アルデバラン
2023104298,スマートファルコン,サムライハート
2023101060,サングレーザー,シェルゲーム
2023106363,ファインニードル,サマーバード
2023101209,アジアエクスプレス,ストラヴィンスキー
2023100273,アメリカンペイトリオット,アドマイヤムーン
2023104929,ハッピースプリント,More Than Ready
2023106708,アルアイン,アドマイヤジュピタ
2023105499,サトノアレス,クロフネ
2023104983,デクラレーションオブウォー,ハーツクライ
2023102300,ファインニードル,サムライハート
2023101567,アメリカンペイトリオット,サウスヴィグラス
2023106629,カレンブラックヒル,ベーカバド
2023105604,リアルスティール,ファンタスティックライト
2023100822,リーチザクラウン,ディープスカイ
2023101238,ニシケンモノノフ,ファスリエフ
2023103025,ゴールドドリーム,サウスヴィグラス
2023101625,ゴールドドリーム,ケイムホーム
2023100123,ディーマジェスティ,Monsun
2021103804,キタサンブラック,サマーバード
2022100961,エスケンデレヤ,コロナドズクエストCoronado'
2023101034,フリオーソ,サウスヴィグラス
2023103416,リーチザクラウン,サンダーガルチ
2023101634,ナムラタイタン,ゴールドアリュール
2023101462,イスラボニータ,ワークフォース
2023106309,マジェスティックウォリアー,ワークフォース
2023106066,シニスターミニスター,キングカメハメハ
2023101546,カレンブラックヒル,エンパイアメーカー
2023105968,ヴァンゴッホ,バゴ
2023101025,ミュゼスルタン,ディープスカイ
2023105497,ダノンレジェンド,Exchange Rate
2023101272,ダノンレジェンド,ディープブリランテ
2023104547,ラブリーデイ,ネオユニヴァース
2023105656,ジョーカプチーノ,ヴィクトワールピサ
2023104152,カリフォルニアクローム,カネヒキリ
2023103104,ジョーカプチーノ,ハーツクライ
2023103384,イスラボニータ,エピファネイア
2021103528,スワーヴリチャード,クロフネ
2022102185,フォーウィールドライブ,カネヒキリ
2022100825,アドマイヤムーン,ベーカバド
2023104119,スマートファルコン,フサイチレオン
2023102682,ブラックタイド,エンパイアメーカー
2023100821,フリオーソ,スパイキュール
2023100886,スマートオーディン,クロフネ
2023104912,ハッピースプリント,シニスターミニスター
2023100242,ニシケンモノノフ,ファルブラヴ
2023101881,インディチャンプ,ルールオブロー
2023102186,イスラボニータ,タイキシャトル
2022100444,シルバーステート,サクラバクシンオー
2022102244,モーニン,ゴールドアリュール
2021103818,ホッコータルマエ,ジェニュイン
2022101331,サンダースノー,ゴールドアリュール
2023101518,ニューイヤーズデイ,ネオユニヴァース
2023104730,ホッコータルマエ,フレンチデピュティ
2023101968,フリオーソ,モンテロッソ
2023104222,レッドファルクス,アジュディケーティング
2023100818,ニシケンモノノフ,クラキングオー
2023104144,ホッコータルマエ,マンハッタンカフェ
2023102614,スズカコーズウェイ,アドマイヤムーン
2023103140,サブノジュニア,コンデュイット
2023100575,エピカリス,ストロングリターン
2023100190,サトノジェネシス,カジノドライヴ
2023101614,アジアエクスプレス,エンドスウィープ
2023106324,ベストウォーリア,タイムパラドックス
2023101683,モーニン,エイシンサンディ
2023101617,マインドユアビスケッツ,サムライハート
2023100536,フォーウィールドライブ,バゴ
2023101427,ベストウォーリア,アドマイヤムーン
2023105582,キタサンミカヅキ,ヘニーヒューズ
2023101057,マテラスカイ,アンライバルド
2023106519,アメリカンペイトリオット,アグネスタキオン
2023109160,ルヴァンスレーヴ,ダイワメジャー
2023104715,カレンブラックヒル,ロードカナロア
2023101538,アニマルキングダム,ヨハネスブルグ
2023102632,サトノダイヤモンド,オルフェーヴル
2021100901,ビッグアーサー,マンハッタンカフェ
2021107141,アジアエクスプレス,ジャングルポケット
2017103285,アイルハヴアナザーI',メイショウサムソン
2022100609,マクフィ,プリサイスエンド
2021101368,ストロングリターン,ダンスインザダーク
2022106483,ゴールドドリーム,ブレイクランアウト
2022103866,カリフォルニアクローム,アドマイヤムーン
2020103235,ジャスタウェイ,ワークフォース
2020105973,コパノリッキー,フジキセキ
2023101218,オーヴァルエース,ヴァンセンヌ
2023102297,ヴァンセンヌ,Songandaprayer
2023105490,Invincible Spirit,Dubawi
2023102505,モーニン,ディープインパクト
2023109155,モンドキャンノ,クロフネ
2023100574,スマートファルコン,フォーティナイナー
2023104098,ニシケンモノノフ,ナスダックパワー
2023101241,ジョーカプチーノ,スマートファルコン
2023103105,スマートファルコン,キングカメハメハ
2023104115,タニノフランケル,マンハッタンカフェ
2023109017,ミスチヴィアスアレックス,Dansili
2023100054,エスポワールシチー,ジャングルポケット
2023102572,スズカコーズウェイ,サウスヴィグラス
2023102727,バンブーエール,アグネスデジタル
2023107404,エスポワールシチー,トワイニング
2023106496,タリスマニック,トーセンホマレボシ
2023104784,キタサンミカヅキ,パイロ
2023100023,マテラスカイ,ファンタスティックライト
2023100939,モーリス,Stroll
2021106079,カレンブラックヒル,ホワイトマズル
2020106852,キズナ,Acclamation
2022106095,アジアエクスプレス,ゴールドアリュール
2023106518,サンダースノー,シニスターミニスター
2023101623,クリエイター,シンボリクリスエス
2023102612,マインドユアビスケッツ,ゴールドアリュール
2023104142,サンダースノー,ネオユニヴァース
2023107435,ホークビル,アポロキングダム
2023104213,ヘンリーバローズ,Teofilo
2023101351,エピカリス,トーセンジョーダン
2023104760,トゥザワールド,キングヘイロー
2023102322,バンブーエール,ブライアンズタイムBrian'
2023100106,コパノリッキー,ヨハネスブルグ
2020101142,ダノンバラード,ヴィクトワールピサ
2022101521,ステッペンウルフ,フリオーソ
2022110062,American Pharoah,Sky Mesa
2022106862,ダノンレジェンド,ルーラーシップ
2023107398,モーニン,タヤスツヨシ
2023102507,モーニン,アルカセット
2023100550,ゴールドシップ,ビービーガルダン
2023100819,クラグオー,ワカオライデン
2023103581,クリソベリル,キングカメハメハ
2023105063,シニスターミニスター,ゼンノロブロイ
2023100391,トゥザワールド,アドマイヤムーン
2023105487,エイシンヒカリ,キングヘイロー
2023101536,クラグオー,カコイーシーズ
2023100642,フォーウィールドライブ,Macho Uno
2023104267,ゴールドドリーム,ブレイクランアウト
2023105911,アメリカンペイトリオット,ディープインパクト
2023100948,マテラスカイ,ディープインパクト
2023104146,ゴールドドリーム,ロジユニヴァース
2023106381,インカンテーション,タニノギムレット
2023104648,エキストラエンド,コマンズ
2023101019,ベストウォーリア,ネオユニヴァース
2021106947,アジアエクスプレス,アグネスタキオン
2020101676,ディスクリートキャット,サウスヴィグラス
2019106852,キズナ,クロフネ
2016103289,ダイワメジャー,Singspiel
2023101697,ミッキースワロー,グランプリボス
2023100450,バンブーエール,ストーミングホーム
2023100189,ヘンリーバローズ,アグネスタキオン
2023103974,インディチャンプ,トーセンジョーダン
2023103851,ミッキーロケット,ダイワメジャー
2023105920,カリフォルニアクローム,ステイゴールド
2023109012,ケープブランコ,トワイニング
2023100887,サトノジェネシス,キングヘイロー
2023104749,ベストウォーリア,マイネルラヴ
2023106168,ヘンリーバローズ,スクリーンヒーロー
2023104841,ホッコータルマエ,ファンタスティックライト
2023100717,カリフォルニアクローム,フジキセキ
2023100704,ラブリーデイ,カジノドライヴ
2023109020,ディープブリランテ,フリオーソ
2023103011,サングレーザー,エンドスウィープ
2023104440,サトノダイヤモンド,Elusive Quality
2022100950,スクリーンヒーロー,エンパイアメーカー
2021104476,ベストウォーリア,ファンタスティックライト
2017110152,Maclean's Music,Cowboy Cal
2017101535,オルフェーヴル,Storm Cat
2018101222,ゴールドアリュール,ジャングルポケット
2021100219,モーニン,セイントアレックス
2020101436,ジャングルポケット,クラキングオー
2023104519,ヘニーヒューズ,ゴールドアリュール
2023101992,フォーウィールドライブ,スマートファルコン
2023105665,レッドファルクス,ゴールドアリュール
2023104984,エピカリス,カンパニー
2023104455,ノヴェリスト,キングカメハメハ
2023101765,ダノンレジェンド,フジキセキ
2023101354,サトノジェネシス,サウスヴィグラス
2022101142,フリオーソ,キンシャサノキセキ
2023102272,コパノリッキー,スマートボーイ
2023105172,マジェスティックウォリアー,プリサイスエンド
2023101618,パイロ,ゴールドアリュール
2023100105,スズカコーズウェイ,ジャスタウェイ
2023102862,ダノンプレミアム,エンパイアメーカー
2023106122,パドトロワ,タップダンスシチー
2023100884,カレンブラックヒル,アンライバルド
2023106501,タイセイレジェンド,シンボリクリスエス
2022102040,ホッコータルマエ,ヒルノダムール
2022104269,シニスターミニスター,スウェプトオーヴァーボード
2021101610,スワーヴリチャード,ディープインパクト
2019101737,シニスターミニスター,サウスヴィグラス
2023107383,ヘニーヒューズ,クロフネ
2023101619,カリフォルニアクローム,サウスヴィグラス
2023100725,キセキ,フジキセキ
2023103840,イスラボニータ,ヴィクトワールピサ
2023101344,ベストウォーリア,ゴールドアリュール
2023100367,アドマイヤムーン,アグネスタキオン
2023105907,オーヴァルエース,ワイルドラッシュ
2023101983,レッドファルクス,Point Given
2023106160,ダノンバラード,デュランダル
2023101993,サブノジュニア,ディープインパクト
2023103858,マジェスティックウォリアー,ブラックタイド
2023104514,ミスターメロディ,キングカメハメハ
2023106015,バゴ,ステイゴールド
2023101594,ミスターメロディ,ハーツクライ
2022100751,ラニ,エンパイアメーカー
2022101348,ワンアンドオンリー,アルデバラン
2022102149,エポカドーロ,グラスワンダー
2021103391,ファインニードル,ダンスインザダーク
2022107131,バゴ,Orientate
2023101745,インディチャンプ,コマンズ
2023102729,モーリス,キングカメハメハ
2023103681,ロードカナロア,Soldier Hollow
2023101240,デクラレーションオブウォー,ヴァーミリアン
2023101386,サンダースノー,Montjeu
2022103826,ディスクリートキャット,トウケイヘイロー
2022101165,グレーターロンドン,タニノギムレット
2022104088,ゴールドドリーム,エンパイアメーカー
2021109036,ウインバリアシオン,スキャターザゴールド
2021106226,ベストウォーリア,ヨハネスブルグ
2019104311,バンブーエール,マンハッタンカフェ
2019101543,パイロ,クロフネ
2022105152,サートゥルナーリア,ディープインパクト
2022104018,デクラレーションオブウォー,ファルブラヴ
2022106596,ダイワメジャー,Zensational
2023104148,ミスチヴィアスアレックス,ヘニーヒューズ
2023109071,バゴ,ロードカナロア
2023107186,モーリス,ハーツクライ
2023105931,ゴールドアクター,カネヒキリ
2023101522,モズアスコット,ロードカナロア
2023103200,アジアエクスプレス,スズカコーズウェイ
2023106707,ジャスタウェイ,シンボリクリスエス
2023102285,サトノクラウン,カリズマティック
2023101337,カリフォルニアクローム,ハービンジャー
2023101534,スマートファルコン,キングカメハメハ
2023106505,スマートファルコン,ハービンジャー
2021106001,バゴ,クロフネ
2022102822,ヘンリーバローズ,キングカメハメハ
2023101294,ニューイヤーズデイ,アグネスタキオン
2023101413,カリフォルニアクローム,ネオユニヴァース
2023100565,ビッグアーサー,ブラックタイド
2023102066,ホッコータルマエ,ベーカバド
2023104804,タリスマニック,タイキシャトル
2023101436,タイセイレジェンド,ゴールドアリュール
2020105586,ディープブリランテ,ワイルドラッシュ
2021100398,アポロケンタッキー,フジキセキ
2023100208,マテラスカイ,クロフネ
2022101279,レッドファルクス,ダンディコマンド
2020103747,リアルインパクト,アメリカンボス
2023101791,ロジャーバローズ,Reset
2023106498,レインボーライン,ダイワメジャー
2023100174,エスポワールシチー,オルフェーヴル
2023102671,ミスチヴィアスアレックス,ロードカナロア
2023102309,ドリームバレンチノ,キングヘイロー
2023107058,アドマイヤマーズ,ジャングルポケット
2023107459,ホークビル,ブライアンズタイムBrian'
2023104892,ホッコータルマエ,ダイワメジャー
2022101525,ホッコータルマエ,アッミラーレ
2019102934,ダノンレジェンド,サンデーサイレンス
2018102033,キズナ,キングカメハメハ
2023101505,リアルインパクト,ジャングルポケット
2023105048,ダノンレジェンド,キングカメハメハ
2023107431,タリスマニック,タニノギムレット
2023107478,キセキ,ローエングリン
2023104081,ウルトラカイザー,オルフェーヴル
2023101259,アスカクリチャン,キンググローリアス
2023100078,インディチャンプ,アグネスデジタル
2023104807,タリスマニック,ゼンノロブロイ
2022100684,サトノクラウン,タイキシャトル
2022106440,エスポワールシチー,メイショウボーラー
2018101341,カレンブラックヒル,トニービン
2020103642,サトノアラジン,Nayef
2022102766,ディスクリートキャット,スウェプトオーヴァーボード
2021103038,オルフェーヴル,トーセンダンス
2023105515,トランセンド,カンパニー
2023104268,エピカリス,ワイルドラッシュ
2023101597,モーニン,ディープインパクト
2023105510,エポカドーロ,Cozzene
2023101622,コパノリッキー,カコイーシーズ
2021106534,モーニン,ホワイトマズル
2022100498,マジェスティックウォリアー,ゴールドアリュール
2020106813,アジアエクスプレス,コマンズ
2023103033,サンライズソア,ルーラーシップ
2023102725,ビッグアーサー,ディープインパクト
2023104280,クリエイター,トランセンド
2023102627,ディスクリートキャット,ディープインパクト
2023102374,ダンカーク,アグネスデジタル
2019102282,エスポワールシチー,フジキセキ
2021107071,ホークビル,ダイワメジャー
2022101528,トビーズコーナーToby',スマートファルコン
2022101822,フェノーメノ,スウェプトオーヴァーボード
2018102121,マツリダゴッホ,マイネルラヴ
2023104482,アジアエクスプレス,スマートファルコン
2023103102,モズアスコット,ディープインパクト
2023105580,アジアエクスプレス,ネオユニヴァース
2023102018,ヤマカツエース,サウスヴィグラス
2023100135,マインドユアビスケッツ,マクフィ
2023106697,イスラボニータ,キングヘイロー
2023104051,モーニン,ジャスタウェイ
2023100117,アメリカンペイトリオット,ドゥラメンテ
2023100528,アニマルキングダム,クロフネ
2023100476,ミスチヴィアスアレックス,ハーツクライ
2023103122,カレンブラックヒル,ルーラーシップ
2023101621,リコーソッピース,プリサイスエンド
2023104245,ウルトラカイザー,トワイニング
2023100385,アルアイン,Storm Cat
2023106783,ブラックタイド,ルーラーシップ
2023105441,パイロ,オペラハウス
2022106461,モーニン,スマートファルコン
2017109038,ウインバリアシオン,スキャターザゴールド
2023100874,ダンカーク,フィガロ
2023107031,リアルスティール,エンパイアメーカー
2023102772,マクフィ,トーセンジョーダン
2023101583,リオンディーズ,シニスターミニスター
2023104904,ロジャーバローズ,ロードカナロア
2023105621,アメリカンペイトリオット,ダイワメジャー
2023105440,モーニン,シニスターミニスター
2019100242,ヘニーヒューズ,Hard Spun
2021101329,ヘニーハウンド,フィガロ
2023100274,タワーオブロンドン,ストーミングホーム
2023100158,タイセイレジェンド,アグネスタキオン
2023109025,ホークビル,ヴァーミリアン
2023100327,セイウンコウセイ,アグネスタキオン
2023104244,エイシンフラッシュ,ヘクタープロテクター
2023105711,ストロングリターン,オルフェーヴル
2023104297,モーニン,スエヒロコマンダー
2021103482,レッドファルクス,ゼンノロブロイ
2021104890,ドゥラメンテ,Orpen
2020104024,ディスクリートキャット,ハーツクライ
2020106453,トゥザグローリー,アグネスタキオン
2023101930,ガルボ,フレンチデピュティ
2023105548,デクラレーションオブウォー,ベルシャザール
2023101288,サトノダイヤモンド,ハービンジャー
2023105202,ホッコータルマエ,ネオユニヴァース
2023100005,エスポワールシチー,ディープインパクト
2023104754,ミッキーアイル,キングカメハメハ
2023100388,ゴールドシップ,タイキシャトル
2023109047,アポロケンタッキー,ヤマニンセラフィム
2023106641,アルアイン,オルフェーヴル
2023100483,ゴールドドリーム,ロードカナロア
2023103183,ルヴァンスレーヴ,ブライアンズタイムBrian'
2023100705,アルアイン,メイショウサムソン
2023104006,アジアエクスプレス,ダンスインザダーク
2023105999,タニノフランケル,サムライハート
2023104637,カリフォルニアクローム,D'Wildcat
2023101212,レッドファルクス,ゴールドヘイロー
2021101340,インカンテーション,ネオユニヴァース
2018103223,アイルハヴアナザーI',ブライアンズタイムBrian'
2023102567,インディチャンプ,Kitten's Joy
2023105902,モーニン,ディープブリランテ
2023102723,モーニン,ダイワメジャー
2023107436,トビーズコーナーToby',エイシンサンディ
2023100255,ダンカーク,キャプテンスティーヴ
2023103969,エスポワールシチー,マーベラスサンデー
2023102860,サトノクラウン,サクラプレジデント
2023101777,ミッキーアイル,ルーラーシップ
2020110009,Justify,Deputy Minister
2019102948,シニスターミニスター,ダイワメジャー
2022107037,ヴァンセンヌ,キングカメハメハ
2022104529,ゴールドシップ,キングカメハメハ
2022106492,メイショウサムソン,カコイーシーズ
2022103917,ナカヤマフェスタ,ダンカーク
2022101283,クラウンレガーロ,ディープスカイ
2021101810,ゼンノロブロイ,メイショウサムソン
2022100769,ロジャーバローズ,Storm Cat
2018102253,ホッコータルマエ,サンデーサイレンス
2022105934,フリオーソ,カコイーシーズ
2022101187,ビッグアーサー,ダンカーク
2022104213,ニホンピロアワーズ,マンハッタンカフェ
2022102339,リアルスティール,Smoke Glacken
2022106588,アルアイン,クロフネ
2019101500,キングカメハメハ,ロサード
2020101416,レッドファルクス,スニッツェル
2019106339,ハーツクライ,Mineshaft
2022101089,ホッコータルマエ,ハーツクライ
2022100524,ルヴァンスレーヴ,クロフネ
2022100934,マクフィ,サクラプレジデント
2023105488,パイロ,ヨハネスブルグ
2023102975,パドトロワ,トビーズコーナーToby'
2023103825,マクフィ,ケープブランコ
2023103128,スズカコーズウェイ,スウェプトオーヴァーボード
2023105489,サトノダイヤモンド,グラスワンダー
2023101954,オーヴァルエース,キンシャサノキセキ
2023100570,パドトロワ,ダンスインザダーク
2023101514,ゴールドドリーム,ディスクリートキャット
2023104135,トウケイヘイロー,Red Ransom
2023101750,ワールドエース,ハービンジャー
2023107461,ホークビル,ローズキングダム
2022100984,ノーブルミッション,ダイワメジャー
2021107311,アルアイン,ノヴェリスト
2022106527,シゲルカガ,サウスヴィグラス
2023105978,フリオーソ,トビーズコーナーToby'
2022101556,サートゥルナーリア,クロフネ
2022106515,ビッグアーサー,スペシャルウィーク
2021103180,デクラレーションオブウォー,タニノギムレット
2021101302,ストロングリターン,ゼンノロブロイ
2019100887,ダノンレジェンド,ブラックタイド
2021101882,ルックスザットキル,メイショウボーラー
2023104817,デクラレーションオブウォー,アイルハヴアナザーI'
2021103782,オルフェーヴル,ティンバーカントリー
2021101599,サンダースノー,ハービンジャー
2020106191,バンブーエール,マーベラスサンデー
2023100594,ロールボヌール,フサイチリシャール
2023104896,ダノンプレミアム,Hard Spun
2020102237,ダノンレジェンド,スニッツェル
2021102660,ベストウォーリア,アドマイヤムーン
2022101524,ディスクリートキャット,スマートボーイ
2020106912,シニスターミニスター,フレンチデピュティ
2016102560,サウンドボルケーノ,アグネスタキオン
2023102280,ダンカーク,フレンチデピュティ
2022107304,ディーマジェスティ,アイルハヴアナザーI'
2023100412,ビッグアーサー,ウォーニング
2023106693,パドトロワ,サクラプレジデント
2021103477,ミッキーグローリー,コンデュイット
2022101804,ニシケンモノノフ,アグネスデジタル
2023105504,アジアエクスプレス,マンハッタンカフェ
2023103872,フォーウィールドライブ,ブラックタイド
2023105038,モーリス,ディープインパクト
2022107270,アメリカンペイトリオット,メジロマックイーン
2017101695,ベーカバド,ディープインパクト
2020101411,ホッコータルマエ,クロフネ
2021102970,ドゥラメンテ,ダイワメジャー
2022100379,ブラックタイド,カジノドライヴ
2021106374,モーニン,ステイゴールド
2021103594,シニスターミニスター,サウスヴィグラス
2021100040,エスポワールシチー,タバスコキャット
2021102607,ダイワメジャー,グラスワンダー
2021106976,ビッグアーサー,ハービンジャー
2021102849,シュヴァルグラン,エンパイアメーカー
2021101214,メジロダイボサツ,オルフェーヴル
2020101822,モンテロッソ,ストーミングホーム
2021107292,ゴールドアクター,ハーツクライ
2014109022,スクワートルスクワート,ジェネラス
2019103378,トゥザワールド,ホワイトマズル
2020101487,アンライバルド,ディクタット
2020104779,キタサンブラック,エアエミネム
2020100232,ルーラーシップ,ディープインパクト
2019103501,ドリームジャーニー,Rahy
2014105931,クロフネ,サンデーサイレンス
2021102345,コパノリッキー,フレンチデピュティ
2019100609,エイシンフラッシュ,スペシャルウィーク
2021101136,シュヴァルグラン,アドマイヤマックス
2020103096,エイシンフラッシュ,サンデーサイレンス
2021102394,サトノダイヤモンド,ヴィクトワールピサ
2020100439,リアルスティール,Galileo
2021102579,アドミラブル,ホワイトマズル
2021100373,ワールドエース,Candy Ride
2015104369,シンボリクリスエス,アグネスタキオン
2021102171,ダノンシャーク,キングカメハメハ
2018100100,ワールドエース,フォーティナイナー
2020103110,ノヴェリスト,ディープインパクト
2021107221,ミッキーロケット,ステイゴールド
2021102407,ワールドエース,キングズベストKing'
2021106142,ワールドエース,ハーツクライ
2021102446,フェノーメノ,ティンバーカントリー
2021106709,モーニン,タイムパラドックス
2020101804,アメリカンペイトリオット,ステイゴールド
2020105711,レッドファルクス,Street Cry
2021100237,エピファネイア,ネオユニヴァース
2020104369,モンテロッソ,タニノギムレット
2020101889,ダイワメジャー,Scipion
2019101857,アドマイヤムーン,ビワタケヒデ
2019102230,ヴィクトワールピサ,チーフベアハート
2021105991,リアルインパクト,Danehill Dancer
2017101900,ロージズインメイ,ブラックタイド
2021103904,ロジャーバローズ,ドリームジャーニー
2021106239,スマートファルコン,ストラヴィンスキー
2021101656,ホークビル,アドマイヤムーン
2020105999,ローレルゲレイロ,スペシャルウィーク
2019105739,イスラボニータ,グラスワンダー
2020102987,ロゴタイプ,Awesome Again
2021107188,ダイワメジャー,キングカメハメハ
2021104262,シャンハイボビー,クロフネ
2021100431,ディーマジェスティ,アグネスタキオン
2021100399,リオンディーズ,ディープインパクト
2020106125,スピルバーグ,トワイニング
2021103690,サトノクラウン,ディープインパクト
2019100112,イスラボニータ,シンボリクリスエス
2020103071,トーセンラー,シンボリクリスエス
2021105822,ブリックスアンドモルタル,ハービンジャー
2021106029,イスラボニータ,シンボリクリスエス
2020101726,ドレフォン,マーベラスサンデー
2020101837,キズナ,タニノギムレット
2020102697,ハービンジャー,ディープインパクト
2021101110,エピカリス,モンテロッソ
2020101602,グレーターロンドン,ロックオブジブラルタル
2019103544,スマートファルコン,マンハッタンカフェ
2019104615,キタサンブラック,Monsun
2019100338,トゥザワールド,サクラローレル
2020105885,ミッキーロケット,ブラックタイド
2017100377,ディープインパクト,Storm Cat
2021100817,ダノンバラード,エンパイアメーカー
2019103627,サトノアラジン,Alhaarth
2021106170,ニシケンモノノフ,ブラックタイド
2020100721,ドリームバレンチノ,ダイワメジャー
2016101499,アッミラーレ,マヤノトップガン
2013105948,ゼンノロブロイ,Souvenir Copy
2019105747,ネオユニヴァース,フレンチデピュティ
2019105998,ドゥラメンテ,シンボリクリスエス
2019103916,シニスターミニスター,アグネスタキオン
2020103930,サトノクラウン,キングカメハメハ
2021110066,Mitole,Speightstown
2021105060,ダイワメジャー,ジャングルポケット
2019101644,ザファクター,キングカメハメハ
2021104516,ディスクリートキャット,アドマイヤマックス
2020102354,ダイワメジャー,クロフネ
2018101533,サウスヴィグラス,ゼンノロブロイ
2020104214,ロゴタイプ,タイキシャトル
2019103880,アドマイヤムーン,ワイルドラッシュ
2015100008,ショウナンカンプ,ネオユニヴァース
2018104454,サウスヴィグラス,オペラハウス
2020100881,ラブリーデイ,サクラバクシンオー
2021103516,ビーチパトロール,ダイワメジャー
2017104766,ハービンジャー,ネオユニヴァース
2018106913,ネオユニヴァース,ブライアンズタイムBrian'
2017106365,カレンブラックヒル,Forest Wildcat
2016102390,メイショウボーラー,ゴールドアリュール
2019102272,シルバーステート,キングカメハメハ
2018103417,エピファネイア,キングカメハメハ
2019100928,シニスターミニスター,ダイワメジャー
2020104283,ヴィクトワールピサ,タートルボウル
2017103209,エスポワールシチー,キングカメハメハ
2021102197,アジアエクスプレス,ディープインパクト
2021106060,スノードラゴン,トーセンジョーダン
2020104903,ジョーカプチーノ,ゴールドアリュール
2019103130,マクフィ,マンハッタンカフェ
2020101564,ハーツクライ,Storm Cat
2021101244,ビーチパトロール,アドマイヤムーン
2016106136,バトルプラン,デュランダル
2021106044,ベストウォーリア,ムーンバラッド
2020100091,グランプリボス,フォーティナイナーズサン
2018106769,トーセンラー,タヤスツヨシ
2017101445,ロージズインメイ,スペシャルウィーク
2018104091,マクフィ,ジャングルポケット
2017101373,キズナ,キンググローリアス
2018102011,ディープブリランテ,ホワイトマズル
2020102305,ディスクリートキャット,シニスターミニスター
2016101308,ヘニーヒューズ,フジキセキ
2021102204,オルフェーヴル,アドマイヤムーン
2021104034,マクフィ,トワイニング
2018104673,スピルバーグ,Anabaa
2015101063,ヴァーミリアン,ブライアンズタイムBrian'
2020105918,ベストウォーリア,スペシャルウィーク
2023101696,エポカドーロ,ディープインパクト
2023104687,カレンブラックヒル,カンパニー
2023103204,タニノフランケル,ロードカナロア
2023104452,サトノアラジン,ヴィクトワールピサ
2023101220,カレンブラックヒル,ロージズインメイ
2018102127,ゴールドシップ,ダンカーク
2021100669,アニマルキングダム,アドマイヤムーン
2021101726,デクラレーションオブウォー,ヴィクトワールピサ
2015105958,エイシンフラッシュ,アドマイヤムーン
2019100418,ベーカバド,フォーティナイナー
2020105713,ディスクリートキャット,サマーバード
2020101589,ベルシャザール,Hold That Tiger
2016103544,ルーラーシップ,Rockport Harbor
2021101717,ブラックタイド,キングカメハメハ
2019103140,フェノーメノ,エンパイアメーカー
2017100438,ロージズインメイ,アグネスタキオン
2021103698,スピルバーグ,ワイルドラッシュ
2020105751,ダノンバラード,ダンカーク
2019105015,アメリカンペイトリオット,アポインテッドデイ
2020101686,レッドファルクス,Grand Lodge
2019105961,ドレフォン,ディープインパクト
2018104697,トーセンラー,Rip Van Winkle
2017105616,ディープインパクト,Sadler's Wells
2020100567,レガーロ,ゼンノロブロイ
2021106791,ジャングルポケット,サンデーサイレンス
2020104624,コパノリチャード,タイキシャトル
2021107213,アメリカンペイトリオット,クロフネ
2020102943,トーセンラー,Highest Honor
2020104918,サトノクラウン,スペシャルウィーク
2021101148,バゴ,ステイゴールド
2019106144,クリエイター,フジキセキ
2020102246,ミッキーロケット,ブラックタイド
2020100197,アグニシャイン,ディープインパクト
2021102298,テイエムジンソク,Stormy Atlantic
2019106778,ディスクリートキャット,ブラックタイド
2020102572,ビッグアーサー,ダンスインザダーク
2021106850,ワールドエース,Rock Hard Ten
2021104113,ワールドエース,ワイルドラッシュ
2021107035,パドトロワ,ブライアンズタイムBrian'
2018102154,ゴールドシップ,キングカメハメハ
2022106144,タイセイレジェンド,シンボリクリスエス
2022106929,Pinatubo,Sea The StarsSea the Stars
2022103885,ユアーズトゥルーリ,ベーカバド
2022100446,ビッグアーサー,ゼンノロブロイ
2022101168,タリスマニック,パイロ
2022100551,ミッキーグローリー,シンボリクリスエス
2022103942,レガルスイ,サムライハート
2022107310,タワーオブロンドン,クロフネ
2022103297,シニスターミニスター,キングカメハメハ
2022102436,レイデオロ,タートルボウル
2022103937,エピカリス,ルースリンド
2022107189,モーニン,ハーツクライ
2021104847,ジャスタウェイ,ノヴェリスト
2017103500,ダイワメジャー,フレンチデピュティ
2014101961,バトルプラン,アグネスデジタル
2019105735,マツリダゴッホ,Medicean
2019100448,エスポワールシチー,キングカメハメハ
2019100023,サンカルロ,トワイニング
2021104089,トゥザワールド,デヒア
2019103200,モーリス,コマンズ
2020102235,リアルスティール,クロフネ
2019103340,バトルプラン,クロフネ
2021107128,ディスクリートキャット,マイネルラヴ
2020103895,ビーチパトロール,キングカメハメハ
2018105530,ルーラーシップ,スペシャルウィーク
2020104994,スピルバーグ,トワイニング
2020105912,パドトロワ,ダンスインザダーク
2019105864,ミッキーアイル,キングカメハメハ
2014100620,サウスヴィグラス,アグネスタキオン
2021103941,トーセンラー,デインヒル
2017102569,タニノギムレット,コマンズ
2019105279,Shalaa,Pour Moi
2021104327,パイロ,スペシャルウィーク
2019101865,エピファネイア,Raven's Pass
2021103380,ダノンレジェンド,ゴールドアリュール
2021101806,サトノアレス,ロージズインメイ
2021104946,ロゴタイプ,エンパイアメーカー
2019106046,ザファクター,アドマイヤムーン
2018104723,ダイワメジャー,Storm Cat
2017103417,フリオーソ,ディアブロ
2020101723,ビッグアーサー,タニノギムレット
2014104970,シンボリクリスエス,ネオユニヴァース
2019109147,エーシンシャラク,アドマイヤコジーン
2017102114,マツリダゴッホ,クロフネ
2019104287,ベルシャザール,タイキシャトル
2019101562,ベーカバド,ディクタット
2020101164,ナムラタイタン,タイムパラドックス
2015105450,マンハッタンカフェ,Gilded Time
2021103694,ロジャーバローズ,スキャターザゴールド
2021106255,コパノリッキー,オグリキャップ
2017103475,スズカコーズウェイ,サンデーサイレンス
2017100328,オンファイア,ワイルドラッシュ
2018104569,ディープインパクト,Smart Strike
2021101969,サトノクラウン,アドマイヤムーン
2017103502,ヴィットリオドーロ,アグネスタキオン
2018106554,ノヴェリスト,フレンチデピュティ
2021100995,アジアエクスプレス,フジキセキ
2020104110,フリオーソ,サンデーサイレンス
2019105744,ネオユニヴァース,Maria's Mon
2016104273,ロージズインメイ,サンデーサイレンス
2019106340,ホッコータルマエ,ワイルドラッシュ
2017106500,ネオユニヴァース,Kingmambo
2022110145,Daaher,Tiznow
2022102680,トランセンド,シンボリクリスエス
2022106407,モーニン,キングカメハメハ
2022100874,レーヴミストラル,カンパニー
2022103791,ヘンリーバローズ,Dubawi
2022106381,ルーラーシップ,フレンチデピュティ
2022106601,レッドファルクス,ワイルドラッシュ
2022106104,エイシンフラッシュ,キャプテンスティーヴ
2021107327,ベーカバド,アグネスデジタル
2016101826,ディープブリランテ,フレンチデピュティ
2019105758,ショウナンカンプ,キングカメハメハ
2018102151,ゴールドシップ,アドマイヤマックス
2020100119,ドリームジャーニー,ゴールドアリュール
2020107105,マインドユアビスケッツ,マンハッタンカフェ
2021102120,ディーマジェスティ,キングズベストKing'
2019101772,アポロソニック,Fast Gold
2021106161,ジャスタウェイ,キングカメハメハ
2021101498,リーチザクラウン,エイシンフラッシュ
2020104094,ワンアンドオンリー,ウォーニング
2020100966,シゲルカガ,ファスリエフ
2020102035,カレンブラックヒル,マヤノトップガン
2016103986,キャプテントゥーレ,キングカメハメハ
2021106153,バゴ,クロフネ
2020104815,トゥザグローリー,ブライアンズタイムBrian'
2021103359,ドリームバレンチノ,クロフネ
2020104295,ベストウォーリア,ブライアンズタイムBrian'
2020104241,ブラックタイド,エンドスウィープ
2020103609,キンシャサノキセキ,Kingmambo
2019105880,ラニ,サウスヴィグラス
2018101202,ディスクリートキャット,タイキシャトル
2018102836,タニノギムレット,ゴールドアリュール
2021102924,マジェスティックウォリアー,マンハッタンカフェ
2018102142,ゴールドシップ,スターオブコジーン
2021100488,ブラックタイド,キングカメハメハ
2017102482,ローエングリン,キングヘイロー
2018100405,リオンディーズ,アドマイヤベガ
2018102339,ヴァンセンヌ,エブロス
2017103529,ワールドエース,タヤスツヨシ
2021100386,モーニン,ハービンジャー
2021101766,ドレフォン,ヘニーヒューズ
2018102799,サウスヴィグラス,ゼンノロブロイ
2019103223,トランセンド,キングカメハメハ
2021104956,ロゴタイプ,Morning Line
2021100696,ファインニードル,マーベラスサンデー
2019106927,ハービンジャー,ディープインパクト
2021100967,レッドファルクス,シンボリクリスエス
2021101474,サトノアラジン,Redoute's Choice
2021102514,メイショウボーラー,キングヘイロー
2020104167,ダノンシャーク,ハービンジャー
2020101038,ディープブリランテ,ハービンジャー
2020101932,ストロングリターン,ゴールドヘイロー
2017106207,ゼンノロブロイ,バゴ
2021100323,ベストウォーリア,ハーツクライ
2018103609,ハーツクライ,フォーティナイナーズサン
2017100640,シビルウォー,フジキセキ
2020102778,オルフェーヴル,ルーラーシップ
2018101084,シンボリクリスエス,ハーツクライ
2021100501,イスラボニータ,ロージズインメイ
2021102226,シュヴァルグラン,エイシンフラッシュ
2021104033,サトノダイヤモンド,Invincible Spirit
2020101166,バゴ,キングカメハメハ
2020101705,バゴ,サンデーサイレンス
2019107013,トゥザワールド,アドマイヤムーン
2022104543,ディスクリートキャット,Denman
2022106145,ギンザグリングラス,サムライハート
2022102771,マジェスティックウォリアー,ダイワメジャー
2022101246,ダンカーク,ルールオブロー
2022102192,コパノリチャード,ノヴェリスト
2022101419,サトノアラジン,Bernardini
2022105674,マクマホン,Put It Back
2022107176,ストロングリターン,ホワイトマズル
2022107211,タワーオブロンドン,キングカメハメハ
2022106027,ベストウォーリア,シニスターミニスター
2022106500,レインボーライン,グラスワンダー
2022103385,アメリカンペイトリオット,メジロライアン
2022101855,アスカクリチャン,パドトロワ
2022101513,タリスマニック,パイロ
2022106280,アポロケンタッキー,スターリングローズ
2022102160,サトノアラジン,ロードカナロア
2022103094,ダノンシャーク,オジジアン
2022106928,エピカリス,フジキセキ
2022100728,フォーウィールドライブ,フジキセキ
2022106524,アポロケンタッキー,ルールオブロー
2017106576,キズナ,Tiznow
2018102013,エピファネイア,アグネスデジタル
2020100222,ガルボ,チチカステナンゴ
2021102237,デクラレーションオブウォー,キングカメハメハ
2019103041,ディーマジェスティ,Kingmambo
2019105820,ロゴタイプ,ディープインパクト
2020101672,グランデッツァ,カジノドライヴ
2021100645,ハービンジャー,ディープインパクト
2020105212,ゴールドアクター,アグネスデジタル
2018106126,メイショウボーラー,オレハマッテルゼ
2016103493,トーセンラー,テイエムオペラオー
2015100859,キンシャサノキセキ,アグネスワールド
2021103103,ダンカーク,ヴィクトワールピサ
2015102611,パイロ,ジャングルポケット
2019102424,ジャングルポケット,フジキセキ
2018104891,ノヴェリスト,ディープインパクト
2019102974,エスポワールシチー,ヘニーヒューズ
2020105300,トゥザワールド,Grand Slam
2019104285,ハタノヴァンクール,カリズマティック
2020104296,フリオーソ,ゴールドアリュール
2018100845,ノボジャック,フォーティナイナーズサン
2021101364,フリオーソ,キングカメハメハ
2019104940,エイシンフラッシュ,サンデーサイレンス
2021100949,アメリカンペイトリオット,ダイワメジャー
2021109021,アルデバラン,ダンスインザダーク
2016101601,ダンカーク,アグネスタキオン
2015103555,クロフネ,アドマイヤコジーン
2019102827,ザファクター,サンデーサイレンス
2020100580,マインドユアビスケッツ,ゼンノロブロイ
2019101912,ディープブリランテ,アドマイヤムーン
2019106786,ミッキーアイル,ハーツクライ
2020105200,スピルバーグ,エアジハード
2019103778,ザファクター,Mutakddim
2021106249,カリフォルニアクローム,Distorted Humor
2017103982,ダイワメジャー,ヘネシー
2020102604,ミッキーアイル,Bernardini
2021102705,ハービンジャー,ダンスインザダーク
2019100265,ロージズインメイ,メジロブライト
2021103001,リアルスティール,キンシャサノキセキ
2020107059,アポロキングダム,サクラプレジデント
2019109042,トーセンラー,オペラハウス
2018104116,キズナ,ブライアンズタイムBrian'
2019100527,ベーカバド,サンデーサイレンス
2020101423,ベストウォーリア,ダンツシアトル
2019102796,アーネストリー,ハイアーゲーム
2020106203,マクフィ,オレハマッテルゼ
2020102283,トゥザワールド,エアジハード
2015102800,ヨハネスブルグ,エルコンドルパサー
2021106185,トゥザワールド,ダンスインザダーク
2021103514,ビーチパトロール,ヴィクトワールピサ
2017101447,アイルハヴアナザーI',ジェニュイン
2021106208,マインドユアビスケッツ,フジキセキ
2019103934,フリオーソ,カリズマティック
2021107046,トビーズコーナーToby',ダイワメジャー
2020103905,ビーチパトロール,Danehill Dancer
2021103511,ダノンバラード,エアジハード
2021101629,タリスマニック,ハーツクライ
2022106919,マツリダゴッホ,クロコルージュ
2022107385,リアルインパクト,ダンカーク
2022106308,ベストウォーリア,ディープインパクト
2022109008,ウインバリアシオン,シンボリクリスエス
2022101843,ニシケンモノノフ,ハーツクライ
2022101720,レイデオロ,ゼンノロブロイ
2022100921,シュヴァルグラン,ロードカナロア
2022107292,リオンディーズ,Street Boss
2022106080,パドトロワ,ステイゴールド
2022103317,ストーミーシー,スペシャルウィーク
2022104356,ナダル,クロフネ
2022106081,ミスターメロディ,ダノンシャンティ
2022102606,サトノアラジン,Camelot
2022103532,ノヴェリスト,ヴィクトワールピサ
2022109003,ケープブランコ,カジノドライヴ
2022100256,バゴ,クロフネ
2022100273,ビッグアーサー,Any Given Saturday
2022105747,アメリカンペイトリオット,エンパイアメーカー
2022102059,ジャスタウェイ,ヴァーミリアン
2022104291,カリフォルニアクローム,ディープインパクト
2022103936,ベストウォーリア,ダンシングカラー
2022101533,ルヴァンスレーヴ,Mr. Greeley
2022106033,ベストウォーリア,カジノドライヴ
2022103523,ミッキーグローリー,High Yield
2022100506,ミスターメロディ,サンデーサイレンス
2022101345,エイシンフラッシュ,ヘクタープロテクター
2022102150,ディーマジェスティ,エアジハード
2022104266,シャンハイボビー,マーベラスサンデー
2022101334,ベルシャザール,ホワイトマズル
2022106863,ミッキーロケット,ジャングルポケット
2022102125,グランプリボス,Bernardini
2022106286,カレンブラックヒル,スターリングローズ
2022109040,ケープブランコ,ヨハネスブルグ
2021104066,シルバーステート,ファンタスティックライト
2020100077,ノヴェリスト,ディープインパクト
2019101463,アドマイヤムーン,タイキシャトル
2021106076,ファインニードル,エンパイアメーカー
2020103976,ビッグアーサー,メジロベイリー
2021100467,インカンテーション,マイネルラヴ
2021106852,ビーチパトロール,キングヘイロー
2020110049,Harry Angel,Montjeu
2020105571,リオンディーズ,シンボリクリスエス
2021100607,シゲルカガ,シンボリクリスエス
2020101480,サトノダイヤモンド,アドマイヤムーン
2020100763,アドマイヤムーン,サウスヴィグラス
2016101512,エスポワールシチー,Storm Bird
2021106488,マツリダゴッホ,メジロマックイーン
2021100775,レイデオロ,フサイチコンコルド
2014106008,キンシャサノキセキ,トニービン
2017105759,メイショウボーラー,カリズマティック
2020101133,ニシケンモノノフ,ディアブロ
2015109143,パイロ,アグネスワールド
2021100230,デクラレーションオブウォー,フジキセキ
2020109043,ディーマジェスティ,スピニングワールド
2017104589,スマートファルコン,マイネルラヴ
2020102712,レッドファルクス,ラムタラ
2016105631,ディープブリランテ,More Than Ready
2021106040,カレンブラックヒル,ディープスカイ
2021107289,シルバーステート,ロードカナロア
2021105861,キタサンブラック,マクフィ
2020104409,ヘニーヒューズ,ハービンジャー
2021104057,サクラオリオン,サクラプレジデント
2021105732,トーセンラー,クロフネ
2020106664,ロードカナロア,ラムタラ
2021102704,ドゥラメンテ,ハービンジャー
2018106775,エスケンデレヤ,ステイゴールド
2020103185,サトノクラウン,フジキセキ
2021103979,キンシャサノキセキ,Milt's Overture
2020102489,ジャスタウェイ,アドマイヤコジーン
2020105926,ドレフォン,バブルガムフェロー
2019106675,ロードカナロア,ハーツクライ
2019105888,エスポワールシチー,Singspiel
2015100799,ロードカナロア,Fusaichi Pegasus
2020102553,ハーツクライ,Vespone
2014101808,アグネスデジタル,ダンスインザダーク
2021100801,カリフォルニアクローム,マンハッタンカフェ
2021100876,ダノンレジェンド,シニスターミニスター
2020105910,ディスクリートキャット,アドマイヤオーラ
2019100244,エスポワールシチー,Storm Cat
2018104064,サウスヴィグラス,シンボリクリスエス
2019106513,コパノリッキー,ハーツクライ
2019102884,ミッキーアイル,A.P. Indy
2020106479,カレンブラックヒル,Giant's Causeway
2021102202,カレンブラックヒル,アグネスタキオン
2021101365,シュヴァルグラン,サクラバクシンオー
2019100890,ストロングリターン,アグネスデジタル
2020106273,アメリカンペイトリオット,ワイルドラッシュ
2018104083,クリーンエコロジー,アフリート
2019100595,ディープブリランテ,フレンチデピュティ
2020104071,レッドファルクス,メイショウボーラー
2015104496,ロードカナロア,サンデーサイレンス
2020104871,パドトロワ,タイキシャトル
2020101246,ロゴタイプ,ネオユニヴァース
2018105283,ヴィクトワールピサ,アルデバラン
2019106828,アドマイヤムーン,サクラバクシンオー
2017102926,ノボジャック,ゴールドアリュール
2020104345,モーリス,ゼンノロブロイ
2021104350,ビーチパトロール,スマートファルコン
2016100629,サウスヴィグラス,タイキシャトル
2020104238,セレスハント,ディープブリランテ
2018100647,ディープブリランテ,アドマイヤムーン
2019106132,アジアエクスプレス,ハーツクライ
2021104130,ビッグアーサー,ジャングルポケット
2021103873,トランセンド,ベーカバド
2021105090,ニューイヤーズデイ,ハーツクライ
2020104362,メイショウボーラー,キングカメハメハ
2020104366,ビッグアーサー,クロフネ
2021101295,スズカコーズウェイ,ゼンノロブロイ
2020106277,エイシンヒカリ,Street Cry
2020100150,ロードカナロア,Galileo
2019103930,トビーズコーナーToby',タイキシャトル
2018101639,ダノンシャンティ,ロージズインメイ
2020104209,ビッグアーサー,シンボリクリスエス
2021101783,ヤマカツエース,デュランダル
2021102564,メイショウボーラー,ブラックタイド
2021102126,ホークビル,フサイチリシャール
2021105952,ルーラーシップ,ステイゴールド
2021110032,Iffraaj,Dubawi
2018100635,ドゥラメンテ,ディープインパクト
2020104200,レーヴミストラル,マーベラスサンデー
2021107375,モーニン,グラスワンダー
2020103654,スクリーンヒーロー,Dubawi
2018110061,Kitten's Joy,サンダーガルチ
2018103228,ダノンレジェンド,ダンスインザダーク
2020106324,マジェスティックウォリアー,マーベラスサンデー
2021103781,ワールドエース,ダイワメジャー
2021104132,エピファネイア,ハーツクライ
2020100717,ダノンレジェンド,ワークフォース
2019105992,シニスターミニスター,アサティス
2019105762,ヴァンセンヌ,Nureyev
2019106566,エスケンデレヤ,コンデュイット
2012103651,マツリダゴッホ,Langfuhr
2020100029,ホッコータルマエ,ワイルドラッシュ
2019102681,グランプリボス,ヴァーミリアン
2018100434,オルフェーヴル,クロフネ
2021107133,アドマイヤムーン,ストラヴィンスキー
2019110077,Kingman,Smart Strike
2021104509,レイデオロ,ハーツクライ
2021103448,ゴールデンマンデラ,ヘニーヒューズ
2017106481,エイシンアポロン,Elusive Quality
2019100121,ラブリーデイ,スペシャルウィーク
2019104331,ルーラーシップ,ゼンノロブロイ
2020101188,リアルインパクト,アドマイヤベガ
2018105743,アドマイヤムーン,ゴールドアリュール
2018103080,ドゥラメンテ,ダンスインザダーク
2019106847,ラニ,クロフネ
2021104198,ルーラーシップ,アグネスタキオン
2020105258,スマートファルコン,マヤノトップガン
2021101874,フリオーソ,サウスヴィグラス
2018101374,スピルバーグ,キングカメハメハ
2019104803,ロゴタイプ,アグネスタキオン
2016101282,オウケンブルースリ,ロイヤルスキー
2017101954,ゴールドシップ,マイネルラヴ
2020106820,サトノアラジン,モンテロッソ
2020100936,ロージズインメイ,シンボリクリスエス
2019105327,ドレフォン,ネオユニヴァース
2016100738,アイルハヴアナザーI',アグネスタキオン
2016105467,ジャングルポケット,ステイゴールド
2021101673,ファインニードル,Red Ransom
2020100540,ジャングルポケット,ダンスインザダーク
2021103596,クリエイター,マンハッタンカフェ
2015103228,ヘニーヒューズ,スペシャルウィーク
2021103011,デクラレーションオブウォー,ディープインパクト
2019105797,トーセンジョーダン,スペシャルウィーク
2020106970,マジェスティックウォリアー,ゴールドアリュール
2018102124,アイルハヴアナザーI',ネオユニヴァース
2018106493,ダンカーク,タイキシャトル
2021101809,ベストウォーリア,クロフネ
2019100754,ラブリーデイ,サンデーサイレンス
2020101197,ダノンレジェンド,シンボリクリスエス
2021105198,ブラックタイド,フレンチデピュティ
2018105843,アジアエクスプレス,ダンスインザダーク
2021101592,レインボーライン,Kodiac
2021104843,ロゴタイプ,Kitten's Joy
2019103476,パイロ,クロフネ
2019106523,バトルプラン,ネオユニヴァース
2019110023,Postponed,Holy Roman Emperor
2018105437,ゴールドシップ,Outflanker
2019106250,エスケンデレヤ,トワイニング
2016106582,エイシンフラッシュ,キングカメハメハ
2021102702,サンダースノー,アドマイヤムーン
2020103362,マインドユアビスケッツ,サンデーサイレンス
2021106702,サンダースノー,スペシャルウィーク
2018102019,リオンディーズ,シンボリクリスエス
2017101896,Hard Spun,Shamardal
2018104527,パイロ,アグネスタキオン
2020100379,ミッキーロケット,フジキセキ
2020101817,アメリカンペイトリオット,ストーミングホーム
2021103591,リアルインパクト,Bluegrass Cat
2017104667,ダイワメジャー,エンパイアメーカー
2017106611,パイロ,ディープスカイ
2018104117,キングカメハメハ,クロフネ
2018100116,ストロングリターン,サンデーサイレンス
2018104579,ハービンジャー,ハーツクライ
2017106371,サウスヴィグラス,ネオユニヴァース
2020101873,ブラックタイド,キングカメハメハ
2018106790,ワールドエース,キングカメハメハ
2019101805,ロージズインメイ,アブクマポーロ
2019104439,ヴァンキッシュラン,シンボリクリスエス
2023104189,ミスチヴィアスアレックス,キングカメハメハ
2023102270,ミスチヴィアスアレックス,フリオーソ
2023104794,ビッグアーサー,ハーツクライ
2023103202,フォーウィールドライブ,スズカマンボ
2023101027,アポロケンタッキー,タイムパラドックス
2023105099,ダンカーク,バゴ
2023104246,カレンブラックヒル,スマートファルコン
2023101385,タワーオブロンドン,ヴィクトワールピサ
2023104710,エスポワールシチー,キングカメハメハ
2023106366,レッドファルクス,キングカメハメハ
2023103008,ミッキーロケット,ミラクルアドマイヤ
2017101852,マジェスティックウォリアー,アグネスデジタル
2019100895,カレンブラックヒル,マリエンバード
2021104338,ロージズインメイ,アグネスタキオン
2021102996,エピファネイア,ステイゴールド
2017106522,フェノーメノ,Malibu Moon
2017101152,ヨハネスブルグ,サンデーサイレンス
2019106515,キズナ,Harlan's Holiday
2021104522,ビッグアーサー,ゼンノロブロイ
2014100638,タイムパラドックス,マンハッタンカフェ
2022106272,コパノリチャード,ティンバーカントリー
2022100794,レインボーライン,A.P. Indy
2022103670,ベストウォーリア,アドマイヤムーン
2022101516,グレーターロンドン,キョウワアリシバ
2022100286,モンテロッソ,ダンスインザダーク
2022100291,ダンカーク,ディープインパクト
2019106791,ベルシャザール,ブライアンズタイムBrian'
2020100901,ビッグアーサー,マンハッタンカフェ
2017103817,キンシャサノキセキ,シンボリクリスエス
2020105592,タリスマニック,スウィフトカレント
2019106411,ハービンジャー,ブライアンズタイムBrian'
2019100586,アドマイヤムーン,ジャングルポケット
2020106940,メイショウサムソン,サクラバクシンオー
2020106432,ケープブランコ,バゴ
2021106114,ネロ,グラスワンダー
2018101752,トゥザワールド,カルストンライトオ
2021103652,ブリックスアンドモルタル,Sea The StarsSea the Stars
2021100269,アニマルキングダム,キンシャサノキセキ
2019106283,コパノリチャード,サクラローレル
2019105823,マジェスティックウォリアー,フジキセキ
2018102701,トーセンラー,オペラハウス
2019103986,ゴールドシップ,チチカステナンゴ
2022102817,ダノンレジェンド,Giant's Causeway
2022103918,サトノアラジン,ハービンジャー
2022105673,マクマホン,Casamento
2022100989,トビーズコーナーToby',ヨハネスブルグ
2022103383,タワーオブロンドン,ヴィクトワールピサ
2022106860,アジアエクスプレス,スペシャルウィーク
2019101361,ラニ,ジャングルポケット
2020104142,ヴィットリオドーロ,スマートボーイ
2019105991,マジェスティックウォリアー,スズカマンボ
2021101272,ニシケンモノノフ,リンドシェーバー
2021109039,リアルインパクト,タニノギムレット
2016100161,エスポワールシチー,トワイニング
2020104402,コパノリッキー,Shamardal
2017103286,マツリダゴッホ,アグネスデジタル
2014102848,ブラックタキシード,ワレンダー
2020106992,ホッコータルマエ,キングヘイロー
2019102698,バトルプラン,ダンスインザダーク
2019103797,シニスターミニスター,シンボリクリスエス
2018103953,トランセンド,タニノギムレット
2019102811,ダンカーク,フォーティナイナーズサン
2021105544,モーリス,キングカメハメハ
2019100081,ヘニーヒューズ,クロフネ
2020109002,エイシンヒカリ,サウスヴィグラス
2015100435,ベーカバド,ダンスインザダーク
2020100092,トゥザワールド,プリサイスエンド
2018104415,ジョーカプチーノ,アグネスデジタル
2019103098,ジョーカプチーノ,アフリート
2019101484,ヘニーヒューズ,エンパイアメーカー
2022105896,ブラックタイド,クロフネ
2022106059,ワールドエース,ナカヤマフェスタ
2022101689,サンダースノー,Dubawi
2022101138,アルアイン,Mizzen Mast
2022106727,アメリカンペイトリオット,キングカメハメハ
2022106303,スマートオーディン,クロフネ
2021103296,ホッコータルマエ,サクラバクシンオー
2020104368,トビーズコーナーToby',ハービンジャー
2018106707,アイルハヴアナザーI',アグネスタキオン
2020109029,ゴールドアクター,ダンスインザダーク
2017103302,アイルハヴアナザーI',ステイゴールド
2019103314,タイセイレジェンド,ステイゴールド
2019100720,エスポワールシチー,グラスワンダー
2017102704,シニスターミニスター,カリズマティック
2019106683,エピファネイア,ディープインパクト
2021104926,ルーラーシップ,ゼンノロブロイ
2021100568,ホッコータルマエ,ロックオブジブラルタル
2022107205,アメリカンペイトリオット,サンデーサイレンス
2022109019,アメリカンペイトリオット,Barathea
2022104467,ディープブリランテ,ソングオブウインド
2020105245,ヘニーヒューズ,ロージズインメイ
2017103646,トビーズコーナーToby',アドマイヤジャパン
2020101021,コパノリッキー,ワイルドラッシュ
2020105943,ダノンバラード,キングカメハメハ
2020100109,ゴールドシップ,クロフネ
2021106082,ディスクリートキャット,シンボリクリスエス
2020102119,デクラレーションオブウォー,ダイワメジャー
2021106879,ゴールドアクター,スターリングローズ
2019104533,ドレフォン,ハーツクライ
2021107032,ゴールデンバローズ,スウィフトカレント
2020101614,ラブリーデイ,ブライアンズタイムBrian'
2019110040,New Approach,パイロ
2019104437,ディープインパクト,Heatseeker
2017109066,ベルシャザール,アドマイヤコジーン
2017103518,スズカコーズウェイ,アサティス
2014100629,カジノドライヴ,スペシャルウィーク
2015105502,シニスターミニスター,ダンスインザダーク
2020104964,エスポワールシチー,ストリートセンス
2019101045,ホッコータルマエ,メイショウサムソン
2019104181,トゥザグローリー,ヴィクトワールピサ
2022102786,ノーブルミッション,アドマイヤマックス
2022106864,エピカリス,アドマイヤムーン
2022101788,ゴールドドリーム,アグネスデジタル
2020103817,カルストンライトオ,ステイゴールド
2017101348,ゴールドアリュール,トワイニング
2020110094,Speightstown,Quiet American
2019104460,オルフェーヴル,サザンヘイロー
2020105160,ジャングルポケット,ステイゴールド
2019106932,ドゥラメンテ,Medaglia d'Oro
2015106513,モンテロッソ,タヤスツヨシ
2020103036,Into Mischief,Indian Charlie
2017106568,エピファネイア,Dansili
2020104869,ヤマカツエース,アグネスデジタル
2018109046,ディープブリランテ,フレンチデピュティ
2017100277,パイロ,Theatrical
2016100212,ヘニーヒューズ,ハーツクライ
2017105279,ヘニーヒューズ,キングカメハメハ
2021106429,ベストウォーリア,ファスリエフ
2020104124,ハービンジャー,ディープインパクト
2020106796,リアルスティール,ジャングルポケット
2019105665,スピルバーグ,ヘクタープロテクター
2019105131,モーリス,ハービンジャー
2021100580,エスケンデレヤ,ヴィクトワールピサ
2019103939,リアルインパクト,ジャングルポケット
2021102109,ドレフォン,アルカセット
2020104476,アジアエクスプレス,マンハッタンカフェ
2018104917,ハービンジャー,ディープインパクト
2018106686,トゥザグローリー,オレハマッテルゼ
2021109071,アルアイン,キングカメハメハ
2019101208,フェノーメノ,ティンバーカントリー
2020104693,グランデッツァ,ショウナンカンプ
2019106139,マジェスティックウォリアー,コマンダーインチーフ
2019105960,ダノンレジェンド,ゴールドアリュール
2017100288,シニスターミニスター,スターオブコジーン
2023103989,カレンブラックヒル,エイシンフラッシュ
2023107470,タリスマニック,オルフェーヴル
2023101093,ブルドッグボス,ルーラーシップ
2023101788,ヘンリーバローズ,キングカメハメハ
2023103670,リアルスティール,マヤノトップガン
2023109153,タリスマニック,サンカルロ
2023103966,ミッキーグローリー,ベルシャザール
2023104654,リオンディーズ,ヘニーヒューズ
2023101244,アポロケンタッキー,ダイワメジャー
2023104694,キセキ,ウインバリアシオン
2023100355,サンダースノー,アドマイヤムーン
2023101028,フォーウィールドライブ,アフリート
2023100323,インカンテーション,ヴィクトワールピサ
2017103593,ガルボ,アグネスデジタル
2019100460,ディープスカイ,カコイーシーズ
2019105848,シニスターミニスター,スズカマンボ
2020105810,ビーチパトロール,ヨハネスブルグ
2020102256,ミッキーロケット,アグネスタキオン
2022100930,ホッコータルマエ,プリサイスエンド
2022102171,ニシケンモノノフ,ディープインパクト
2022105637,コパノリッキー,ブライアンズタイムBrian'
2018100015,アドマイヤムーン,アドマイヤベガ
2022101530,フォーウィールドライブ,フリオーソ
2021102031,キタサンブラック,Danehill Dancer
2020100449,シャンハイボビー,パイロ
2020105421,ドレフォン,ハーツクライ
2019100208,ロージズインメイ,ダンスインザダーク
2018101379,ヘニーハウンド,キングカメハメハ
2021109068,アルデバラン,パラダイスクリーク
2020104119,ヘニーヒューズ,サウスヴィグラス
2018102540,ジョーカプチーノ,Dubai Destination
2018105333,ブラックタイド,Bernstein
2022109016,アニマルキングダム,トーセンホマレボシ
2020105487,イスラボニータ,フォーティナイナー
2021103302,デクラレーションオブウォー,シニスターミニスター
2021104022,フリオーソ,シーキングザダイヤ
2020101553,ハーツクライ,ブライアンズタイムBrian'
2021106894,ビーチパトロール,ジャングルポケット
2021101489,ビッグアーサー,マンハッタンカフェ
2021106277,エイシンフラッシュ,ムーンバラッド
2019103867,トーセンジョーダン,ヴィクトワールピサ
2022100020,ロゴタイプ,ゼンノロブロイ
2017103720,ルースリンド,マツリダゴッホ
2020109167,アメリカンペイトリオット,パイロ
2020101043,メイショウボーラー,キングカメハメハ
2021104045,マジェスティックウォリアー,マーベラスサンデー
2021101798,モーニン,フジキセキ
2016103657,ベルシャザール,フレンチデピュティ
2020106487,アジアエクスプレス,スズカフェニックス
2019100210,モーリス,ゼンノロブロイ
2021106602,シニスターミニスター,ヤマニンセラフィム
2021100530,ホッコータルマエ,ダイワメジャー
2017103634,パイロ,エアジハード
2020106061,トゥザワールド,ブライアンズタイムBrian'
2018103065,トビーズコーナーToby',フジキセキ
2018109033,フリオーソ,リンドシェーバー
2023105597,タワーオブロンドン,ロードカナロア
2023100556,サトノクラウン,ハーツクライ
2023100908,ダノンスマッシュ,ディープインパクト
2023104901,ファインニードル,ゼンノロブロイ
2023101799,アメリカンペイトリオット,ネオユニヴァース
2023102710,ワールドエース,アフリート
2023101042,コパノリッキー,シンボリクリスエス
2023100301,ミッキーロケット,ワークフォース
2023100451,ルヴァンスレーヴ,ロードカナロア
2023109016,ヘンリーバローズ,ハービンジャー
2023103302,モーニン,ワイルドラッシュ
2023102650,コパノリッキー,ロージズインメイ
2023103640,インディチャンプ,Giant's Causeway
2021100333,スマートファルコン,アグネスデジタル
2021106155,ヘニーヒューズ,スニッツェル
2018105629,トーセンラー,オペラハウス
2021105171,スワーヴリチャード,メイショウサムソン
2021104375,パイロ,カコイーシーズ
2021106013,マインドユアビスケッツ,ダイワメジャー
2019105179,リオンディーズ,ゼンノロブロイ
2020103443,モーリス,ディープインパクト
2019100761,アンライバルド,スターリングローズ
2021105879,リアルスティール,キャプテンスティーヴ
2019101947,スマートファルコン,スターキングマン
2017105972,エピファネイア,ダンスインザダーク
2021103148,Invincible Army,ロックオブジブラルタル
2022109026,サトノアラジン,ダンスインザダーク
2022104104,エポカドーロ,ゼンノロブロイ
2019100339,エスポワールシチー,シャンハイ
2013105872,ハーツクライ,Swain
2021104020,エイシンフラッシュ,シンボリクリスエス
2021102169,グランデッツァ,キングカメハメハ
2021101555,スピルバーグ,クロフネ
2020102897,ダイワメジャー,Tapit
2021105258,イスラボニータ,ロージズインメイ
2020102320,ストロングリターン,ジャングルポケット
2018103921,タートルボウル,ステイゴールド
2020104662,バトルプラン,フジキセキ
2020104730,ファインニードル,Soave
2023106050,ナムラタイタン,デュランダル
2023100897,ホークビル,ディープインパクト
2023107482,セイクリムズン,パイロ
2023104774,ヘンリーバローズ,チーフベアハート
2023106645,シルバーステート,キンシャサノキセキ
2022106414,サトノアラジン,Tapit
2022103784,スズカコーズウェイ,アドマイヤムーン
2019103239,シルバーステート,Unbridled's Song
2020101224,エスポワールシチー,Gone West
2023100878,シュヴァルグラン,マンハッタンカフェ
2023101304,エイシンフラッシュ,ネオユニヴァース
2023103965,ビーチパトロール,ブライアンズタイムBrian'
2021106739,ディスクリートキャット,タイキシャトル
2021103536,キズナ,ローレルゲレイロ
2021104379,サンダースノー,フジキセキ
2015102246,クロフネ,ゴールドアリュール
2021100551,マジェスティックウォリアー,アドマイヤボス
2019104368,ロードカナロア,ダイワメジャー
2022103079,ダノンレジェンド,ローマンエンパイア
2022107160,ベストウォーリア,チーフベアハート
2022102897,マジェスティックウォリアー,ゴールドアリュール
2022102597,ロジャーバローズ,フジキセキ
2021101096,モンテロッソ,メイショウオウドウ
2021106867,シュヴァルグラン,コマンズ
2021101320,タリスマニック,ジャングルポケット
2020107116,エピファネイア,ステイゴールド
2022101155,シュヴァルグラン,ジャングルポケット
2019106449,コパノリッキー,サウスヴィグラス
2018102330,プリサイスエンド,スペシャルウィーク
2021102603,エイシンヒカリ,キンシャサノキセキ
2016104822,ロードカナロア,フジキセキ
2020110029,War Front,Kitten's Joy
2020109072,ダノンシャーク,クロフネ
2019103790,アドマイヤムーン,スタチューオブリバティ
2021105506,ロジャーバローズ,タニノギムレット
2018103481,タイムパラドックス,アグネスタキオン
2022101216,グレーターロンドン,エンパイアメーカー
2017100021,サウスヴィグラス,ドリームスプレッド
2019103783,ロードカナロア,マンハッタンカフェ
2017106040,トゥザグローリー,クロフネ
2021102823,ファインニードル,アグネスタキオン
2022107067,カリフォルニアクローム,ダンカーク
2022104046,エイシンフラッシュ,シンボリクリスエス
2018104386,マツリダゴッホ,ファンタスティックライト
2021101906,イスラボニータ,タニノギムレット
2020107057,アメリカンペイトリオット,アグネスタキオン
2020110128,American Pharoah,Wildcat Heir
2015101645,ディープスカイ,Pivotal
2018100046,リオンディーズ,シンボリクリスエス
2021102330,モーニン,キングカメハメハ
2021105340,トゥザワールド,ハービンジャー
2021103930,エスケンデレヤ,ワークフォース
2020103889,エイシンフラッシュ,ブラックタイド
2021100262,タリスマニック,コロナドズクエストCoronado'
2019105564,シルバーステート,Oasis Dream
2020103321,ロードカナロア,Galileo
2016104656,ルーラーシップ,ファルブラヴ
2019104263,ストロングリターン,タニノギムレット
2023102865,ワールドエース,サウスヴィグラス
2023102000,ビッグアーサー,デュランダル
2023100852,ベストウォーリア,ファルブラヴ
2023101541,エポカドーロ,グラスワンダー
2023103645,アメリカンペイトリオット,ネオユニヴァース
2023101219,クリエイター,ハービンジャー
2023106506,サングレーザー,ルーラーシップ
2023104138,フィエールマン,クロフネ
2021109104,デクラレーションオブウォー,マンハッタンカフェ
2019104659,ロゴタイプ,ザール
2021106895,ビッグアーサー,アドマイヤムーン
2022104532,レッドベルジュール,ジャングルポケット
2022104574,ノヴェリスト,ダンスインザダーク
2014105860,ステイゴールド,Grand Slam
2020103491,モーリス,ディープインパクト
2019102400,セイクリムズン,Stormy Atlantic
2017104294,ゴールドアリュール,キングカメハメハ
2019101019,クリエイター,フレンチデピュティ
2019104678,リーチザクラウン,キングカメハメハ
2017105395,マジェスティックウォリアー,ディープインパクト
2021104383,マクフィ,ディープスカイ
2017101483,キングヘイロー,イーグルカフェ
2018104860,エイシンフラッシュ,フレンチデピュティ
2023109004,ウインバリアシオン,エピファネイア
2023109042,ウインバリアシオン,シンボリクリスエス
2023102329,インカンテーション,エンパイアメーカー
2020109061,メイショウサムソン,フジキセキ
2017102902,ベーカバド,キングカメハメハ
2020100654,キンシャサノキセキ,ケイムホーム
2018100039,ドゥラメンテ,Gone West
2022103415,キタサンミカヅキ,ダイシンオレンジ
2022102161,ニシケンモノノフ,オンファイア
2023103028,アメリカンペイトリオット,アグネスタキオン
2021106212,ゴールドシップ,ブラックホーク
2021110028,Blue Point,Jeremy
2022107364,アメリカンペイトリオット,ディープインパクト
2021104997,ストロングリターン,ダンスインザダーク
2015103452,ロードカナロア,ゼンノロブロイ
2022102520,ダノンバラード,オレハマッテルゼ
2020100786,ディープエクシード,キングカメハメハ
2019106380,ロードカナロア,クロフネ
2021104814,バトルプラン,スタチューオブリバティ
2018104219,ナムラタイタン,グラスワンダー
2022106039,フォーウィールドライブ,シンボリクリスエス
2020106339,デクラレーションオブウォー,スペシャルウィーク
2020101958,インカンテーション,サンデーサイレンス
2021100026,アメリカンペイトリオット,ダイワメジャー
2020101479,コパノリッキー,フレンチデピュティ
2021101000,アニマルキングダム,ハーツクライ
2016103211,ヘニーヒューズ,Mr. Greeley
2023106671,パイロ,ダノンシャンティ
2023106497,サンダースノー,アサティス
2023100363,マインドユアビスケッツ,ワークフォース
2023105658,タイセイレジェンド,ヴィクトワールピサ
2023104986,ミスチヴィアスアレックス,ディープインパクト
2023104779,カレンブラックヒル,キンシャサノキセキ
2023102147,サンダースノー,ハーツクライ
2023100691,レッドベルジュール,High Chaparral
2023106056,モーニン,アイルハヴアナザーI'
2023102754,ベストウォーリア,アジュディケーティング
2023100224,マテラスカイ,ブラックタイド
2023100876,アメリカンペイトリオット,アイルハヴアナザーI'
2019106908,ミッキーアイル,キングカメハメハ
2019100095,ストロングリターン,ネオユニヴァース
2021103855,ビーチパトロール,マーベラスサンデー
2021102210,ベストウォーリア,ダノンシャンティ
2021100596,ディープブリランテ,ワークフォース
2018106547,ホッコータルマエ,ダイワメジャー
2022106205,カレンブラックヒル,Fusaichi Pegasus
2023109006,ケープブランコ,アドマイヤムーン
2016105886,ダイワメジャー,Giant's Causeway
2021104932,アルアイン,Loup Solitaire
2020109082,ラニ,シンボリクリスエス
2021103922,ユアーズトゥルーリ,ルースリンド
2020105327,アジアエクスプレス,ファルブラヴ
2020100503,レーヴミストラル,アルデバラン
2021101375,サトノクラウン,ハーツクライ
2021104916,ダイワメジャー,Sligo Bay
2021106851,ラブリーデイ,ステイゴールド
2018101904,エスポワールシチー,エイシンサンディ
2017105114,スクリーンヒーロー,Cat Thief
2015100942,エスポワールシチー,エルコンドルパサー
2021101459,リオンディーズ,ブライアンズタイムBrian'
2021104986,ジャスタウェイ,スペシャルウィーク
2022104015,エポカドーロ,ハービンジャー
2022105911,トゥザワールド,ハービンジャー
2022102803,ヘンリーバローズ,クロフネ
2022106750,ゴールドドリーム,グラスワンダー
2022107044,ホッコータルマエ,ヴィクトワールピサ
2021109001,ウインバリアシオン,ディープブリランテ
2021104055,メイショウボーラー,サクラプレジデント
2017102872,Speightstown,Galileo
2021110141,Ghostzapper,Silver City
2019103469,ヘニーヒューズ,ロージズインメイ
2018100120,ゼンノロブロイ,Capote
2021103510,マツリダゴッホ,Jump Start
2021103099,サンダースノー,パイロ
2020102649,モーリス,ネオユニヴァース
2016103423,グラスワンダー,タイキシャトル
2020101161,ヴァンセンヌ,スタチューオブリバティ
2023101596,ヴァンセンヌ,クロフネ
2023103005,モーニン,サンデーサイレンス
2023105975,フリオーソ,ステイゴールド
2023107479,アルアイン,ヴィクトワールピサ
2023109028,ケープブランコ,メジロディザイヤー
2020106620,マジェスティックウォリアー,タイキシャトル
2017101355,ベーカバド,ステイゴールド
2021107160,レインボーライン,スピニングワールド
2022106442,スマートファルコン,ヘニーヒューズ
2020102639,シャンハイボビー,キングカメハメハ
2017105286,トゥザワールド,ブライアンズタイムBrian'
2017103035,シニスターミニスター,キングヘイロー
2019100837,ドゥラメンテ,ブライアンズタイムBrian'
2023106310,アドミラブル,アッミラーレ
2022107109,ゴールドドリーム,ステイゴールド
2021100853,レーヴミストラル,ティンバーカントリー
2019100420,アジアエクスプレス,Dixie Union
2017103112,トーセンジョーダン,ゼンノロブロイ
2017102102,ワールドエース,ボストンハーバー
2018103917,ゼンノロブロイ,プリサイスエンド
2018105159,ルーラーシップ,シンボリクリスエス
2020104132,スズカコーズウェイ,マンハッタンカフェ
2020104488,ビッグアーサー,シンボリクリスエス
2019101448,ディープブリランテ,タバスコキャット
2020106512,ゴールドシップ,スタチューオブリバティ
2016105493,ジャスタウェイ,ジェネラス
2017101318,ロジユニヴァース,トニービン
2020102020,マインドユアビスケッツ,ゼンノロブロイ
2021102384,フリオーソ,ゴールドアリュール
2023106049,ナムラタイタン,チェリークラウン
2021103244,ワールドエース,ワイルドラッシュ
2020100349,シャンハイボビー,フジキセキ
2019100613,キズナ,クロフネ
2019103963,エスケンデレヤ,エンパイアメーカー
2017104717,ジャングルポケット,サンデーサイレンス
2022104041,イスラボニータ,キングカメハメハ
2022106064,ベストウォーリア,ベルシャザール
2020102238,フェノーメノ,スウェプトオーヴァーボード
2022100240,ビーチパトロール,キングカメハメハ
2021102667,アドミラブル,スウェプトオーヴァーボード
2018101385,パイロ,アドマイヤマックス
2020102284,フリオーソ,フォーティナイナー
2019101990,キングヘイロー,クロフネ
2023101561,フォーウィールドライブ,ステイゴールド
2022102835,ロジャーバローズ,Smart Strike
2022106137,アドマイヤムーン,スペシャルウィーク
2019100932,ホッコータルマエ,ディープインパクト
2019103981,ヨハネスブルグ,ジャングルポケット
2016100135,ロージズインメイ,ネオユニヴァース
2021103199,マジェスティックウォリアー,ネオユニヴァース
2021101420,シニスターミニスター,アグネスデジタル
2020100787,コパノリッキー,サウスヴィグラス
2020109034,デビッドジュニア,ヨハネスブルグ
2020100041,ラニ,Woodman
2021100247,ミュゼスルタン,ディープインパクト
2022101213,ノヴェリスト,ステイゴールド
2022101081,フォーウィールドライブ,ハーツクライ
2020102251,アジアエクスプレス,ネオユニヴァース
2021101635,ディスクリートキャット,パイロ
2020104278,ベストウォーリア,ハーツクライ
2022100024,ミッキーアイル,Blame
2022106330,ビッグアーサー,ウインクリューガー
2022102404,ニューイヤーズデイ,クロフネ
2021109052,アルデバラン,シンボリクリスエス
2018103031,エスポワールシチー,トワイニング
2022102250,レッドファルクス,ケイムホーム
2020105491,ストロングリターン,ジャングルポケット
2019101787,コパノリッキー,クロフネ
2019101554,コパノリッキー,フレンチデピュティ
2018103528,スマートファルコン,アグネスデジタル
2020104376,シニスターミニスター,ブライアンズタイムBrian'
2019100636,ラニ,キングカメハメハ
2018100916,エスポワールシチー,ウォーニング
2020101185,ラブリーデイ,ストリートセンス
2021107246,マスクゾロ,ゴールドアリュール
2022102566,パイロ,スペシャルウィーク
2022102440,カレンブラックヒル,ディープスカイ
2022100739,ルヴァンスレーヴ,ダイワメジャー
2021100065,ワールドエース,Gone West
2020106740,トーセンラー,エンパイアメーカー
2023101637,ニューイヤーズデイ,ネオユニヴァース
2019101998,カレンブラックヒル,ワークフォース
2021103295,ドゥラメンテ,Teofilo
2021102354,ゴールドシップ,エイシンフラッシュ
2023101961,アニマルキングダム,Selkirk
2023109008,オールブラッシュ,キャプテンスティーヴ
2023102349,アメリカンペイトリオット,ハーツクライ
2023102081,ジャスタウェイ,Sea The StarsSea the Stars
2020104257,シルバーステート,キングカメハメハ
2020105240,ヘニーヒューズ,Distorted Humor
2019105218,ドレフォン,ネオユニヴァース
2019101249,ローレルゲレイロ,フサイチリシャール
2018100962,シニスターミニスター,アグネスデジタル
2017105265,キンシャサノキセキ,ジャングルポケット
2016105649,バトルプラン,ウォーニング
2021106900,ラブリーデイ,ハービンジャー
2019103495,ドゥラメンテ,Pulpit
2022103776,カリフォルニアクローム,アサティス
2021100417,リオンディーズ,マンハッタンカフェ
2023102588,マインドユアビスケッツ,マンハッタンカフェ
2019100936,リーチザクラウン,グランデラ
2021105282,ロゴタイプ,ダイワメジャー
2023101302,ニシケンモノノフ,ゴールドアリュール
2017101400,スクリーンヒーロー,Roman Ruler
2023105509,コパノリッキー,タートルボウル
2023109010,アルアイン,マンハッタンカフェ
2022107336,リアルスティール,Uncaptured
2022104791,モーリス,ルーラーシップ
2018103647,サウスヴィグラス,ゴールドアリュール
2022104473,シャンハイボビー,ステイゴールド
2016105761,タイキシャトル,アグネスタキオン
2021104249,シルバーステート,タイキシャトル
2020104512,ハーツクライ,デヒア
2022103676,スノードラゴン,Sea The StarsSea the Stars
2018104988,ダイワメジャー,Roman Ruler
2019101575,トーセンラー,ゴールドアリュール
2020102022,エスポワールシチー,アドマイヤコジーン
2018100019,メイショウボーラー,ドリームスプレッド
2023105195,アジアエクスプレス,Vicar
2022102628,ワンアンドオンリー,アサクサデンエン
2021106115,サンダースノー,スペシャルウィーク
2023101239,フォーウィールドライブ,キングカメハメハ
2022107407,キタサンミカヅキ,アグネスタキオン
2017104867,スクリーンヒーロー,Awesome Again
2018100767,ナムラタイタン,アドマイヤムーン
2021106017,ストゥディウム,ロードアルティマ
2021102165,シルバーステート,クロフネ
2018102889,ベーカバド,バブルガムフェロー
2021101105,キンシャサノキセキ,ディープブリランテ
2021102141,バゴ,ブラックタイド
2021101839,トーセンラー,ジャングルポケット
2019101017,ホッコータルマエ,ネオユニヴァース
2020102999,ノヴェリスト,キンシャサノキセキ
2021107298,ディーマジェスティ,スターリングローズ
2021101377,ブラックタイド,Pulpit
2019101600,ディスクリートキャット,スウェプトオーヴァーボード
2022106068,モーニン,アイルハヴアナザーI'
2021100692,オルフェーヴル,ワークフォース
2021104849,ロードカナロア,ダイワメジャー
2020100375,ハービンジャー,ダイワメジャー
2021102999,キタサンミカヅキ,ディープインパクト
2021107152,ホークビル,プリサイスエンド
2016105211,ダイワメジャー,エリシオ
2021100744,サトノダイヤモンド,ボストンハーバー
2022109076,シュヴァルグラン,パイロ
2022107113,ゴールドアクター,ハーツクライ
2019101137,トゥザワールド,ハーツクライ
2020101169,ビッグアーサー,ネオユニヴァース
2021104536,トーセンラー,スウェプトオーヴァーボード
2020100738,ノボジャック,ゴールドアリュール
2019101469,キンシャサノキセキ,ティンバーカントリー
2016104000,クロフネ,サンデーサイレンス
2017102821,スズカコーズウェイ,ハーツクライ
2021100819,ゴールドシップ,ジャングルポケット
2021100667,インカンテーション,スニッツェル
2021102733,レイデオロ,クロフネ
2016102528,ルーラーシップ,アフリート
2014101240,ロードアルティマ,トワイニング
2021103026,エピカリス,スタチューオブリバティ
2020105691,ディープブリランテ,タニノギムレット
2016105069,Tapit,Ghostzapper
2021106476,ワールドエース,Candy Ride
2019100470,アジアエクスプレス,フジキセキ
2019100183,カレンブラックヒル,ヨハネスブルグ
2021101271,フェノーメノ,ジャングルポケット
2018100321,ゼンノロブロイ,キングカメハメハ
2022103417,アスカクリチャン,ディープブリランテ
2022109080,ケープブランコ,ダンスインザダーク
2022101466,カリフォルニアクローム,アグネスタキオン
2021102869,アドミラブル,ワイルドラッシュ
2021104525,アニマルキングダム,アグネスタキオン
2016103250,ジャングルポケット,アグネスデジタル
2019106216,ラニ,フサイチコンコルド
2022102179,アメリカンペイトリオット,マンハッタンカフェ
2022104084,レッドベルジュール,エンパイアメーカー
2022102178,ロゴタイプ,ゼンノロブロイ
2022103646,サトノクラウン,ネオユニヴァース
2021102616,マジェスティックウォリアー,ディープスカイ
2018101679,ゴスホークケン,タイキシャトル
2021103611,カリフォルニアクローム,グラスワンダー
2021105088,エピファネイア,Iffraaj
2017101085,キズナ,スペシャルウィーク
2021104215,ラブリーデイ,ヴィクトワールピサ
2020101616,シャンハイボビー,キングカメハメハ
2019102536,グラスワンダー,ジャングルポケット
2018100514,トビーズコーナーToby',アグネスタキオン
2019104246,トーセンホマレボシ,フジキセキ
2018103571,タイムパラドックス,トワイニング
2018106884,ディスクリートキャット,ファルブラヴ
2021106297,シルバーステート,Seeking the Gold
2021104000,ヘニーヒューズ,アグネスタキオン
2021100424,ロジャーバローズ,Action This Day
2022101266,アジアエクスプレス,アグネスデジタル
2022104384,ミッキーアイル,サウスヴィグラス
2020103445,モーリス,ダイワメジャー
2018103007,オルフェーヴル,Chief Seattle
2020107144,ファインニードル,ダンスインザダーク
2021102215,エピファネイア,スペシャルウィーク
2022102364,バゴ,ゴールドアリュール
2022103248,コパノリッキー,タイキシャトル
2019104685,ドゥラメンテ,ウォーエンブレム
2016100130,ベーカバド,トニービン
2022103432,オーヴァルエース,オンファイア
2021100625,トビーズコーナーToby',ノボジャック
2021104457,ヘンリーバローズ,キングカメハメハ
2020101924,エスポワールシチー,アドマイヤドン
2022101592,アジアエクスプレス,ステイゴールド
2021100289,ヘンリーバローズ,キングカメハメハ
2013105382,キンシャサノキセキ,エリシオ
2019104787,ローエングリン,アグネスタキオン
2018100379,アイルハヴアナザーI',マンハッタンカフェ
2022102091,シャンハイボビー,エスポワールシチー
2022101109,エスポワールシチー,タイキシャトル
2022101590,カリフォルニアクローム,スクリーンヒーロー
2017110022,Dubawi,Singspiel
2023106045,エポカドーロ,エピファネイア
2023100164,タイセイレジェンド,ステイゴールド
2020105666,アグニシャイン,ディープブリランテ
2022102541,アドミラブル,クロフネ
2021110125,Smart Missile,Lonhro
2020106108,ディープスカイ,アジュディケーティング
2021103832,ディーマジェスティ,スウェプトオーヴァーボード
2023102980,リアルスティール,キングカメハメハ
2023103992,カレンブラックヒル,タイキシャトル
2023100152,ジャスタウェイ,ストリートセンス
2023104107,エンパイアペガサス,オグリキャップ
2023102391,ヘンリーバローズ,ヴィクトワールピサ
2023104014,マクフィ,ディープインパクト
2023100643,ワールドプレミア,ダノンシャンティ
2023105976,タイセイレジェンド,ステイゴールド
2021101596,アニマルキングダム,ゴールドアリュール
2022107061,ベストウォーリア,ディープブリランテ
2022103356,アメリカンペイトリオット,サウスヴィグラス
2022105730,マジェスティックウォリアー,ウォーエンブレム
2022103540,カリフォルニアクローム,ディープインパクト
2022104463,アポロケンタッキー,ステイゴールド
2018106799,キズナ,Oratorio
2019105289,ドレフォン,ゴールドアリュール
2019103641,エスポワールシチー,エリシオ
2022102054,スワーヴリチャード,ダンスインザダーク
2021109062,ダノンシャーク,アサクサデンエン
2020100038,ヨハネスブルグ,ゴールドアリュール
2021100315,スズカコーズウェイ,ゴールドヘイロー
2019101438,カレンブラックヒル,ストリートセンス
2022109001,オールブラッシュ,ファンタスティックライト
2021102959,ロードカナロア,ステイゴールド
2020101820,タリスマニック,ディープスカイ
2020102366,ラニ,フジキセキ
2021103835,サンダースノー,ステイゴールド
2022106406,ホッコータルマエ,フジキセキ
2023102499,サトノクラウン,ネオユニヴァース
2022100610,エスポワールシチー,キングカメハメハ
2021100959,シルバーステート,ネオユニヴァース
2020100769,ダノンバラード,ヘニーヒューズ
2018101480,アジアエクスプレス,キングヘイロー
2019102216,ラニ,タニノギムレット
2018101035,シビルウォー,スペシャルウィーク
2018105794,アンライバルド,Macho Uno
2018105660,トーセンファントム,トウカイテイオー
2017100833,ストロングリターン,グラスワンダー
2018102001,ダイワメジャー,Cozzene
2016101408,ヘニーヒューズ,サンデーサイレンス
2018101773,ローエングリン,ダイワメジャー
2019100909,ラニ,ゼンノエルシド
2018104269,コパノリチャード,アグネスタキオン
2019100031,シニスターミニスター,ティンバーカントリー
2018102838,ホッコータルマエ,クロフネ
2018105527,エピファネイア,デュランダル
2018104771,ルーラーシップ,サンデーサイレンス
2019102356,フリオーソ,Hard Spun
2018102472,トーセンブライト,ジャングルポケット
2018102976,グランプリボス,ダイワメジャー
2017101105,スマートファルコン,シンボリクリスエス
2017103503,スズカコーズウェイ,フォーティナイナー
2017104363,フリオーソ,ディクタット
2020105817,メイショウボーラー,ステイゴールド
2019103371,コパノリッキー,サウスヴィグラス
2022100719,エスポワールシチー,Monarchos
2022103118,アニマルキングダム,Dansili
2022100331,エピカリス,ワイルドラッシュ
2022100996,スクリーンヒーロー,フジキセキ
2022101679,サンダースノー,タニノギムレット
2022101687,タリスマニック,サンデーサイレンス
2022102684,モーニン,マンハッタンカフェ
2022101007,ロージズインメイ,ロサード
2022105875,フラットライナーズ,クロフネ
2022102101,フリオーソ,シニスターミニスター
2022106866,ニューイヤーズデイ,ハーツクライ
2021106221,マインドユアビスケッツ,Freud
2021100974,シャンハイボビー,ネオユニヴァース
2021104935,レイデオロ,ステイゴールド
2021102030,ストロングリターン,フレンチデピュティ
2021103386,ミッキーグローリー,キングカメハメハ
2021104083,タリスマニック,ゴールドアリュール
2021103769,サンダースノー,アドマイヤベガ
2021103774,ヘニーヒューズ,チチカステナンゴ
2021109005,ウインバリアシオン,ネオユニヴァース
2022103968,ベストウォーリア,ヨハネスブルグ
2022102278,ゴールドドリーム,サウスヴィグラス
2022102518,アメリカンペイトリオット,ゼンノロブロイ
2022101302,ディーマジェスティ,キングカメハメハ
2022101013,ゴールドドリーム,タニノギムレット
2022100292,ミスターメロディ,ゴールドアリュール
2022101150,リーチザクラウン,Ice Box
2022109148,ホッコータルマエ,ストラヴィンスキー
2022101628,サンダースノー,アドマイヤムーン
2022105661,マクマホン,ネオユニヴァース
2022106826,コパノリッキー,ロージズインメイ
2022104144,ダノンレジェンド,アグネスデジタル
2021106094,ストロングリターン,アジュディケーティング
2020103421,ミッキーアイル,Giant's Causeway
2019106220,マジェスティックウォリアー,ハービンジャー
2021103136,マクフィ,Dansili
2021101897,マクフィ,スペシャルウィーク
2018100870,クリエイター,スウェプトオーヴァーボード
2018101029,シニスターミニスター,プリサイスエンド
2019100056,Frosted,Candy Ride
2021103539,ストロングリターン,アグネスタキオン
2020102635,レッドファルクス,メイショウサムソン
2021100012,ダノンレジェンド,ダノンシャンティ
2020102472,トーセンレーヴ,スクリーンヒーロー
2019106994,トゥザグローリー,アサクサデンエン
2020100068,コパノリッキー,Proud Citizen
2021101618,マジェスティックウォリアー,シンボリクリスエス
2021103695,ディーマジェスティ,タイキシャトル
2020106178,ホッコータルマエ,Hard Spun
2017110149,Competitive Edge,Hawk Wing
2021100938,ジョーカプチーノ,ホワイトマズル
2020103114,ハービンジャー,ステイゴールド
2021107354,サンダースノー,オルフェーヴル
2017103573,ロードカナロア,シンボリクリスエス
2021101873,スマートファルコン,マヤノトップガン
2018102189,メイショウボーラー,サウスヴィグラス
2020104575,ヴァンセンヌ,キングカメハメハ
2020104311,フリオーソ,マンハッタンカフェ
2019103318,リオンディーズ,サクラバクシンオー
2020105169,ホッコータルマエ,ヨハネスブルグ
2021107142,ヘニーヒューズ,ブライアンズタイムBrian'
2020103375,ドレフォン,ディープインパクト
2021101438,ブリックスアンドモルタル,ダイワメジャー
2021105032,ニューイヤーズデイ,ゴールドアリュール
2018102968,ホッコータルマエ,ジェニュイン
2021101984,ストロングリターン,スクリーンヒーロー
2021100521,ホッコータルマエ,フジキセキ
2020100856,ダノンレジェンド,ゼンノロブロイ
2020106665,マジェスティックウォリアー,スズカフェニックス
2021103526,スクリーンヒーロー,ヴァーミリアン
2018104304,ベーカバド,ディープスカイ
2021104098,アジアエクスプレス,ダイワメジャー
2021103553,スノードラゴン,ネオユニヴァース
2020100995,ミッキーアイル,ヴィクトワールピサ
2021105145,ロードカナロア,バゴ
2019103876,ワールドエース,Sea The StarsSea the Stars
2018101198,タートルボウル,ハーツクライ
2019100946,ビッグアーサー,アグネスワールド
2020110001,U S Navy Flag,Street Cry
2021101732,リアルスティール,エンパイアメーカー
2019104707,ルーラーシップ,ハーツクライ
2020103987,ヘニーヒューズ,City Zip
2021106435,ヴィクトワールピサ,トワイニング
2018105552,ラブリーデイ,ゼンノロブロイ
2019105234,キンシャサノキセキ,Ghostzapper
2021106005,サンダースノー,ゴールドアリュール
2021106832,サトノクラウン,スペシャルウィーク
2019101355,エイシンフラッシュ,シンボリクリスエス
2019104988,モンテロッソ,バイオマスター
2019103540,スクリーンヒーロー,ヘクタープロテクター
2020100080,ホッコータルマエ,マイニング
2019103451,エイシンヒカリ,Tapit
2021106080,モーニン,クロフネ
2021103185,ダノンレジェンド,ブライアンズタイムBrian'
2020102912,レッドファルクス,ネオユニヴァース
2019105819,ロージズインメイ,サクラバクシンオー
2019101524,リオンディーズ,ダイワメジャー
2020100591,ヤマカツエース,パイロ
2020105807,ゴールドシップ,アグネスタキオン
2021101669,ハービンジャー,ディープインパクト
2017104967,ハーツクライ,アグネスワールド
2016102871,サンカルロ,ハーツクライ
2020101940,サトノダイヤモンド,メイショウサムソン
2019107077,エスケンデレヤ,キングカメハメハ
2019100432,タイムパラドックス,マーベラスサンデー
2019101721,ベルシャザール,パイロ
2020106758,フリオーソ,キングズベストKing'
2016105112,ベルシャザール,Fusaichi Pegasus
2021102082,ブラックタイド,ヨハネスブルグ
2021106897,ロンギングダンサー,ノヴェリスト
2021107312,ファインニードル,ダンスインザダーク
2021103067,サトノダイヤモンド,Street Cry
2021100571,ワンダーアキュート,デビッドジュニア
2021101923,エピカリス,クロフネ
2021100714,カレンブラックヒル,フォーティナイナー
2021106700,ニューイヤーズデイ,フレンチデピュティ
2021106870,フリオーソ,パイロ
2021104711,マクマホン,クロフネ
2021105197,マインドユアビスケッツ,サンデーサイレンス
2020104981,ビーチパトロール,ネオユニヴァース
2019106196,イスラボニータ,Monsun
2019100863,ドゥラメンテ,ディープインパクト
2020101855,ビーチパトロール,シンボリクリスエス
2018106586,ダノンシャンティ,サクラバクシンオー
2019101046,ヘニーハウンド,ジャングルポケット
2019106971,パイロ,クロフネ
2019104603,エイシンフラッシュ,サンデーサイレンス
2018102352,マクフィ,スペシャルウィーク
2018104056,クロフネ,アドマイヤジャパン
2020101482,ラニ,サウスヴィグラス
2020100315,ベルシャザール,ゴールドヘイロー
2022103789,ディスクリートキャット,サウスヴィグラス
2022103900,ベストウォーリア,Zensational
2022109057,オールブラッシュ,シンボリクリスエス
2022100111,フェノーメノ,タイキシャトル
2022109004,ウインバリアシオン,サウスヴィグラス
2022106030,シュヴァルグラン,キングズベストKing'
2022101318,レッドファルクス,ディープブリランテ
2022106369,コパノリッキー,アイルハヴアナザーI'
2022100110,ベストウォーリア,ワークフォース
2022101951,シュヴァルグラン,ローエングリン
2022102326,タワーオブロンドン,チーフベアハート
2022101301,ベストウォーリア,フサイチコンコルド
2022102369,ゴールドドリーム,ロードカナロア
2022104142,バーディバーディ,Giant's Causeway
2022100308,ミッキーロケット,ダイタクサージャン
2022100878,アメリカンペイトリオット,ディープブリランテ
2022103891,タワーオブロンドン,アドマイヤムーン
2022101009,グァンチャーレ,ダイワメジャー
2022106142,ベストウォーリア,サウスヴィグラス
2019104236,エイシンヒカリ,Kitten's Joy
2018102769,ジョーカプチーノ,オペラハウス
2020105173,ミッキーロケット,ハーツクライ
2020104319,アポロソニック,ジェイドロバリー
2016100870,スウェプトオーヴァーボード,プレミアムサンダー
2020105410,エスポワールシチー,アフリート
2020105155,リオンディーズ,キングヘイロー
2020102011,カレンブラックヒル,ブライアンズタイムBrian'
2018101749,エイシンフラッシュ,ダンスインザダーク
2020104627,コパノリッキー,サウスヴィグラス
2021106010,ミッキーグローリー,バンブーエール
2020100114,ジョーカプチーノ,Dubai Destination
2020105451,トゥザワールド,メイショウボーラー
2020100175,ロードカナロア,Giant's Causeway
2019106145,ベルシャザール,ロックオブジブラルタル
2019103214,トゥザワールド,オペラハウス
2020107015,メイショウボーラー,クロフネ
2021104611,アドミラブル,ジャングルポケット
2019102375,ダンカーク,ゴールドアリュール
2022106713,タワーオブロンドン,マヤノトップガン
2022103813,レッドファルクス,シンボリクリスエス
2022101485,ロジャーバローズ,クロフネ
2022102476,タイセイレジェンド,スパイキュール
2022101377,ベストウォーリア,キングカメハメハ
2022104020,バンブーエール,ダンスインザダーク
2020106350,マジェスティックウォリアー,エンパイアメーカー
2021103864,ディスクリートキャット,ファスリエフ
2020103058,シャンハイボビー,ゼンノロブロイ
2020104249,アメリカンペイトリオット,スペシャルウィーク
2021106032,モーニン,マンハッタンカフェ
2018100566,リアルインパクト,サクラバクシンオー
2017106198,ディープスカイ,スピニングワールド
2021102864,カレンブラックヒル,ホワイトマズル
2021100532,ストロングリターン,キングヘイロー
2021109023,フェノーメノ,サウスヴィグラス
2021102182,アメリカンペイトリオット,ネオユニヴァース
2020101623,ゴールドアクター,シニスターミニスター
2021100371,スワーヴリチャード,フレンチデピュティ
2021103082,ホークビル,マンハッタンカフェ
2019102067,コパノリッキー,シンボリクリスエス
2020106835,エスケンデレヤ,フォーティナイナーズサン
2020104416,タニノギムレット,サクラプレジデント
2021105981,ハーツクライ,スウェプトオーヴァーボード
2020103528,サトノアラジン,ボストンハーバー
2021100806,オウケンブルースリ,ルーラーシップ
2019107009,エピファネイア,ジャングルポケット
2020101684,ロゴタイプ,ヘクタープロテクター
2018105997,ネオユニヴァース,アルカセット
2020102357,タリスマニック,ダンスインザダーク
2016110086,Creative Cause,Forest Grove
2020104208,Bernardini,ストリートセンス
2021106666,ディスクリートキャット,アグネスタキオン
2018110081,Medaglia d'Oro,Macho Uno
2021100251,モーニン,ブラックタキシード
2021104695,マクマホン,エンパイアメーカー
2021106699,ヘニーヒューズ,ディープスカイ
2018103734,ベルシャザール,Medaglia d'Oro
2021106027,ベストウォーリア,アドマイヤムーン
2020100959,ベストウォーリア,キングヘイロー
2016104299,タートルボウル,ダイワメジャー
2020100818,ダノンレジェンド,ネオユニヴァース
2020101162,アスカクリチャン,ディープスカイ
2020102978,ドレフォン,ゴールドアリュール
2021103314,キズナ,スズカフェニックス
2020100663,ラニ,サイレントディール
2019100163,ホッコータルマエ,チーフベアハート
2017104395,ロージズインメイ,ダンスインザダーク
2020110083,Kantharos,Repent
2019102270,ディープブリランテ,スキャン
2020101970,マインドユアビスケッツ,ヴァーミリアン
2021100867,ポアゾンブラック,キンシャサノキセキ
2021106745,コパノリッキー,Pulpit
2020106885,ルーラーシップ,ゼンノロブロイ
2018106409,ダノンレジェンド,オレハマッテルゼ
2020105682,ファインニードル,アドマイヤドン
2021107339,モンテロッソ,ムーンバラッド
2020100938,ダンカーク,スペシャルウィーク
2021104077,グランデッツァ,ゼンノロブロイ
2018106317,トーセンジョーダン,キングカメハメハ
2021103903,サトノクラウン,キングカメハメハ
2021106284,コパノリッキー,サウスヴィグラス
2021102178,トゥザワールド,パイロ
2022102027,サングレーザー,ヘニーヒューズ
2022100516,アポロケンタッキー,チチカステナンゴ
2022109095,ミスターメロディ,シンボリクリスエス
2022106972,エスケンデレヤ,ロードカナロア
2022101932,ファインニードル,ハービンジャー
2022106400,ベストウォーリア,アグネスタキオン
2022100281,ビーチパトロール,ネオユニヴァース
2022100515,シュヴァルグラン,ワークフォース
2022100310,スマートファルコン,ティンバーカントリー
2022102010,パイロ,ブライアンズタイムBrian'
2022106415,West Coast,Distorted Humor
2018109044,アルデバラン,クロフネ
2018100843,ノボジャック,キャプテンスティーヴ
2019104019,クリエイター,スウェプトオーヴァーボード
2018101766,エイシンフラッシュ,ワイルドラッシュ
2020100193,ラブリーデイ,ディープインパクト
2019104255,アロマカフェ,メイショウサムソン
2020105840,カレンブラックヒル,クロフネ
2019103345,ザファクター,サンデーサイレンス
2018106646,トゥザワールド,メイショウサムソン
2020105294,シルバーステート,Storm Cat
2020106206,ヘニーヒューズ,アグネスデジタル
2017101333,キングヘイロー,ダンスインザダーク
2020101637,サトノクラウン,ディープインパクト
2020105193,バトルプラン,ゴールドアリュール
2019105936,ロゴタイプ,ディープスカイ
2020105762,グラスワンダー,ディープインパクト
2016104290,クロフネ,ディープインパクト
2019109087,マクフィ,Street Cry
2020104602,トゥザワールド,フジキセキ
2019105664,ディープスカイ,オペラハウス
2020106371,ヤマカツエース,メイショウボーラー
2020107115,モンテロッソ,ハーツクライ
2020101439,ベルシャザール,ホリスキー
2022104033,ヘニーヒューズ,クロフネ
2022103574,ビーチパトロール,ストラヴィンスキー
2022104459,アポロキングダム,コマンダーインチーフ
2022100990,エスケンデレヤ,キングカメハメハ
2022103600,アメリカンペイトリオット,ダンスインザダーク
2022102014,アジアエクスプレス,ゴールドアリュール
2022107005,カリフォルニアクローム,Trippi
2022106135,フリオーソ,ゼンノロブロイ
2022102884,ミッキーアイル,クロフネ
2022103499,ビーチパトロール,ブラックホーク
2021107203,ディスクリートキャット,スウェプトオーヴァーボード
2021102081,ブラックタイド,ファルブラヴ
2020100210,ドレフォン,ディアブロ
2019100568,シニスターミニスター,ゴールドアリュール
2021100882,ホッコータルマエ,ヘニーヒューズ
2018102674,サウスヴィグラス,アジュディケーティング
2020104696,シニスターミニスター,マンハッタンカフェ
2017103408,ローレルゲレイロ,スターリングローズ
2021103851,アドマイヤムーン,コマンズ
2017104865,スウェプトオーヴァーボード,ハーツクライ
2021106474,トランセンド,ゼンノロブロイ
2020101476,ビッグアーサー,バブルガムフェロー
2018102301,ディープブリランテ,アグネスワールド
2020106569,アジアエクスプレス,Dylan Thomas
2020101118,ミッキーアイル,アグネスタキオン
2018104000,トゥザワールド,クロフネ
2020106363,リーチザクラウン,ディープスカイ
2017106670,エイシンフラッシュ,ドリームジャーニー
2020101352,ジャスタウェイ,Monarchos
2020100662,スマートファルコン,エイシンサンディ
2020100378,レーヴミストラル,ディープブリランテ
2021101331,ベストウォーリア,ストロングリターン
2020103432,キズナ,Siyouni
2019103780,ディーマジェスティ,クロフネ
2021106710,フリオーソ,サムライハート
2021100102,リアルスティール,フレンチデピュティ
2019103699,トゥザグローリー,シーキングザダイヤ
2021106036,デクラレーションオブウォー,Giant's Causeway
2020104384,トビーズコーナーToby',アフリート
2020100830,イスラボニータ,First Samurai
2020102106,ストロングリターン,ワークフォース
2021101707,ヴァンセンヌ,シンボリクリスエス
2021106327,シルバーステート,フレンチデピュティ
2021100511,ダノンレジェンド,キングヘイロー
2019106142,ビッグアーサー,ブライアンズタイムBrian'
2021101558,エスポワールシチー,ボストンハーバー
2019100025,ホッコータルマエ,ゴールドアリュール
2021102669,マジェスティックウォリアー,ダイワメジャー
2021102128,シャンハイボビー,ワイルドラッシュ
2021102779,ビーチパトロール,アグネスタキオン
2021106848,アジアエクスプレス,シニスターミニスター
2019106249,コパノリッキー,Invincible Spirit
2018100213,ダノンレジェンド,Dynaformer
2020106803,エイシンヒカリ,チチカステナンゴ
2020104212,タリスマニック,ステイゴールド
2020105338,ワールドエース,サウスヴィグラス
2020100471,バゴ,マンハッタンカフェ
2019105894,オウケンブルースリ,キングカメハメハ
2021104838,モーリス,キングカメハメハ
2020105505,ビーチパトロール,ディープインパクト
2019101187,モンテロッソ,キングカメハメハ
2021101174,リオンディーズ,ダイワメジャー
2020101865,ハービンジャー,Henrythenavigator
2020106458,ヘニーヒューズ,Red Ransom
2020106296,マジェスティックウォリアー,Rahy
2020106934,ビーチパトロール,サクラバクシンオー
2021105594,レッドファルクス,Tale of the Cat
2019100766,スクリーンヒーロー,ハーツクライ
2020100215,パイロ,オルフェーヴル
2021101330,ニューイヤーズデイ,ディープブリランテ
2018102190,サウスヴィグラス,シニスターミニスター
2021101054,アジアエクスプレス,クロフネ
2018106825,フリオーソ,タイキシャトル
2022103436,オーヴァルエース,タイムパラドックス
2022107078,アジアエクスプレス,エンパイアメーカー
2022106088,アジアエクスプレス,エイシンフラッシュ
2022105840,ニューイヤーズデイ,ヴィクトワールピサ
2022103817,トビーズコーナーToby',アフリート
2022104315,シニスターミニスター,タイキシャトル
2022104428,ルヴァンスレーヴ,アグネスタキオン
2022104480,ベストウォーリア,ダイワメジャー
2022110058,City of Light,オナーコード
2022101885,シニスターミニスター,サウスヴィグラス
2017101937,アイルハヴアナザーI',マンハッタンカフェ
2019100763,ジャスタウェイ,Bernstein
2021103036,マジェスティックウォリアー,スペシャルウィーク
2019104189,タニノギムレット,ゼンノロブロイ
2020100362,ゴールドアクター,ファルブラヴ
2020100745,ワールドエース,エイシンフラッシュ
2021104100,ダンカーク,ディープインパクト
2020101485,ラニ,ヨハネスブルグ
2019102719,ラニ,スリリングサンデー
2020102538,リオンディーズ,ホワイトマズル
2021100343,アメリカンペイトリオット,アドマイヤムーン
2021101957,サトノアラジン,アフリート
2021100872,アジアエクスプレス,ダンスインザダーク
2021107315,サンダースノー,Dubai Millennium
2021103475,イスラボニータ,ローレルゲレイロ
2021105091,ドレフォン,ローエングリン
2021103515,マインドユアビスケッツ,ショウナンカンプ
2021102022,ホッコータルマエ,パラダイスクリーク
2021100285,イスラボニータ,ルーラーシップ
2021103562,ヤマカツエース,ティンバーカントリー
2019106857,ロードカナロア,Elusive City
2021107207,アメリカンペイトリオット,シニスターミニスター
2018101851,シビルウォー,Fusaichi Pegasus
2019104760,ドゥラメンテ,Efisio
2018102603,ロードカナロア,ケープブランコ
2019101804,アドマイヤムーン,デュランダル
2016102737,ワークフォース,ゼンノロブロイ
2018106168,スクリーンヒーロー,アグネスデジタル
2019101309,キズナ,ハービンジャー
2018100603,スウェプトオーヴァーボード,シンボリクリスエス
2019100826,ベーカバド,ネオユニヴァース
2020102337,ドゥラメンテ,Sidney's Candy
2017100560,ジャングルポケット,デュランダル
2021106047,モーニン,ファスリエフ
2019100703,トランセンド,ゴールドアリュール
2017106516,シニスターミニスター,キングカメハメハ
2018106899,ディスクリートキャット,ネオユニヴァース
2019106245,アドマイヤムーン,ザール
2018100249,ホッコータルマエ,ゼンノロブロイ
2020103811,スズカコーズウェイ,ゼンノロブロイ
2018102230,アジアエクスプレス,ネオユニヴァース
2017102454,ネオユニヴァース,バゴ
2022105620,モーニン,サンデーサイレンス
2022105725,レイデオロ,ディープインパクト
2022103006,ゴールドドリーム,クロフネ
2022100892,エスポワールシチー,エンパイアメーカー
2022102368,シュヴァルグラン,メイショウボーラー
2022103663,ベストウォーリア,アジュディケーティング
2022106067,マジェスティックウォリアー,フジキセキ
2022102453,タリスマニック,ヘニーヒューズ
2022100424,ハッピースプリント,サクラバクシンオー
2020105700,タリスマニック,ナリタブライアン
2021100916,エイシンヒカリ,フォーティナイナーズサン
2019100474,コパノリッキー,アフリート
2020104807,スマートファルコン,クロフネ
2021100504,ディープスカイ,カリズマティック
2020101826,タリスマニック,ディープスカイ
2021100215,ビッグアーサー,トウカイテイオー
2019105371,トーセンラー,キングカメハメハ
2020104689,ラニ,シーキングザダイヤ
2017101090,ヘニーヒューズ,サンデーサイレンス
2021107043,ローレルゲレイロ,スペシャルウィーク
2018102150,スクリーンヒーロー,テレグノシス
2018101791,ロードカナロア,フジキセキ
2019106661,ディーマジェスティ,サッカーボーイ
2019102025,ジョーカプチーノ,フレンチデピュティ
2020102460,パイロ,シンボリクリスエス
2019104598,フェノーメノ,キングカメハメハ
2020101175,コパノリッキー,クロフネ
2021106691,ファインニードル,ノヴェリスト
2021101606,タリスマニック,ステイゴールド
2021104008,ワールドエース,Bluegrass Cat
2021106484,アドマイヤムーン,クロフネ
2018103798,トーセンジョーダン,ジェニュイン
2021103131,バゴ,エンパイアメーカー
2020104252,ヤマカツエース,ハービンジャー
2019103580,アメリカンペイトリオット,フリオーソ
2020106055,トーセンラー,サクラバクシンオー
2017103637,メイショウボーラー,Mr. Greeley
2021100930,バトルプラン,クロフネ
2016102060,ノボジャック,シンボリクリスエス
2020101502,ノボジャック,ワイルドラッシュ
2021103978,ストロングリターン,ブライアンズタイムBrian'
2019105999,ヴィットリオドーロ,アドマイヤムーン
2020104834,バゴ,ステイゴールド
2019105737,スピルバーグ,El Prado
2019110047,Teofilo,アルカセット
2019101801,ロゴタイプ,シンボリクリスエス
2020103064,マインドユアビスケッツ,キングカメハメハ
2019101534,フリオーソ,シニスターミニスター
2017105088,オルフェーヴル,Sunray Spirit
2019101535,ディーマジェスティ,エンパイアメーカー
2019106856,サトノアラジン,キングカメハメハ
2020101718,マクフィ,ハーツクライ
2019105598,ドリームジャーニー,オンファイア
2019106638,アッミラーレ,クロフネ
2020106251,タリスマニック,ディープインパクト
2020103996,タリスマニック,スペシャルウィーク
2020104410,ネロ,アンバーシャダイ
2021100997,ベストウォーリア,ジェニュイン
2020103830,アジアエクスプレス,サンデーサイレンス
2019101504,ビッグアーサー,ウォーエンブレム
2020102279,ベストウォーリア,アドマイヤドン
2021104041,アルアイン,Sea The StarsSea the Stars
2021101804,ニシケンモノノフ,ダンスインザダーク
2019103565,リーチザクラウン,Munnings
2018103374,メイショウサムソン,ゼンノロブロイ
2018104495,シニスターミニスター,サクラバクシンオー
2022102979,ニューイヤーズデイ,ネオユニヴァース
2022105045,ナダル,アイルハヴアナザーI'
2022103963,レガルスイ,フレンチデピュティ
2022106498,ディーマジェスティ,Street Cry
2022105380,ジャスタウェイ,Speightstown
2022105610,サンダースノー,スズカマンボ
2022107048,サンダースノー,エンパイアメーカー
2022104274,ダノンレジェンド,リンカーン
2022102469,バンブーエール,ロードバリオス
2020104997,ディスクリートキャット,ゴールドアリュール
2020100905,バンブーエール,ヴァーミリアン
2020103179,マクフィ,シンボリクリスエス
2018105132,ネオユニヴァース,クロフネ
2018101999,アイルハヴアナザーI',サンデーサイレンス
2019101321,エスポワールシチー,フォーティナイナー
2018101832,トゥザワールド,フォーティナイナー
2021104139,ホッコータルマエ,キングヘイロー
2019104108,ジャングルポケット,サクラバクシンオー
2017100630,エスケンデレヤ,スパイキュール
2019103822,エイシンヒカリ,シニスターミニスター
2020100711,シニスターミニスター,アグネスタキオン
2017105481,トーセンジョーダン,フジキセキ
2018101376,フリオーソ,ストーミングホーム
2019100886,キングカメハメハ,ディープインパクト
2019103938,キンシャサノキセキ,リンカーン
2020106829,ワールドエース,ダンスインザダーク
2019103427,キズナ,タニノギムレット
2018106175,サウスヴィグラス,アッミラーレ
2020105726,ビーチパトロール,コロナドズクエストCoronado'
2020104217,フリオーソ,マンハッタンカフェ
2020107073,ファインニードル,ステイゴールド
2020100461,シャンハイボビー,コマンズ
2019105307,キタサンブラック,Champs Elysees
2020106939,ダンカーク,キングカメハメハ
2019103259,ザファクター,グラスワンダー
2020103949,マツリダゴッホ,サクラバクシンオー
2020104774,ダイワメジャー,Shamardal
2019101946,ドリームジャーニー,Gone West
2020107092,ストロングリターン,ヴィクトワールピサ
2019100033,ダノンレジェンド,タイムパラドックス
2020102622,ビーチパトロール,ワイルドラッシュ
2020106085,ヴィットリオドーロ,タイムパラドックス
2021102527,タリスマニック,パイロ
2021100563,フサイチセブン,ロードカナロア
2019104014,ジャングルポケット,アグネスタキオン
2021102321,スズカコーズウェイ,サンデーサイレンス
2017101498,スターリングローズ,マンハッタンカフェ
2017103669,ダイワメジャー,ブライアンズタイムBrian'
2020105752,ダノンバラード,グラスワンダー
2018100713,タニノギムレット,スペシャルウィーク
2020100927,メイショウボーラー,タニノギムレット
2021102500,アメリカンペイトリオット,バトルプラン
2021102476,ネロ,リーチザクラウン
2020104475,レッドファルクス,シンボリクリスエス
2019105781,アポロキングダム,ステイゴールド
2020106220,ダンカーク,ケイムホーム
2020104031,タイセイレジェンド,アドマイヤジャパン
2019100220,ジョーカプチーノ,タニノギムレット
2019101690,シルバーステート,Sea The StarsSea the Stars
2017103649,マジェスティックウォリアー,アグネスタキオン
2022100066,オルフェーヴル,Hard Spun
2022100730,アニマルキングダム,マンハッタンカフェ
2022107390,ビッグアーサー,ステイゴールド
2022107265,アルアイン,ヴァーミリアン
2022101589,アドミラブル,ノヴェリスト
2022100385,ビーチパトロール,メイショウボーラー
2022100504,アポロケンタッキー,アドマイヤムーン
2022100948,コパノリチャード,マイネルラヴ
2022100804,ヤマカツエース,マンハッタンカフェ
2022104333,スマートファルコン,キングカメハメハ
2022105662,マクマホン,アグネスデジタル
2022109032,スマートファルコン,ヴァーミリアン
2022103659,トゥザワールド,アドマイヤジャパン
2022104524,サトノアレス,タイキシャトル
2022101219,ディスクリートキャット,Dynaformer
2022101271,ノーブルミッション,Haafhd
2022104109,タリスマニック,キングズベストKing'
2022104027,カリフォルニアクローム,Giant's Causeway
2022101778,ポアゾンブラック,デュランダル
2022106020,ミッキーグローリー,バンブーエール
2022104332,スマートファルコン,アイルハヴアナザーI'
2022105935,ダノンレジェンド,エピファネイア
2022100229,トビーズコーナーToby',ジョーカプチーノ
2022105894,サンダースノー,クロフネ
2022104449,スマートファルコン,クロフネ
2022101714,アメリカンペイトリオット,マイネルラヴ
2022101257,ヘニーヒューズ,アフリート
2022106934,ダノンレジェンド,パイロ
2022109030,ディスクリートキャット,フジキセキ
2020106391,ハーツクライ,サクラバクシンオー
2020100384,ラブリーデイ,アグネスデジタル
2021100837,ワールドエース,プリサイスエンド
2021102602,ハービンジャー,Tale of Ekati
2019105918,ドゥラメンテ,メイショウサムソン
2019103483,モーリス,フレンチデピュティ
2021104488,アニマルキングダム,ダンスインザダーク
2021102187,モーニン,オルフェーヴル
2020104213,クリエイター,トワイニング
2020102113,トゥザワールド,スズカマンボ
2017103294,スウェプトオーヴァーボード,キングカメハメハ
2020101682,カレンブラックヒル,Giant's Causeway
2021102906,ドレフォン,Dylan Thomas
2021102736,キンシャサノキセキ,キングカメハメハ
2020102167,ホッコータルマエ,アドマイヤムーン
2021103544,スノードラゴン,ロージズインメイ
2020106002,キンシャサノキセキ,アフリート
2021102340,サンダースノー,ハービンジャー
2021105167,シャンハイボビー,ハービンジャー
2017103887,スマートファルコン,Fusaichi Pegasus
2021103094,ヤマカツエース,ゴールドアリュール
2020103424,ドゥラメンテ,ゼンノロブロイ
2021107027,グロリアスノア,エンパイアメーカー
2017104890,キンシャサノキセキ,タニノギムレット
2020106858,ビーチパトロール,フレンチデピュティ
2021104128,ヘニーヒューズ,ノヴェリスト
2021100643,ビッグアーサー,ハーツクライ
2021105546,ブリックスアンドモルタル,ハービンジャー
2021104050,リーチザクラウン,ダイワメジャー
2021105243,イスラボニータ,Marju
2021100844,マジェスティックウォリアー,ハーツクライ
2019103109,ホッコータルマエ,フレンチデピュティ
2021106430,ジョーカプチーノ,Broad Brush
2021106303,トゥザワールド,Grand Slam
2019102982,ジョーカプチーノ,Dubai Destination
2019104123,メイショウボーラー,ゴールドアリュール
2019106781,トビーズコーナーToby',フレンチデピュティ
2020106546,グレーターロンドン,マンハッタンカフェ
2017103912,スマートファルコン,ソヴィエトスター
2021101836,アレスバローズ,ファルブラヴ
2021102306,ジョーカプチーノ,サクラバクシンオー
2020105120,ナムラタイタン,ロードカナロア
2021102768,ディスクリートキャット,ダイワメジャー
2021101350,ミッキーアイル,キングカメハメハ
2020100185,エスポワールシチー,オペラハウス
2019103188,ディスクリートキャット,キングカメハメハ
2021105037,ネオユニヴァース,Indian Charlie
2020104116,ファインニードル,High Yield
2019100938,バゴ,ブライアンズタイムBrian'
2020102519,トーセンブライト,トーセンファントム
2021100923,シルバーステート,カンパニー
2020106521,エイシンヒカリ,Exchange Rate
2020101051,ラニ,ゴールドヘイロー
2019103947,ホッコータルマエ,ステイゴールド
2018110151,Exceed And Excel,Toolighttoquit
2018102258,キズナ,ワカオライデン
2021104628,フェノーメノ,ロードカナロア
2018105604,シニスターミニスター,キングカメハメハ
2018104805,スクリーンヒーロー,Encosta de Lago
2018106824,モンテロッソ,シャーディー
2019101153,ワールドエース,Bold Executive
2022101772,ミスターメロディ,アグネスデジタル
2022107244,シニスターミニスター,Raven's Pass
2022103085,サンダースノー,パイロ
2022106022,ディスクリートキャット,ハーツクライ
2022100022,ゴールドドリーム,パイロ
2022104481,フォーウィールドライブ,スペシャルウィーク
2022106548,アルアイン,オルフェーヴル
2022101803,トビーズコーナーToby',ケイムホーム
2022100581,ミスターメロディ,マンハッタンカフェ
2022103009,モズアスコット,メイショウサムソン
2022103771,ルヴァンスレーヴ,サウスヴィグラス
2023110030,Kantharos,Malibu Moon
2023105057,ルヴァンスレーヴ,クロフネ
2023103205,ベストウォーリア,クロフネ
2023101422,サングレーザー,ヘニーヒューズ
2023100409,アルアイン,キンシャサノキセキ
2022103724,ダノンレジェンド,コンデュイット
2022102464,シュヴァルグラン,ストリートセンス
2022106056,コパノリッキー,ファスリエフ
2019101924,ザファクター,アドマイヤムーン
2021104061,サクラオリオン,サクラプレジデント
2019104211,リオンディーズ,ジャングルポケット
2017102857,ベルシャザール,ケイムホーム
2018103617,キズナ,ストーミングホーム
2019106485,シルバーステート,フォーティナイナー
2021104698,ヴァンキッシュラン,スクリーンヒーロー
2021103759,ビッグアーサー,ハーツクライ
2020104138,ヴィットリオドーロ,シニスターミニスター
2021106049,グレーターロンドン,ナカヤマフェスタ
2021106665,スクリーンヒーロー,アドマイヤムーン
2020100576,メイショウボーラー,シンボリクリスエス
2019101510,アンライバルド,リンドシェーバー
2021101550,エスポワールシチー,サウスヴィグラス
2021107146,モーニン,シンボリクリスエス
2021101273,ベルシャザール,ワカオライデン
2020103467,キンシャサノキセキ,Pour Moi
2020106834,バトルプラン,スウェプトオーヴァーボード
2019102664,アイルハヴアナザーI',スペシャルウィーク
2019101197,モンテロッソ,メジロマックイーン
2019101537,ワールドエース,アドマイヤムーン
2019104463,モーリス,Distorted Humor
2019104182,モンテロッソ,ネオユニヴァース
2019102843,ワールドエース,サクラバクシンオー
2020106541,ベストウォーリア,Montjeu
2020105109,ジャスタウェイ,ハービンジャー
2019103310,ザファクター,ダイワメジャー
2021100418,エピカリス,キングカメハメハ
2017105884,エーシンジーライン,Monsun
2020101946,リオンディーズ,クロフネ
2021103981,キズナ,Montjeu
2017105428,カネヒキリ,Kingmambo
2019106473,サウンドボルケーノ,パラダイスクリーク
2017105976,ジャスタウェイ,ロックオブジブラルタル
2020100411,トランセンド,ハーツクライ
2019100746,ハーツクライ,Medicean
2020101984,メイショウボーラー,フレンチデピュティ
2020101554,エピファネイア,サクラバクシンオー
2021103953,ヘニーヒューズ,キングカメハメハ
2020102500,トーセンファントム,トウカイテイオー
2019103283,ニホンピロアワーズ,ハーツクライ
2018103088,ハーツクライ,サクラバクシンオー
2021102624,トビーズコーナーToby',Skip Away
2021101231,ショウナンバッハ,タイキシャトル
2021104721,ダイワメジャー,ホワイトマズル
2020102878,パイロ,ゴールドアリュール
2019103300,ホッコータルマエ,スズカマンボ
2021102674,エスポワールシチー,エンパイアメーカー
2016106560,アドマイヤムーン,サンダーガルチ
2020106937,ダノンレジェンド,ロードカナロア
2019103199,ジョーカプチーノ,オペラハウス
2020102514,トーセンモナーク,Mineshaft
2022106340,コパノリチャード,ウインクリューガー
2022102782,タリスマニック,ルーラーシップ
2022106140,ギンザグリングラス,ダイワメジャー
2022104161,サートゥルナーリア,デヒア
2021100989,ホッコータルマエ,タニノギムレット
2018103331,ロージズインメイ,ゴールドアリュール
2019102343,コパノリッキー,マンハッタンカフェ
2018102641,シニスターミニスター,Shamardal
2019104559,キンシャサノキセキ,キングカメハメハ
2019101570,ラニ,スクリーンヒーロー
2019100695,キタサンブラック,アドマイヤドン
2021101964,トランセンド,ゴールドヘイロー
2022100745,アニマルキングダム,キズナ
2022106355,モーニン,ディープインパクト
2022101612,ブルドッグボス,Gold Legend
2022101317,モーニン,ダンスインザダーク
2019110041,Camelot,War Chant
2020102225,タリスマニック,ブライアンズタイムBrian'
2017105045,ダノンバラード,ロージズインメイ
2022100350,オーヴァルエース,スターリングローズ
2022104458,ストロングリターン,ゴールドアリュール
2022106289,ミュゼスルタン,スペシャルウィーク
2019100781,スクリーンヒーロー,ステイゴールド
2018104031,サウスヴィグラス,マンハッタンカフェ
2019100255,ラニ,コロニアルアッフェアー
2017104322,スピルバーグ,チチカステナンゴ
2019106850,バーディバーディ,ゼンノロブロイ
2019101843,ジャスタウェイ,ファスリエフ
2021104568,ホッコータルマエ,アグネスタキオン
2022100319,ポアゾンブラック,キンシャサノキセキ
2022100082,コパノリッキー,サクラバクシンオー
2017102658,シビルウォー,アグネスタキオン
2020106984,ビーチパトロール,マツリダゴッホ
2021103310,バゴ,ゴールドアリュール
2021103783,コパノリッキー,バブルガムフェロー
2019101335,アジアエクスプレス,アルデバラン
2020102729,マインドユアビスケッツ,フレンチデピュティ
2021102691,メイショウボーラー,カルストンライトオ
2018106647,タイセイレジェンド,スターリングローズ
2020105507,ラニ,ルールオブロー
2022105086,ミスターメロディ,キングカメハメハ
2022102940,エポカドーロ,ネオユニヴァース
2022101508,ロゴタイプ,キングズベストKing'
2022106050,ラニ,ディープスカイ
2022101300,エピカリス,クラキングオー
2022102177,ルヴァンスレーヴ,サクラプレジデント
2022106710,シャンハイボビー,アニマルキングダム
2019101433,ディープスカイ,タイムパラドックス
2019101967,ロージズインメイ,マンハッタンカフェ
2019103789,ハクサンムーン,ジャングルポケット
2018103353,カレンブラックヒル,Silver Deputy
2021102886,アジアエクスプレス,ダンスインザダーク
2017110105,Constitution,Candy Ride
2018106443,エイシンヒカリ,Mr. Greeley
2018101932,エイシンフラッシュ,サンデーサイレンス
2021106952,カレンブラックヒル,Judge T C
2017101750,ロードカナロア,ダンスインザダーク
2021106090,タリスマニック,キャプテンスティーヴ
2020100101,エーシントップ,サンデーサイレンス
2020103616,リアルスティール,クロフネ
2019102745,ダノンレジェンド,サウスヴィグラス
2020102412,ノヴェリスト,ゼンノロブロイ
2020100319,スマートファルコン,タニノギムレット
2021101973,インカンテーション,クロフネ
2020101632,ダノンレジェンド,ディープインパクト
2019106783,コパノリッキー,フォーティナイナー
2019100348,キズナ,ブライアンズタイムBrian'
2022102509,ダノンレジェンド,キングヘイロー
2022104045,アジアエクスプレス,サクラバクシンオー
2022104248,タワーオブロンドン,アグネスタキオン
2022107393,トゥザグローリー,ヨハネスブルグ
2019105919,ビッグアーサー,キングカメハメハ
2019102153,リーチザクラウン,Montjeu
2018106793,ノボジャック,ダンスインザダーク
2022106671,ディスクリートキャット,タニノギムレット
2022101945,トビーズコーナーToby',マンハッタンカフェ
2022103437,ゴールドアクター,キングヘイロー
2022100475,アルアイン,タイキシャトル
2022106277,レインボーライン,Manduro
2022104052,デクラレーションオブウォー,ハーツクライ
2018100602,マジェスティックウォリアー,Leroidesanimaux
2019104300,ディスクリートキャット,メイショウボーラー
2021103192,ブリーズフレイバー,スウェプトオーヴァーボード
2018104113,ゴールドシップ,ブライアンズタイムBrian'
2019104782,ハービンジャー,マンハッタンカフェ
2020102693,スクリーンヒーロー,ダイワメジャー
2021100463,ビーチパトロール,コマンズ
2020110103,Justify,Smart Strike
2021103016,タリスマニック,スズカマンボ
2020101125,モンテロッソ,ステイゴールド
2021105169,キタサンブラック,ダイワメジャー
2018100402,オルフェーヴル,キングカメハメハ
2021100715,フサイチセブン,ダイワメジャー
2018103009,キンシャサノキセキ,チチカステナンゴ
2022101238,フォーウィールドライブ,ハーツクライ
2022109021,ケープブランコ,ハーツクライ
2020100169,ロードカナロア,ハーツクライ
2020104648,レッドファルクス,ルールオブロー
2020100184,シニスターミニスター,ヴィクトワールピサ
2019106177,スマートファルコン,マイネルラヴ
2018104709,クロフネ,スウェプトオーヴァーボード
2018105452,ロードカナロア,サンデーサイレンス
2019100035,ベルシャザール,シャンハイ
2018103811,パイロ,シンボリクリスエス
2021103964,アポロケンタッキー,サイレントディール
2018106265,マジェスティックウォリアー,ディープスカイ
2018105679,トーセンブライト,ダイワメジャー
2017103619,エスケンデレヤ,フジキセキ
2019100998,ヘニーヒューズ,キングヘイロー
2017106303,ケープブランコ,シンボリクリスエス
2021101799,ニシケンモノノフ,ネオユニヴァース
2021107083,レッドファルクス,エスケンデレヤ
2018105873,ミキノバンジョー,ディアブロ
2021103573,ポアゾンブラック,アドマイヤジャパン
2021106664,ディスクリートキャット,アグネスタキオン
2018104588,キングカメハメハ,フジキセキ
2019103972,リアルインパクト,オペラハウス
2017104341,カネヒキリ,フレンチデピュティ
2021100783,シュヴァルグラン,タニノギムレット
2018101138,ベルシャザール,クロフネ
2021105342,ベストウォーリア,アグネスタキオン
2018106803,パイロ,フォーティナイナー
2018101325,オルフェーヴル,Singspiel
2018106759,モンテロッソ,ダンスインザダーク
2019101453,ドゥラメンテ,クロフネ
2019100158,ブラックタイド,Kingmambo
2021106451,ヘニーヒューズ,ステイゴールド
2022103828,ジョーカプチーノ,サウスヴィグラス
2022103163,オールブラッシュ,ゴールドアリュール
2022107388,セイクリムズン,シニスターミニスター
2022106895,コパノリッキー,シーキングザダイヤ
2022102067,ゴールドドリーム,グラスワンダー
2022101581,アメリカンペイトリオット,マイネルラヴ
2022106025,モーニン,シニスターミニスター
2020106781,ダノンレジェンド,アグネスフライト
2019104694,ミッキーアイル,Smart Strike
2020100336,ジャングルポケット,ウォーエンブレム
2019106035,リオンディーズ,バブルガムフェロー
2019100308,シルバーステート,スピードワールド
2016101830,ローズキングダム,グラスワンダー
2019104240,クリエイター,ジェイドロバリー
2019105443,ロードカナロア,Pivotal
2019103970,フリオーソ,コロナドズクエストCoronado'
2019103891,イスラボニータ,Singspiel
2019106784,マスクゾロ,Crafty Prospector
2019105685,アグネスデジタル,ステイゴールド
2018105844,サウスヴィグラス,スペシャルウィーク
2021101290,シュヴァルグラン,グラスワンダー
2018102267,パイロ,フレンチデピュティ
2021101846,ヴィットリオドーロ,ハーツクライ
2018100277,セイントアレックス,ブラックタイアフェアー
2018106517,ヘニーハウンド,クロフネ
2018102684,ジャングルポケット,サウスヴィグラス
2022107066,モズアスコット,アフリート
2022106839,ベルシャザール,タイキシャトル
2022101313,ハタノヴァンクール,ヨハネスブルグ
2022109009,オールブラッシュ,マンハッタンカフェ
2022102577,モーニン,キンシャサノキセキ
2023105178,モーニン,スマートロビン
2023102625,クリソベリル,サマーバード
2023102070,ミスターメロディ,ルーラーシップ
2023105718,カリフォルニアクローム,アグネスデジタル
2023100738,モズアスコット,ディープインパクト
2023104041,インディチャンプ,ハーツクライ
2023107405,エスポワールシチー,ネオユニヴァース
2023104037,レッドファルクス,ゼンノロブロイ
2023107420,タリスマニック,アグネスタキオン
2023102366,エイシンフラッシュ,ブラックホーク
2023104145,カレンブラックヒル,マヤノトップガン
2023101547,ジャスタウェイ,Galileo
2022103943,ラニ,ワークフォース
2022100789,フォーウィールドライブ,ネオユニヴァース
2022103203,ダノンレジェンド,ハーツクライ
2021101617,シルバーステート,Shamardal
2018104015,バトルプラン,サクラプレジデント
2020102057,リオンディーズ,メイショウボーラー
2020101163,ビッグアーサー,ストーミングホーム
2020100872,サトノアラジン,Pioneerof the Nile
2021107068,カレンブラックヒル,タイキシャトル
2021104086,ベストウォーリア,スウィフトカレント
2021103260,ヘニーヒューズ,オレハマッテルゼ
2020105723,ファインニードル,オルフェーヴル
2021101653,サンダースノー,パイロ
2020101838,タリスマニック,パイロ
2019105681,ルックスザットキル,Mizzen Mast
2021101840,ニシケンモノノフ,ファスリエフ
2021106659,ディスクリートキャット,ネオユニヴァース
2020100258,ネロ,パイロ
2020100961,マジェスティックウォリアー,ゴールドアリュール
2020106075,ニシケンモノノフ,ジャングルポケット
2020103143,ホールウォーカー,ノボジャック
2022107227,Blue Point,Dubawi
2022104250,デクラレーションオブウォー,ディープインパクト
2022104329,タリスマニック,ディープインパクト
2023101058,レッドファルクス,メイショウサムソン
2023104541,クリソベリル,テレグノシス
2023100167,Tiz the Law,American Pharoah
2023100182,クリソベリル,ロードカナロア
2023101242,ディープブリランテ,クロフネ
2023101258,カレンブラックヒル,トーセンラー
2020100863,キズナ,キングズベストKing'
2019105100,ロードカナロア,ダイワメジャー
2021106373,エスポワールシチー,キングカメハメハ
2020103936,イスラボニータ,ティンバーカントリー
2021107091,マインドユアビスケッツ,ハーツクライ
2020102479,マクマホン,Galileo
2019105012,ディスクリートキャット,ボストンハーバー
2017103386,リアルインパクト,アフリート
2020106276,アメリカンペイトリオット,キングヘイロー
2022100502,ゴールドドリーム,エンドスウィープ
2021105251,マインドユアビスケッツ,ダイワメジャー
2020100227,ストロングリターン,アドマイヤムーン
2020101630,シルバーステート,ワークフォース
2018101223,スマートファルコン,サウスヴィグラス
2021103120,ドレフォン,ゴールドアリュール
2021107353,エスポワールシチー,Bernardini
2020101699,シゲルカガ,クロフネ
2020105197,マインドユアビスケッツ,フジキセキ
2021106262,トゥザワールド,コロニアルアッフェアー
2020100132,フリオーソ,スパイキュール
2017101378,カネヒキリ,Kingmambo
2022104182,ダノンレジェンド,スペシャルウィーク
2018104666,ロードカナロア,ダイワメジャー
2016103364,スマートファルコン,アフリート
2019105903,トゥザワールド,キングヘイロー
2019106853,ディープブリランテ,キングカメハメハ
2022101982,ヘニーヒューズ,キングカメハメハ
2022101829,デクラレーションオブウォー,ヴァーミリアン
2022100567,レッドファルクス,Giant's Causeway
2022103800,ヘニーヒューズ,スペシャルウィーク
2019106486,ナムラタイタン,グラスワンダー
2021102377,ヴィクトワールピサ,キングカメハメハ
2021102711,リアルスティール,クロフネ
2020106495,ファインニードル,フジキセキ
2018102663,ルーラーシップ,マンハッタンカフェ
2022101160,サトノクラウン,ディープインパクト
2022101000,ルヴァンスレーヴ,スズカマンボ
2022106019,ホッコータルマエ,タイムパラドックス
2022106885,ホッコータルマエ,パイロ
2022102720,フリオーソ,フジキセキ
2022101799,アメリカンペイトリオット,ダンスインザダーク
2019101884,モンテロッソ,アドマイヤムーン
2019100170,ミッキーアイル,マイネルラヴ
2021110154,Practical Joke,Seeking the Gold
2021102020,レッドファルクス,スクリーンヒーロー
2021105240,ホッコータルマエ,ゼンノロブロイ
2018106348,ホッコータルマエ,ネオユニヴァース
2020104846,ヘニーヒューズ,Singspiel
2016105537,アイルハヴアナザーI',アグネスタキオン
2018102078,フリオーソ,サウスヴィグラス
2016101154,キングカメハメハ,フジキセキ
2018104280,トゥザグローリー,シーキングザダイヤ
2021102661,マジェスティックウォリアー,ジャングルポケット
2019100868,アイルハヴアナザーI',ネオユニヴァース
2022106745,エスケンデレヤ,キンシャサノキセキ
2022103456,パイロ,エルコンドルパサー
2022101304,エスケンデレヤ,ブライアンズタイムBrian'
2022103582,ミッキーグローリー,コンデュイット
2017106683,キングズベストKing',スペシャルウィーク
2018106725,モンテロッソ,マルゼンスキー
2020101690,コパノリッキー,Notebook
2022107234,フォーウィールドライブ,ハービンジャー
2022105910,マインドユアビスケッツ,ゴールドアリュール
2022102544,ナダル,ゼンノロブロイ
2022100383,エイシンフラッシュ,ヴィクトワールピサ
2022101003,タワーオブロンドン,ヴィクトワールピサ
2020100161,ロードカナロア,ディープインパクト
2021105915,スワーヴリチャード,クロフネ
2021106984,ビッグアーサー,カンパニー
2021105820,ミッキーアイル,Dubawi
2020100998,ホッコータルマエ,アドマイヤジャパン
2021102339,サトノアレス,ジャングルポケット
2021100857,フリオーソ,ゼンノロブロイ
2020102934,レッドファルクス,ハービンジャー
2019106920,エスポワールシチー,ラムタラ
2021104817,ディープブリランテ,サウスヴィグラス
2020106004,ヘニーヒューズ,ダイワメジャー
2021104001,パイロ,アイルハヴアナザーI'
2020109106,ドレフォン,メイショウボーラー
2020105675,リアルスティール,キングカメハメハ
2021106663,ディスクリートキャット,サウスヴィグラス
2019106699,トランセンド,シンボリクリスエス
2020104051,ホッコータルマエ,アフリート
2017110067,Tapit,Stormin Fever
2019103029,ロードカナロア,ダイワメジャー
2022104354,アニマルキングダム,フジキセキ
2022100735,ロゴタイプ,アグネスタキオン
2022103407,アメリカンペイトリオット,ゴールドアリュール
2022100563,ルヴァンスレーヴ,バブルガムフェロー
2022107168,サトノアラジン,ディープスカイ
2019102975,ベーカバド,ダンスインザダーク
2023109043,ウインバリアシオン,ローレルゲレイロ
2023101388,タリスマニック,キングズベストKing'
2022104573,モーニン,キングカメハメハ
2022103662,フォーウィールドライブ,アドマイヤマックス
2022104192,バーディバーディ,ワイルドラッシュ
2022102051,コパノリッキー,ケイムホーム
2022110154,Mucho Macho Man,Tizdejavu
2019101071,リオンディーズ,サクラバクシンオー
2021102731,ダイワメジャー,グラスワンダー
2021103042,メイショウサムソン,エンパイアメーカー
2021100547,ラニ,フレンチデピュティ
2020103227,ドレフォン,マンハッタンカフェ
2021104009,スワーヴリチャード,アフリート
2017102440,ロードカナロア,マンハッタンカフェ
2021107305,モンテロッソ,ゼンノロブロイ
2021107276,City of Light,Super Saver
2021102024,パイロ,フジキセキ
2018105588,フリオーソ,アメリカンボス
2020105814,ニシケンモノノフ,サウスヴィグラス
2020100624,レインボーライン,キングズベストKing'
2021102910,インカンテーション,Catcher In The Rye
2020106686,ジャスタウェイ,Kingmambo
2019104889,シニスターミニスター,サンデーサイレンス
2020100191,ドゥラメンテ,Elusive Quality
2023102479,タワーオブロンドン,ディープスカイ
2023101977,トビーズコーナーToby',ゴールドヘイロー
2023100650,フォーウィールドライブ,キンシャサノキセキ
2023102755,シルバーステート,ジャングルポケット
2023102306,エスケンデレヤ,ダノンシャンティ
2023103976,ホッコータルマエ,キズナ
2023100824,ミスチヴィアスアレックス,ゼンノロブロイ
2023101431,アジアエクスプレス,タニノギムレット
2023102663,フォーウィールドライブ,ゼンノロブロイ
2023101312,リアルスティール,スペシャルウィーク
2023101012,サングレーザー,エイシンフラッシュ
2022104338,レインボーライン,エンパイアメーカー
2022106511,タワーオブロンドン,タニノギムレット
2022100862,エスポワールシチー,クロフネ
2021101314,サンダースノー,ディープインパクト
2022104549,ドレフォン,エンパイアメーカー
2020100744,メイショウボーラー,ヴィクトワールピサ
2021102455,パイロ,ネオユニヴァース
2020101048,レッドファルクス,フサイチコンコルド
2023101740,アジアエクスプレス,ゴールドアリュール
2023105769,ビーチパトロール,ブライアンズタイムBrian'
2023104640,エキストラエンド,クロフネ
2023100125,アルアイン,Kitten's Joy
2023101808,ポアゾンブラック,キンシャサノキセキ
2023104143,タワーオブロンドン,ファスリエフ
2023105535,アルアイン,Dynaformer
2018100578,スウェプトオーヴァーボード,タニノギムレット
2019102689,ローエングリン,フジキセキ
2018105769,コパノリチャード,ヴァーミリアン
2020104870,ラブリーデイ,オペラハウス
2020105930,マジェスティックウォリアー,ダイワメジャー
2021103966,アメリカンペイトリオット,アグネスタキオン
2021104678,リアルスティール,Awesome Again
2021106866,ラブリーデイ,ダイワメジャー
2020102461,アメリカンペイトリオット,スウェプトオーヴァーボード
2021106835,ゴールドシップ,バゴ
2016100714,クロフネ,サクラバクシンオー
2021106030,アポロケンタッキー,エイシンフラッシュ
2022100241,ブルドッグボス,サウスヴィグラス
2022107237,ゴールドドリーム,ジャングルポケット
2022100500,ミスターメロディ,クロフネ
2018103714,パイロ,サウスヴィグラス
2020105960,レインボーライン,タニノギムレット
2019101027,ヴァンセンヌ,サクラバクシンオー
2021102405,マジェスティックウォリアー,コマンズ
2021103183,ホッコータルマエ,ダンスインザダーク
2020100556,エスケンデレヤ,Oasis Dream
2021101071,バゴ,ハーツクライ
2022101907,ホッコータルマエ,タニノギムレット
2019106155,アジアエクスプレス,ファスリエフ
2021105099,エピファネイア,ジャングルポケット
2022100035,ホッコータルマエ,ワイルドラッシュ
2018101007,アジアエクスプレス,アドマイヤマックス
2020101547,ロードカナロア,Curlin
2017101719,ヘニーヒューズ,スペシャルウィーク
2020107041,ダノンレジェンド,ダンカーク
2021105216,ジャスタウェイ,クロフネ
2021104696,ヴァンキッシュラン,ステイゴールド
2022101244,エイシンフラッシュ,タイキシャトル
2022102281,モンテロッソ,ワイルドラッシュ
2022102414,パイロ,ストリートセンス
2022101489,ヘンリーバローズ,ルーラーシップ
2022100445,カレンブラックヒル,ジェニュイン
2022107033,スズカコーズウェイ,Medaglia d'Oro
2019101414,モーリス,マンハッタンカフェ
2018100354,リアルインパクト,ノボジャック
2021103317,アドマイヤムーン,キングズベストKing'
2020106577,シルバーステート,クロフネ
2018110075,Liam's Map,Tiznow
2020102732,ダイワメジャー,Monsun
2020106604,ネロ,トーセンロレンス
2021103952,エピカリス,ジェイドロバリー
2022105382,パイロ,ネオユニヴァース
2021100217,ホッコータルマエ,アグネスタキオン
2020102898,ラブリーデイ,ゴールドアリュール
2022102748,ブリックスアンドモルタル,クロフネ
2022100720,インカンテーション,ストロングリターン
2022103978,ビッグアーサー,Dynaformer
2022109173,エーシントップ,アドマイヤムーン
2023100606,ヘニーヒューズ,ゼンノロブロイ
2022101579,カレンブラックヒル,トーセンホマレボシ
2022103667,ミスターメロディ,ディープインパクト
2022100119,ウォータービルド,エイシンサンディ
2021107388,デクラレーションオブウォー,アルデバラン
2021101574,エスポワールシチー,キングカメハメハ
2019106097,ディーマジェスティ,バトルプラン
2019105313,サトノアラジン,エンドスウィープ
2020105130,ヘニーヒューズ,トワイニング
2021104085,モーニン,ブライアンズタイムBrian'
2019100714,ヴァンセンヌ,ディープスカイ
2022102078,ベストウォーリア,スマートボーイ
2022103889,ワールドエース,スペシャルウィーク
2022103180,ヘニーヒューズ,ネオユニヴァース
2022106141,サンダースノー,タニノギムレット
2021101615,カリフォルニアクローム,アドマイヤムーン
2021102061,シニスターミニスター,スマートファルコン
2021106008,シャンハイボビー,アドマイヤマックス
2020100616,ドリームバレンチノ,バトルプラン
2020101972,カレンブラックヒル,タイキシャトル
2020109069,クリエイター,ゴールドアリュール
2020106153,グレーターロンドン,ダイワメジャー
2021100619,ジャスタウェイ,キングカメハメハ
2020104321,スマートファルコン,フレンチデピュティ
2019100764,スクリーンヒーロー,サクラバクシンオー
2021103834,アメリカンペイトリオット,ハーツクライ
2020102002,フリオーソ,サウスヴィグラス
2023104802,ダンカーク,ダイワメジャー
2023100083,ベストウォーリア,ウェイオブライト
2023104131,アメリカンペイトリオット,ドゥラメンテ
2023105424,バンブーエール,Footstepsinthesand
2023101409,レッドファルクス,ステイゴールド
2023100347,スズカコーズウェイ,Shackleford
2023106523,ディスクリートキャット,コマンズ
2023102515,モーニン,デザートキング
2023104238,ゴールドドリーム,Dixie Union
2023106632,ゴールドドリーム,クロフネ
2019102732,ジャングルポケット,ネオユニヴァース
2020103948,ネオユニヴァース,ショウナンカンプ
2020100338,キンシャサノキセキ,ネオユニヴァース
2021104530,ワールドエース,オペラハウス
2021100578,サンダースノー,ゼンノロブロイ
2021102088,サトノアラジン,タニノギムレット
2022106130,ホッコータルマエ,ダイワメジャー
2022102075,エポカドーロ,ブライアンズタイムBrian'
2021102342,デクラレーションオブウォー,シンボリクリスエス
2021106311,カリフォルニアクローム,ヴィクトワールピサ
2023100162,マジェスティックウォリアー,ロードカナロア
2023105900,マテラスカイ,ディープインパクト
2023105581,タワーオブロンドン,ヘニーヒューズ
2023104981,サートゥルナーリア,Thousand Words
2023105166,マテラスカイ,ゴールドアリュール
2023101962,エポカドーロ,ジャングルポケット
2019105868,ポアゾンブラック,サウスヴィグラス
2023105212,アドマイヤマーズ,クロフネ
2023105306,シスキン,ディープインパクト
2023101205,ウインブライト,スターリングローズ
2023101370,ディーマジェスティ,サウスヴィグラス
2023106301,パイロ,ヨハネスブルグ
2023105270,ドレフォン,ディープインパクト
2023102250,オルフェーヴル,ディープブリランテ
2023106953,ルヴァンスレーヴ,ダイワメジャー
2023100305,ドレフォン,ゴールドアリュール
2023102427,モズアスコット,ディープインパクト
2023105322,レイデオロ,アグネスタキオン
2023107476,フィエールマン,ダノンシャンティ
2023106308,クリソベリル,ディープスカイ
2024102354,サートゥルナーリア,Into Mischief
2024100255,カラヴァッジオ,アドマイヤムーン
2024102398,キセキ,スウェプトオーヴァーボード
2024101989,タワーオブロンドン,トーセンジョーダン
2024103288,ビッグアーサー,ハーツクライ
2024106248,ドレフォン,キンシャサノキセキ
2024102603,ロジャーバローズ,エスポワールシチー
2024100607,ミッキーアイル,ゴールドアリュール
2024103348,サリオス,Manduro
2024100742,ミスチヴィアスアレックス,エピファネイア
2024106849,トーセンレーヴ,ゴールドシップ
2024102620,ブルドッグボス,エイシンフラッシュ
2023106257,ナダル,カレンブラックヒル
2023100608,シルバーステート,エピファネイア
2023100645,シルバーステート,クロフネ
2023105959,ダイワメジャー,Dubai Destination
2023100389,サートゥルナーリア,ディープインパクト
2023107523,Knicks Go,マジェスティックウォリアー
2021105050,ハーツクライ,Sharp Humor
2021106203,モーリス,ステイゴールド
2023107141,Justify,American Pharoah
2023101347,タリスマニック,ハーツクライ
2023100977,フォーウィールドライブ,ロードカナロア
2023107409,シスキン,ネオユニヴァース
2023101761,オルフェーヴル,メジロベイリー
2023102435,ダノンレジェンド,キタサンブラック
2023103863,サトノクラウン,ロサード
2023106397,アスクピーターパン,シンボリクリスエス
2023100609,マインドユアビスケッツ,ハーツクライ
2023103726,サートゥルナーリア,Closing Argument
2023101742,ディーマジェスティ,クロフネ
2023101035,ダイワメジャー,Stormy Atlantic
2023104809,シュヴァルグラン,Singspiel
2023105630,エスポワールシチー,スターリングローズ
2023102753,パイロ,シンボリクリスエス
2023102468,シャンハイボビー,サウスヴィグラス
2023104421,トビーズコーナーToby',ネオユニヴァース
2023102371,マインドユアビスケッツ,ブラックタイド
2023103867,キセキ,ドリームジャーニー
2023103607,エピファネイア,Medaglia d'Oro
2023102231,アルバート,ロードカナロア
2023103496,ブリックスアンドモルタル,Smarty Jones
2023102546,キズナ,エンパイアメーカー
2024107264,フォーウィールドライブ,スペシャルウィーク
2024105166,ダノンプレミアム,Storm Cat
2024102983,タワーオブロンドン,フェノーメノ
2024105339,ディスクリートキャット,アサクサキングス
2024106810,ジャンダルム,ヘニーヒューズ
2024101296,エピファネイア,ハーツクライ
2024107158,マインドユアビスケッツ,ハーツクライ
2024100352,ロジャーバローズ,ファルブラヴ
2023107144,エピファネイア,ディープインパクト
2023101000,フィエールマン,El Corredor
2023103786,エピファネイア,ディープインパクト
2023102112,サトノダイヤモンド,ダイワメジャー
2023102511,サトノダイヤモンド,ファスリエフ
2023103750,ニューイヤーズデイ,オルフェーヴル
2023102032,イスラボニータ,フォーティナイナーズサン
2023103454,サートゥルナーリア,スウェプトオーヴァーボード
2023103024,ルヴァンスレーヴ,サウスヴィグラス
2023101091,ルヴァンスレーヴ,アドマイヤムーン
2023102197,ルヴァンスレーヴ,スウェプトオーヴァーボード
2023100731,ダノンレジェンド,スペシャルウィーク
2023105282,モーリス,ディープインパクト
2023101812,シルバーステート,ダンスインザダーク
2023104789,モズアスコット,オレハマッテルゼ
2023104474,アメリカンペイトリオット,ドゥラメンテ
2023102942,キタサンブラック,タイキシャトル
2023103369,モーリス,ハービンジャー
2023104338,ハービンジャー,ゼンノロブロイ
2023101328,スワーヴリチャード,ネオユニヴァース
2023104286,シニスターミニスター,マジェスティックウォリアー
2024106378,サリオス,キングカメハメハ
2024106429,ミッキーアイル,ルーラーシップ
2024101292,キタサンブラック,Speightstown
2024104976,シルバーステート,エンパイアメーカー
2024104439,Showcasing,Motivator
2024106556,ニューイヤーズデイ,キングカメハメハ
2024105884,ファインニードル,ノヴェリスト
2024104761,フィレンツェファイア,ストリートセンス
2024103933,リーチザクラウン,キンシャサノキセキ
2024101953,アドマイヤマーズ,ハービンジャー
2024100768,モーニン,キングカメハメハ
2024108137,ニューイヤーズデイ,スクリーンヒーロー
2024104947,ワイドファラオ,アドマイヤマックス
2024100733,ヘニーヒューズ,ダノンシャンティ
2024100329,ディスクリートキャット,サウスヴィグラス
2024104861,ホットロッドチャーリー,ハーツクライ
2024107000,マテラスカイ,ハービンジャー
2024103714,チュウワウィザード,フリオーソ
2024104076,マテラスカイ,ステイゴールド
2024103281,スマートファルコン,ルーラーシップ
2024103822,イスラボニータ,ロードカナロア
2023101938,ロジャーバローズ,タニノギムレット
2023106517,リオンディーズ,ダノンシャンティ
2023103524,ヴァンゴッホ,ダイワメジャー
2023106898,エピファネイア,ディープインパクト
2023100718,コントレイル,ノヴェリスト
2023107002,シルバーステート,キングカメハメハ
2023100533,マテラスカイ,ディープインパクト
2023105261,ブリックスアンドモルタル,Ghostzapper
2022104797,ナダル,キングカメハメハ
2023104169,アドマイヤマーズ,ルーラーシップ
2023107233,サトノダイヤモンド,Reliable Man
2023106782,モズアスコット,クロフネ
2023101659,マジェスティックウォリアー,Chief Seattle
2023104100,クリソベリル,Hard Spun
2023102517,ホッコータルマエ,ダイワメジャー
2023105889,ルヴァンスレーヴ,スペシャルウィーク
2023102704,ニューイヤーズデイ,アイルハヴアナザーI'
2023103623,カラヴァッジオ,Lizard Island
2023102801,タワーオブロンドン,プリサイスエンド
2023101870,イスラボニータ,シンボリクリスエス
2023105521,サトノダイヤモンド,Whipper
2023104216,スワーヴリチャード,Distorted Humor
2023107004,コントレイル,Tiz Wonderful
2023105305,キズナ,Jump Start
2023101088,ドレフォン,キングカメハメハ
2023102461,シュウジ,Bernardini
2024105568,タワーオブロンドン,ハーツクライ
2024100652,タワーオブロンドン,Doyen
2024100569,タワーオブロンドン,アグネスタキオン
2024110011,Mehmas,Anjaal
2024106857,ハイランドリール,Red Runner
2024106942,キズナ,ブライアンズタイムBrian'
2024104503,ダノンスマッシュ,ハービンジャー
2024102714,シスキン,Pioneerof the Nile
2024104955,ゴールドドリーム,タイキシャトル
2024104690,ビッグアーサー,Mineshaft
2023110069,Curlin,Scat Daddy
2023106060,ゴールドドリーム,カレンブラックヒル
2023105320,Into Mischief,Medaglia d'Oro
2023110096,Upstart,Harlan's Holiday
2023110082,Gun Runner,Tapizar
2023106040,エポカドーロ,ホワイトマズル
2023100617,グァンチャーレ,Swiss Spirit
2023104159,リオンディーズ,Awesome Again
2023105263,インディチャンプ,Invincible Spirit
2022104847,アドマイヤマーズ,First Dude
2023102091,エピファネイア,ディープインパクト
2021101725,ブリックスアンドモルタル,Theatrical
2023100503,シルバーステート,ダイワメジャー
2023102178,リオンディーズ,キングヘイロー
2023103187,ニューイヤーズデイ,ハービンジャー
2023101667,ウォータービルド,ロードカナロア
2023101779,モズアスコット,ハーツクライ
2023106065,ロードカナロア,クロフネ
2023102113,グロリアスノア,ファルブラヴ
2023100890,イスラボニータ,アドマイヤムーン
2023102387,イスラボニータ,クロフネ
2023102318,シルバーステート,Kingmambo
2023101820,ワールドプレミア,グラスワンダー
2023107273,シスキン,ディープインパクト
2023101197,ゴールドシップ,ダノンシャンティ
2023102060,マテラスカイ,マンハッタンカフェ
2023103081,コントレイル,Easing Along
2023103285,サートゥルナーリア,オルフェーヴル
2023105121,マクフィ,アグネスタキオン
2023105150,ディーマジェスティ,ネオユニヴァース
2023105428,アルアイン,キングカメハメハ
2023105083,オーヴァルエース,フジキセキ
2023104434,シスキン,ディープインパクト
2023105909,カレンブラックヒル,サウスヴィグラス
2023100225,クリソベリル,Street Cry
2023105366,エピファネイア,Danehill Dancer
2023105033,インディチャンプ,シニスターミニスター
2023106795,コントレイル,エイシンフラッシュ
2023101588,エピファネイア,Mineshaft
2023104879,スワーヴリチャード,クロフネ
2023106869,キタサンブラック,ローエングリン
2023102223,エピファネイア,Galileo
2023103697,サトノダイヤモンド,キングカメハメハ
2023102550,レイデオロ,ハーツクライ
2023103383,ポエティックフレア,スクリーンヒーロー
2023103476,ブリックスアンドモルタル,ヴィクトワールピサ
2023104926,コントレイル,Poet's Voice
2023105397,レイデオロ,ディープインパクト
2023104937,バゴ,リンカーン
2021101048,サトノクラウン,マンハッタンカフェ
2023103309,マインドユアビスケッツ,Ready's Image
2023101152,ファインニードル,Pivotal
2023104481,シルバーステート,スターリングローズ
2023106291,ディーマジェスティ,ヨハネスブルグ
2023103078,シルバーステート,Kitten's Joy
2023102404,ウインブライト,クロフネ
2023102827,ダノンスマッシュ,ゼンノロブロイ
2023100802,ホークビル,キングカメハメハ
2023102119,エイシンフラッシュ,ステイゴールド
2023105530,エイシンヒカリ,ジャスタウェイ
2023101371,エイシンフラッシュ,ヴィクトワールピサ
2023101574,ダノンキングリー,ジャングルポケット
2023103510,ニューイヤーズデイ,ダイワメジャー
2023106368,デクラレーションオブウォー,スクリーンヒーロー
2023101943,マクフィ,Encosta de Lago
2023104333,デクラレーションオブウォー,ハービンジャー
2023107541,Home Affairs,Pierro
2023101149,ダノンスマッシュ,ハーツクライ
2023104497,ラブリーデイ,ロジユニヴァース
2023105646,ブリックスアンドモルタル,Pivotal
2023100864,サトノダイヤモンド,アドマイヤムーン
2023104623,ダノンスマッシュ,ダイワメジャー
2023106410,ベンバトル,アグネスデジタル
2023105829,ロードカナロア,Medaglia d'Oro
2023101640,アニマルキングダム,バゴ
2023100384,キタサンブラック,ルーラーシップ
2023104227,ラブリーデイ,アドマイヤオーラ
2021103518,ゴールドシップ,Congrats
2021103004,モーリス,ダンスインザダーク
2021102494,ヴァンセンヌ,アサクサデンエン
2022102880,ハッピースプリント,シニスターミニスター
2020100734,キズナ,スニッツェル
2021101647,バゴ,ステイゴールド
2023106156,ベンバトル,ダイワメジャー
2023106702,ミッキーアイル,ジャスタウェイ
2023105981,エタリオウ,ファスリエフ
2023106811,マインドユアビスケッツ,オルフェーヴル
2023100960,フィエールマン,ルーラーシップ
2023103566,ブラックタイド,Anabaa Blue
2023102932,サトノダイヤモンド,Runhappy
2023104302,ルーラーシップ,サンデーサイレンス
2023101140,タワーオブロンドン,Red Ransom
2023100089,セイウンコウセイ,アドマイヤマックス
2023102237,レイデオロ,ディープインパクト
2023101877,エイシンフラッシュ,ハーツクライ
2023100097,ダノンバラード,グラスワンダー
2023106788,エスポワールシチー,エンパイアメーカー
2023102354,ブリックスアンドモルタル,ディープインパクト
2023103598,ニューイヤーズデイ,ディープインパクト
2023104868,サートゥルナーリア,ゼンノロブロイ
2023102386,ミッキーグローリー,コロナドズクエストCoronado'
2023103545,サトノインプレッサ,コロナドズクエストCoronado'
2023106180,ブラックタイド,カジノドライヴ
2023106822,フィエールマン,タニノギムレット
2023107349,サトノダイヤモンド,Hawk Wing
2023103551,ブリックスアンドモルタル,ダイワメジャー
2023104920,リオンリオン,エピファネイア
2023107136,ブリックスアンドモルタル,ディープインパクト
2023103776,エピファネイア,ディープインパクト
2023104451,ウインブライト,クロフネ
2023107539,Blame,Tiznow
2023102757,マジェスティックウォリアー,エスポワールシチー
2023104704,セイウンコウセイ,タニノギムレット
2023103469,キズナ,キングカメハメハ
2023100081,モーニン,フォーティナイナーズサン
2023105860,ベンバトル,スクリーンヒーロー
2023105119,サトノクラウン,ステイゴールド
2023106489,ゴールドシップ,Kitten's Joy
2023105649,レイデオロ,クロフネ
2023103051,シルバーステート,キングカメハメハ
2023106573,フリオーソ,エンパイアメーカー
2023103190,サートゥルナーリア,タイキシャトル
2023106686,サンダースノー,エスポワールシチー
2023102586,ロードカナロア,エピファネイア
2023100425,アルアイン,シンボリクリスエス
2023104410,レイデオロ,ゼンノロブロイ
2023105076,ホッコータルマエ,Oasis Dream
2023102259,ロジャーバローズ,ロードアルティマ
2023102433,ディーマジェスティ,カフェラピード
2023104484,ベンバトル,トーセンホマレボシ
2023104946,カリフォルニアクローム,Dubawi
2023104835,ダノンスマッシュ,エンパイアメーカー
2023101898,ダノンスマッシュ,ブラックタイド
2023102432,ゴールドドリーム,エンパイアメーカー
2023105206,マジェスティックウォリアー,リオンディーズ
2023101229,リアルスティール,ノヴェリスト
2023105671,クリソベリル,サウスヴィグラス
2023107361,ハービンジャー,ハーツクライ
2023100891,トゥザワールド,トーセンラー
2023104266,ビーチパトロール,アーネストリー
2023102564,フィエールマン,キンシャサノキセキ
2023102388,ダノンバラード,サクラバクシンオー
2023100264,ノーブルミッション,アドマイヤムーン
2023104924,レッドファルクス,ロージズインメイ
2023106802,シスキン,ゼンノロブロイ
2023107160,サトノダイヤモンド,Royal Anthem
2023101308,アルアイン,マンハッタンカフェ
2023105760,デクラレーションオブウォー,キングカメハメハ
2023102622,ロードカナロア,Siyouni
2023101081,ルーラーシップ,ハーツクライ
2023105601,レインボーライン,オウケンブルースリ
2023102740,ファインニードル,キングカメハメハ
2023101280,セイウンコウセイ,フジキセキ
2023101158,ファインニードル,Shamardal
2023102636,エスポワールシチー,キングカメハメハ
2023103688,シスキン,ディープインパクト
2023103887,サートゥルナーリア,Siyouni
2023103328,エイシンフラッシュ,ヴィクトワールピサ
2023107510,Ocean Park,Toorak Toff
2023105395,ゴールドドリーム,Yes It's True
2023104070,ミスターメロディ,デヒア
2023106214,ミスターメロディ,ステイゴールド
2023103034,ワールドプレミア,ブライアンズタイムBrian'
2022104186,サートゥルナーリア,ディープインパクト
2023105729,モズアスコット,ケープブランコ
2023102665,ゴールドドリーム,ジェニュイン
2023101141,アメリカンペイトリオット,Lope de Vega
2023102999,ニシケンモノノフ,ノヴェリスト
2023103067,クリソベリル,エンパイアメーカー
2023106306,レイデオロ,Scat Daddy
2023101752,ロジャーバローズ,アグネスデジタル
2023101723,キセキ,ハービンジャー
2023100915,リオンディーズ,タイキシャトル
2023105688,リオンディーズ,ディープインパクト
2023105225,ミッキーアイル,Tejano Run
2023100300,サトノクラウン,シンボリクリスエス
2023105574,サトノクラウン,ステイゴールド
2023102456,ダノンキングリー,キングカメハメハ
2023104000,ミッキーアイル,ベーカバド
2023101895,モーリス,ディープインパクト
2023105189,ウォータービルド,ハービンジャー
2023105905,レイデオロ,ディープインパクト
2023103075,コントレイル,Hard Spun
2023100138,ゴールドシップ,アドマイヤコジーン
2023104775,ミスターメロディ,ハービンジャー
2023102381,サトノクラウン,ディープブリランテ
2021103994,ビッグアーサー,ファルブラヴ
2023107408,ルーラーシップ,マリエンバード
2023105544,ナダル,ステイゴールド
2023105040,レイデオロ,ディープインパクト
2023106014,イスラボニータ,Prospective
2023100966,ロードカナロア,アフリート
2023102866,アメリカンペイトリオット,ルーラーシップ
2023101936,カリフォルニアクローム,ヴァーミリアン
2023104357,イスラボニータ,キングカメハメハ
2023106757,シルバーステート,ヴィクトワールピサ
2023106660,ファインニードル,パドトロワ
2023106772,ニューイヤーズデイ,Teofilo
2023100815,アメリカンペイトリオット,ダンスインザダーク
2023101732,ビーチパトロール,トワイニング
2023100020,サートゥルナーリア,ディープインパクト
2023107344,リオンリオン,ディープインパクト
2023100922,クリソベリル,Bodemeister
2023101705,サンダースノー,ネオユニヴァース
2023104674,エスポワールシチー,エンパイアメーカー
2021104138,リオンディーズ,クロフネ
2023103996,ベンバトル,スズカマンボ
2023106157,オルフェーヴル,ジャスタウェイ
2023106087,レイデオロ,Singspiel
2023104590,ゴールドドリーム,ハーツクライ
2023105174,ルヴァンスレーヴ,アイルハヴアナザーI'
2023106265,リーチザクラウン,サウスヴィグラス
2023105855,ポエティックフレア,ヴィクトワールピサ
2023105412,キタサンブラック,Dream Ahead
2023103749,ルーラーシップ,ディープインパクト
2023107165,サートゥルナーリア,ディープインパクト
2023103310,モーリス,Redoute's Choice
2023102471,ルーラーシップ,ディープインパクト
2023106342,アルバート,ハーツクライ
2021103005,ミッキーアイル,アグネスデジタル
2023102662,リアルスティール,サマーバード
2023105398,キタサンブラック,Rip Van Winkle
2023100598,ダノンプレミアム,キンシャサノキセキ
2023107185,ニューイヤーズデイ,Mr. Greeley
2023104619,ダノンプレミアム,バトルライン
2023106196,マテラスカイ,ステイゴールド
2023100311,カリフォルニアクローム,ヘニーヒューズ
2023109146,ミスチヴィアスアレックス,アグネスタキオン
2023106138,カリフォルニアクローム,クロフネ
2023104853,オルフェーヴル,ロードカナロア
2023105618,レイデオロ,ディープインパクト
2023106812,ブリックスアンドモルタル,ステイゴールド
2023102890,サトノダイヤモンド,Unbridled's Song
2023106711,マジェスティックウォリアー,Indian Charlie
2023104265,エイシンフラッシュ,ネオユニヴァース
2023105244,ニューイヤーズデイ,フジキセキ
2023104793,アメリカンペイトリオット,ハーツクライ
2023107065,Kingman,Daredevil
2023105049,ミスチヴィアスアレックス,サクラバクシンオー
2023103048,シャンハイボビー,Indygo Shiner
2023102794,オルフェーヴル,ダンカーク
2023101782,ダンカーク,ルーラーシップ
2023105870,ゴールドドリーム,ヘニーヒューズ
2023104072,リオンディーズ,ハーツクライ
2023101391,アメリカンペイトリオット,ディープインパクト
2023110102,Uncle Mo,Smart Strike
2023105036,ダノンキングリー,フレンチデピュティ
2023104617,Australia,Dundeel
2023102234,エピファネイア,Blu Air Force
2023104884,キズナ,キングカメハメハ
2023105863,マクフィ,ステイゴールド
2023101687,キタサンブラック,ワークフォース
2023104321,ヘンリーバローズ,タガノロックオン
2023106450,ゴールドシップ,Dynaformer
2023107243,ドレフォン,ディープインパクト
2023104109,ロゴタイプ,ヴァーミリアン
2023102761,シニスターミニスター,スペシャルウィーク
2023103332,キズナ,Unusual Heat
2023104111,ベストウォーリア,エンパイアメーカー
2023105916,ゴールドドリーム,スウェプトオーヴァーボード
2023106201,ファインニードル,タートルボウル
2023104847,ディスクリートキャット,パイロ
2023102246,ドレフォン,カフェラピード
2023101358,ディープブリランテ,ロジユニヴァース
2023106029,クリソベリル,タートルボウル
2023107494,サトノアラジン,ハービンジャー
2023103978,マジェスティックウォリアー,シンボリクリスエス
2023106972,アドマイヤマーズ,Le Havre
2023110078,モーリス,Tale of the Cat
2023102750,クリソベリル,ワイルドワンダー
2023103252,ブリックスアンドモルタル,ハーツクライ
2023104399,コントレイル,Uncle Mo
2023103558,エピファネイア,ディープインパクト
2023106893,コントレイル,Skipshot
2023105606,レイデオロ,Storm Cat
2023110077,Peltzer,Murtajill
2023104025,ロジャーバローズ,サウスヴィグラス
2023105877,ゴールドシップ,ブラックホーク
2023107512,Zoustar,コマンズ
2023106453,ゴールドシップ,Tapit
2023100540,ダノンスマッシュ,ワークフォース
2023103663,マインドユアビスケッツ,ブラックタイド
2023102495,ベンバトル,ディープインパクト
2020100640,ドゥラメンテ,Galileo
2020110060,Lope de Vega,Golan
2021102224,ドゥラメンテ,サクラバクシンオー
2021102396,キズナ,ロードカナロア
2023102887,ミスターメロディ,ディープインパクト
2023100070,ルヴァンスレーヴ,フレンチデピュティ
2023101049,ハービンジャー,ジャスタウェイ
2023106053,イスラボニータ,エンパイアメーカー
2023104581,モーニン,ホワイトマズル
2023101804,ノーブルミッション,ブラックタイド
2023106935,ブリックスアンドモルタル,ディープインパクト
2023104511,ゴールドアクター,マーベラスサンデー
2023107134,ワールドプレミア,ロードカナロア
2023102563,エピファネイア,Lope de Vega
2023106004,ドレフォン,ディープインパクト
2023106794,キタサンブラック,Songandaprayer
2023101950,ダンカーク,ゴールドアリュール
2023100216,モズアスコット,ディープインパクト
2023103352,レイデオロ,ディープインパクト
2023100543,パイロ,コマンズ
2023104235,モーニン,プリサイスエンド
2023101349,ミスチヴィアスアレックス,クロフネ
2023101846,カリフォルニアクローム,カジノドライヴ
2023101295,エピファネイア,キングカメハメハ
2023105215,サートゥルナーリア,Tawqeet
2023106562,ダノンレジェンド,クレスコグランド
2023101947,オーヴァルエース,ブラックタイド
2023102984,ラブリーデイ,ディープインパクト
2023107061,レイデオロ,ダイワメジャー
2023104943,レイデオロ,ディープインパクト
2023103624,ジャスタウェイ,クロフネ
2022105095,Not This Time,Brilliant Speed
2021110004,Justify,Stripes Song
2023103381,モーリス,ヴィクトワールピサ
2023107508,Stay Inside,Burgundy
2023102758,ミスターメロディ,ストロングリターン
2023105884,ウインブライト,ロージズインメイ
2023100573,ダノンスマッシュ,エンパイアメーカー
2023106230,マクフィ,マンハッタンカフェ
2023103647,マクフィ,フジキセキ
2023101469,エンパイアペガサス,モンテロッソ
2023106218,モーリス,ブラックタイド
2023106984,ドレフォン,クロフネ
2023101233,ルヴァンスレーヴ,ディープインパクト
2023110045,Mendelssohn,ディープインパクト
2021105803,サトノダイヤモンド,Monsun
2021103208,ホッコータルマエ,ケイムホーム
2023104668,ヘニーヒューズ,ダンカーク
2023100100,ディーマジェスティ,シンボリクリスエス
2023106171,サトノダイヤモンド,Kitten's Joy
2023101160,ディスクリートキャット,Hard Spun
2023102646,サンダースノー,ダイワメジャー
2023101085,シスキン,ステイゴールド
2023101661,カレンブラックヒル,ファルブラヴ
2023103443,ナダル,ゼンノロブロイ
2023106737,シュヴァルグラン,Mizzen Mast
2023104527,ミッキーロケット,ハービンジャー
2023106336,リアルスティール,キングカメハメハ
2023106610,キセキ,マツリダゴッホ
2023100560,タワーオブロンドン,ドゥラメンテ
2023105018,モズアスコット,ネオユニヴァース
2023105781,ダノンスマッシュ,Mineshaft
2023101719,ノーブルミッション,ロードカナロア
2023104224,ミッキーロケット,クロフネ
2023107359,コントレイル,キングカメハメハ
2023105403,キタサンブラック,アドマイヤムーン
2023106183,ゴールドシップ,ジャスタウェイ
2023107254,スワーヴリチャード,ジェネラス
2023105309,リアルスティール,Roman Ruler
2023104398,モーリス,ハーツクライ
2023102389,キズナ,Tiz Wonderful
2023105687,ラブリーデイ,クロフネ
2023107367,バゴ,ディープインパクト
2023106080,サトノダイヤモンド,Theatrical
2023100529,シュヴァルグラン,キングカメハメハ
2023104834,サトノクラウン,スクリーンヒーロー
2023100547,グレーターロンドン,アグネスデジタル
2023103742,タイセイレジェンド,エンパイアメーカー
2023103619,ドレフォン,ロードカナロア
2023106459,ダノンバラード,Tapit
2023103588,イスラボニータ,Smart Strike
2023105267,ロードカナロア,Bated Breath
2023107511,Wootton Bassett,Lope de Vega
2023102143,フォーウィールドライブ,ヴィクトワールピサ
2023107524,Authentic,More Than Ready
2023107530,Beau Liam,Scat Daddy
2023105360,ポエティックフレア,デュランダル
2023106606,モズアスコット,スズカマンボ
2023107003,サートゥルナーリア,ディープインパクト
2023100178,サートゥルナーリア,Kitten's Joy
2023101835,ビッグアーサー,マリエンバード
2022106744,トーセンラー,アドマイヤジャパン
2021100104,マインドユアビスケッツ,ダンスインザダーク
2021106935,エピカリス,サウスヴィグラス
2020101301,キズナ,Dubawi
2017101560,エスポワールシチー,Seeking the Gold
2023106133,パイロ,ストリートセンス
2023103079,ディーマジェスティ,Frankel
2023106402,アスクピーターパン,ゼンノロブロイ
2023107509,Written Tycoon,Lope de Vega
2023105405,ドレフォン,Henrythenavigator
2023105060,ナダル,シンボリクリスエス
2023103957,シルバーステート,Candy Ride
2023105404,コントレイル,キングヘイロー
2023105280,キタサンブラック,Congaree
2023106341,アルバート,ロードカナロア
2023106593,ストーミーシー,ケイムホーム
2023106879,ロードカナロア,Galileo
2023106456,ウインブライト,サクラバクシンオー
2023107018,ハービンジャー,ゼンノロブロイ
2023105361,キタサンブラック,ディスクリートキャット
2023104544,ベンバトル,オルフェーヴル
2023103820,ポエティックフレア,ディープブリランテ
2023103149,ミッキーロケット,フサイチリシャール
2023100668,ルヴァンスレーヴ,ダンスインザダーク
2023106052,キタサンブラック,ロードカナロア
2023100994,ヴァンゴッホ,ディープインパクト
2023109080,オルフェーヴル,シンボリクリスエス
2023103129,レイデオロ,トーセンラー
2023106444,エピファネイア,Broken Vow
2023105961,Earthlight,Dabirsim
2023102263,インカンテーション,フレンチデピュティ
2023104504,ゴールドアクター,ヘニーヒューズ
2023106069,キタサンブラック,エンパイアメーカー
2023101658,リオンディーズ,クロフネ
2023106726,ドレフォン,Sea The StarsSea the Stars
2023100835,アルアイン,ロードカナロア
2023106740,フィエールマン,Clodovil
2023110037,Bolt d'Oro,Golden Missile
2023101458,レイデオロ,ジャスタウェイ
2023101720,シニスターミニスター,キンシャサノキセキ
2023102714,サトノアラジン,エンパイアメーカー
2023101460,マインドユアビスケッツ,ハーツクライ
2023100942,キタサンブラック,War Front
2023107234,シルバーステート,ハービンジャー
2023102886,ゴールドシップ,タイキシャトル
2023106404,アスクピーターパン,ディープインパクト
2023103236,サトノダイヤモンド,キンシャサノキセキ
2023100595,カリフォルニアクローム,ハーツクライ
2023109163,ビッグアーサー,メジロベイリー
2023105197,アメリカンペイトリオット,ゼンノロブロイ
2023106773,オルフェーヴル,バゴ
2023104977,モズアスコット,ケイムホーム
2023100784,ブラックタイド,ワイルドラッシュ
2019100596,イスラボニータ,ホワイトマズル
2023102057,モズアスコット,ヨハネスブルグ
2023105081,カリフォルニアクローム,エンパイアメーカー
2023106398,オルフェーヴル,ジャングルポケット
2023106646,ヴァンゴッホ,スペシャルウィーク
2023105164,ダノンレジェンド,ディープインパクト
2023106167,スワーヴリチャード,キングカメハメハ
2023103787,ゴールドシップ,ゴールドアリュール
2023102377,マインドユアビスケッツ,スマートファルコン
2023103734,Essential Quality,Epaulette
2023100534,ミスターメロディ,バゴ
2023106238,フォーウィールドライブ,サウスヴィグラス
2023107338,マジェスティックウォリアー,キングカメハメハ
2023100272,エポカドーロ,ノボトゥルー
2023107507,Victor Ludorum,Super Easy
2023100733,Liam's Map,Uncle Mo
2023102134,イスラボニータ,アドマイヤムーン
2023103281,ダノンスマッシュ,マンハッタンカフェ
2023106299,ダノンスマッシュ,フジキセキ
2023100653,ダノンプレミアム,ヴィクトワールピサ
2023100607,レイデオロ,ハービンジャー
2023102673,シャンハイボビー,High Chaparral
2023105141,シルバーステート,マンハッタンカフェ
2023104545,ディーマジェスティ,アルデバラン
2023106177,サトノアラジン,Super Saver
2023100800,ベンバトル,ロサード
2023104686,ノーブルミッション,キンシャサノキセキ
2023100612,クリソベリル,ロージズインメイ
2023103748,ナダル,ディープインパクト
2023105240,マインドユアビスケッツ,ノヴェリスト
2023101730,ダノンスマッシュ,ゴールドアリュール
2023104347,フィエールマン,Fusaichi Pegasus
2023106976,クリソベリル,ワイルドラッシュ
2023104975,ダノンプレミアム,プリサイスエンド
2023100759,アメリカンペイトリオット,トーセンファントム
2023105373,リアルスティール,ハービンジャー
2023106732,ミッキーロケット,ゴールドアリュール
2023100727,デクラレーションオブウォー,マヤノトップガン
2023103846,オルフェーヴル,アグネスデジタル
2023101857,サートゥルナーリア,クロフネ
2023100637,サトノクラウン,ダイワメジャー
2023105369,キタサンブラック,Mount Nelson
2023106826,シルバーステート,クロフネ
2020103661,ルーラーシップ,スペシャルウィーク
2023100613,ヘニーヒューズ,マンハッタンカフェ
2023106231,インディチャンプ,グランデラ
2023110099,Not This Time,Unbridled's Song
2023106954,ナダル,ハービンジャー
2023102978,ロジャーバローズ,ヤマニンセラフィム
2023110041,Quality Road,Bernardini
2023102319,ドレフォン,エピファネイア
2023100781,ダノンプレミアム,キンシャサノキセキ
2023101446,ジャスタウェイ,ダンスインザダーク
2023107215,ニューイヤーズデイ,ハーツクライ
2023106023,ホッコータルマエ,ゼンノロブロイ
2023101718,ゴールドドリーム,エンパイアメーカー
2023107505,サンダースノー,ダイワメジャー
2023105757,カレンブラックヒル,ヘニーヒューズ
2023103413,キタサンブラック,Refuse to Bend
2023102977,Dragon Pulse,No Nay Never
2022110007,Union Rags,Smart Strike
2022101860,リーチザクラウン,プリサイスエンド
2023100453,アジアエクスプレス,ゴールドヘイロー
2023100200,シャンハイボビー,ディープインパクト
2023102823,サトノアラジン,Belong to Me
2023102848,インディチャンプ,ネオユニヴァース
2023103050,リアルスティール,シンボリクリスエス
2023105663,アジアエクスプレス,ネオユニヴァース
2023107301,マインドユアビスケッツ,Dansili
2023104369,タツゴウゲキ,フリオーソ
2023104693,モーニン,ハービンジャー
2023104036,マクフィ,キンシャサノキセキ
2023102038,タワーオブロンドン,モーリス
2023105577,サートゥルナーリア,ハービンジャー
2023100113,モーニン,シンボリクリスエス
2021104810,ジャスタウェイ,Champs Elysees
2022103795,キズナ,Distorted Humor
2023100950,シニスターミニスター,ディープインパクト
2023100368,ニューイヤーズデイ,Bandini
2023110017,Lucky Vega,Galileo
2023110049,Kingman,Footstepsinthesand
2023100927,サトノダイヤモンド,Unbridled's Song
2023102084,キズナ,ヴィクトワールピサ
2023103473,ブリックスアンドモルタル,Manduro
2023102016,アメリカンペイトリオット,トビーズコーナーToby'
2023100783,アドミラブル,ルールオブロー
2023106624,エピファネイア,ディープインパクト
2023105298,レイデオロ,ハービンジャー
2023106113,サートゥルナーリア,Giant's Causeway
2023105808,シルバーステート,Curlin
2023107100,サートゥルナーリア,ディープインパクト
2023105744,ビッグアーサー,ステイゴールド
2023103462,コントレイル,Frankel
2022105993,ミスターメロディ,キングカメハメハ
2020110058,Zoustar,Strategic Prince
2023103925,グレーターロンドン,タニノギムレット
2023100692,ミッキーグローリー,トーホウエンペラー
2023105691,シルポート,タニノギムレット
2023103559,レイデオロ,サクラバクシンオー
2023103157,デクラレーションオブウォー,エンパイアメーカー
2023102555,エピカリス,サウスヴィグラス
2023100240,サートゥルナーリア,ゼンノロブロイ
2023104916,デクラレーションオブウォー,プリサイスエンド
2023104610,オルフェーヴル,シンボリクリスエス
2023105114,フォーウィールドライブ,フェノーメノ
2023105684,サートゥルナーリア,フレンチデピュティ
2023104463,ベンバトル,アドマイヤジャパン
2023103306,ヴァンセンヌ,アグネスデジタル
2021100753,ダンカーク,スウェプトオーヴァーボード
2023102102,キズナ,Medaglia d'Oro
2023105484,ルーラーシップ,Tale of Ekati
2023103818,キズナ,Power
2023104017,ドレフォン,ヘニーヒューズ
2023106314,アニマルキングダム,バゴ
2023100013,アドマイヤマーズ,ルーラーシップ
2023104194,マテラスカイ,トーセンダンス
2023106198,インカンテーション,ローエングリン
2023105318,クリソベリル,Tiz Wonderful
2023100766,コパノリッキー,タバスコキャット
2023106046,エイシンフラッシュ,キングヘイロー
2023103713,ブリックスアンドモルタル,ディープインパクト
2023107010,サトノジェネシス,Distorted Humor
2023102689,フィエールマン,アグネスデジタル
2023104832,ダノンスマッシュ,ダンスインザダーク
2023103757,コントレイル,Violence
2021100506,マジェスティックウォリアー,ヘクタープロテクター
2021105475,レイデオロ,ダイワメジャー
2023107207,ミッキーアイル,ヘニーヒューズ
2023107464,ミスチヴィアスアレックス,ストーミングホーム
2023102590,ルヴァンスレーヴ,シニスターミニスター
2023106575,タワーオブロンドン,キャプテンスティーヴ
2023103161,ルヴァンスレーヴ,スペシャルウィーク
2023104846,ダノンスマッシュ,ネオユニヴァース
2023102220,オルフェーヴル,ゼンノロブロイ
2023107184,ナダル,キンシャサノキセキ
2023105733,グランプリボス,Speightstown
2023102338,ベストウォーリア,アポロキングダム
2023102328,アメリカンペイトリオット,ハーツクライ
2023105849,ベンバトル,ハーツクライ
2023107200,ミスターメロディ,アドマイヤベガ
2023105622,ヘンリーバローズ,ダイワメジャー
2023105573,エピファネイア,ディープインパクト
2023105260,ダノンキングリー,シンボリクリスエス
2017104815,ディープインパクト,Acatenango
2023105337,レイデオロ,ダイワメジャー
2023104203,フィレンツェファイア,スクリーンヒーロー
2023106140,インディチャンプ,リアルインパクト
2023106691,ルヴァンスレーヴ,アグネスタキオン
2023103395,レイデオロ,ハーツクライ
2023100052,ダンカーク,オレハマッテルゼ
2023103705,シルバーステート,Anodin
2023103052,アジアエクスプレス,リンカーン
2023103780,サトノダイヤモンド,ハービンジャー
2023106278,ダノンキングリー,ロードカナロア
2023107204,インディチャンプ,ジャングルポケット
2023105689,ミッキーアイル,Posse
2022107309,パイロ,サウスヴィグラス
2023103983,ミスターメロディ,キングカメハメハ
2023104508,ゴールドアクター,ハービンジャー
2023103659,ニューイヤーズデイ,タニノギムレット
2023106294,エスポワールシチー,ハービンジャー
2023101005,モーニン,ゴールドアリュール
2023101801,ローレルゲレイロ,クロフネ
2023107462,ファインニードル,ディープスカイ
2023105876,ウインブライト,ロージズインメイ
2023106245,ワールドプレミア,ステイゴールド
2023105006,キズナ,Tapit
2023102805,モーリス,サクラバクシンオー
2023102954,コントレイル,Frankel
2023101076,サトノダイヤモンド,タイキシャトル
2023107093,エピファネイア,ディープインパクト
2023103927,フィエールマン,キンシャサノキセキ
2023102808,コントレイル,Kingmambo
2023101575,コントレイル,サクラバクシンオー
2023102015,アルアイン,キャプテンスティーヴ
2023107336,エピファネイア,ディープインパクト
2023103837,アポロケンタッキー,アドマイヤムーン
2023106564,アメリカンペイトリオット,エンパイアメーカー
2019105193,シルバーステート,ジャングルポケット
2023107281,クリソベリル,Cairo Prince
2023103223,ナカヤマフェスタ,Siyouni
2023104958,インカンテーション,サクラローレル
2023106956,ルヴァンスレーヴ,キングカメハメハ
2023107104,ロードカナロア,ハーツクライ
2023107124,ナダル,ディープブリランテ
2023105411,リアルスティール,Sea The Moon
2023102069,ワールドエース,ノヴェリスト
2023106296,ミスチヴィアスアレックス,ゴールドアリュール
2023105408,ブリックスアンドモルタル,Colonel John
2023105053,シルバーステート,Into Mischief
2023103341,ドレフォン,キングカメハメハ
2021105352,スワーヴリチャード,キングカメハメハ
2023101367,ミッキーグローリー,ハイアーゲーム
2023106884,クリソベリル,オルフェーヴル
2023101411,アジアエクスプレス,ハーツクライ
2023101142,サンダースノー,Dubawi
2023104472,シャンハイボビー,ディープインパクト
2023105465,ダンカーク,ブラックタイド
2023101670,フィレンツェファイア,Giant's Causeway
2023100765,ディスクリートキャット,ドゥラメンテ
2023102867,シャンハイボビー,エンパイアメーカー
2023100806,モーニン,シンボリクリスエス
2023107161,フィエールマン,ロードカナロア
2023102799,エピファネイア,アグネスタキオン
2023102358,ミッキーグローリー,Stroll
2023107189,サートゥルナーリア,ディープインパクト
2023100777,ディープブリランテ,Dashing Blade
2023102869,シャンハイボビー,サクラプレジデント
2023104594,ワールドプレミア,ホワイトマズル
2023100304,ホッコータルマエ,ハービンジャー
2023101776,ハクサンムーン,タイキシャトル
2023101124,シニスターミニスター,Oasis Dream
2023107305,ナダル,ダンスインザダーク
2023107527,Justify,Strong Mandate
2023105723,ミッキーアイル,アドマイヤムーン
2023100599,モーリス,ディープインパクト
2023100893,インディチャンプ,スペシャルウィーク
2023106744,ゴールドシップ,Scat Daddy
2023103754,キタサンブラック,Scat Daddy
2023105686,ラブリーデイ,ディープインパクト
2023103540,スクリーンヒーロー,ステイゴールド
2023103239,ルーラーシップ,ステイゴールド
2023105717,ハービンジャー,キンシャサノキセキ
2023107090,インディチャンプ,キンシャサノキセキ
2023107518,Improbable,Pure Prize
2022107186,ロードカナロア,Twirling Candy
2023107330,ブリックスアンドモルタル,ハーツクライ
2023103553,エピファネイア,キングカメハメハ
2023104209,リアルスティール,ヨハネスブルグ
2023107467,ニューイヤーズデイ,キングカメハメハ
2023104954,ノーブルミッション,キズナ
2023104574,アドミラブル,ハービンジャー
2023106946,ロードカナロア,ハーツクライ
2023107540,モーリス,Hussonet
2023105858,ウインブライト,アイルハヴアナザーI'
2023106130,ダンカーク,Dansili
2023103711,サートゥルナーリア,アグネスタキオン
2023105297,レイデオロ,ダイワメジャー
2023102058,シスキン,メイショウオウドウ
2023107213,Sottsass,Gregorian
2023105614,ダイワメジャー,レッドスパーダ
2023103006,ダノンレジェンド,ゴールドヘイロー
2021105780,エピファネイア,クロフネ
2022104865,ヘニーヒューズ,ダイワメジャー
2023103807,キタサンブラック,Dark Angel
2023100038,マクフィ,ゴールドアリュール
2023102931,シルバーステート,ロードカナロア
2023106346,ファインニードル,Galileo
2023102402,ミッキーグローリー,No Nay Never
2023105554,マインドユアビスケッツ,スウェプトオーヴァーボード
2023105307,キタサンブラック,Dandy Man
2023102424,ベンバトル,Motivator
2023104580,シルバーステート,キングカメハメハ
2023107335,レイデオロ,ジャングルポケット
2023106977,ハービンジャー,ディープインパクト
2023104855,ルーラーシップ,ダンスインザダーク
2023107399,ゴールドシップ,Sinndar
2023101793,マクフィ,アフリート
2023105526,サトノクラウン,エイシンアポロン
2022104746,ドゥラメンテ,Le Havre
2021105824,ヘニーヒューズ,クロフネ
2023100985,スワーヴリチャード,シニスターミニスター
2023104365,ストロングリターン,メジロマックイーン
2023102400,マインドユアビスケッツ,ハーツクライ
2023101407,リアルスティール,Danehill Dancer
2023101864,ブラックタイド,エアジハード
2023102004,クリソベリル,カーネギー
2023103931,タリスマニック,タイムパラドックス
2023101516,モズアスコット,ストリートセンス
2022105957,American Pharoah,Equal Stripes
2020103333,シルバーステート,Medaglia d'Oro
2023102618,リオンディーズ,ローエングリン
2023102076,ワールドプレミア,キングズベストKing'
2023106787,カリフォルニアクローム,Tiznow
2023100698,タリスマニック,ディープスカイ
2023104045,アジアエクスプレス,プリサイスエンド
2024103538,モズアスコット,ゼンノロブロイ
2024105822,ポエティックフレア,スクリーンヒーロー
2024100482,サートゥルナーリア,ディープインパクト
2024107156,シルバーステート,Circular Quay
2024101604,ミスチヴィアスアレックス,スウェプトオーヴァーボード
2024101281,フィエールマン,デクラレーションオブウォー
2024105131,ジャンダルム,ジョーカプチーノ
2024106538,エピファネイア,ハービンジャー
2024106106,ホットロッドチャーリー,Shackleford
2024102962,エフフォーリア,Pioneerof the Nile
2024105671,サリオス,エピファネイア
2024106239,ミッキーアイル,High Chaparral
2024101886,ジャンダルム,Catcher In The Rye
2024101262,キタサンブラック,Uncle Mo
2024102152,デクラレーションオブウォー,ルーラーシップ
2024100830,ダノンスマッシュ,ハーツクライ
2023103451,ベンバトル,ローエングリン
2023109064,モーニン,ローエングリン
2023101451,フィレンツェファイア,オルフェーヴル
2023105659,サングレーザー,フェノーメノ
2023104354,ジャスタウェイ,ディープブリランテ
2023100683,ホークビル,ファルブラヴ
2021104927,ルーラーシップ,ダイワメジャー
2023102040,ビッグアーサー,キズナ
2023101970,ヴァンゴッホ,フジキセキ
2023101117,サンダースノー,オルフェーヴル
2023103830,レイデオロ,ディープインパクト
2023106233,サンダースノー,カレンブラックヒル
2023104811,ダノンスマッシュ,メイショウサムソン
2023101361,ストロングリターン,ハービンジャー
2023109038,スピルバーグ,ナカヤマフェスタ
2023109076,ニューイヤーズデイ,ダイワメジャー
2023106447,ベンバトル,ディープインパクト
2023106928,キタサンブラック,Catcher In The Rye
2024106161,エフフォーリア,マンハッタンカフェ
2024104668,アドマイヤマーズ,Unbridled's Song
2024100178,キセキ,ジャングルポケット
2024101041,ゴールドシップ,ノヴェリスト
2024106599,シルバーステート,Gemologist
2024105839,シスキン,ハーツクライ
2024107327,エフフォーリア,Shamardal
2024103837,ゴールドシップ,Wilburn
2024105911,コントレイル,キンシャサノキセキ
2024106502,キタサンブラック,Canford Cliffs
2023106623,キズナ,キングカメハメハ
2023106330,リオンディーズ,フジキセキ
2023104753,ノヴェリスト,リンカーン
2023101475,アルアイン,マヤノトップガン
2024106025,ロードカナロア,Le Havre
2024106677,ブリックスアンドモルタル,キンシャサノキセキ
2024103590,ウインブライト,ロージズインメイ
2024101330,キセキ,ハービンジャー
2024107403,ウィルテイクチャージ,ヴィクトワールピサ
2024106664,ロードカナロア,ヨハネスブルグ
2024104637,マインドユアビスケッツ,ルーラーシップ
2024108228,Flightline,Curlin
2024101022,イスラボニータ,Oasis Dream
2024100210,マクフィ,Lizard Island
2024105973,イスラボニータ,Reliable Man
2024106427,St Mark's Basilica,Catcher In The Rye
2024108121,エスケンデレヤ,バトルプラン
2024104566,リアルスティール,ゼンノロブロイ
2024102820,タワーオブロンドン,キンシャサノキセキ
2024102837,フィレンツェファイア,ブラックタイド
2023103753,ルヴァンスレーヴ,マンハッタンカフェ
2023106311,マジェスティックウォリアー,サウスヴィグラス
2023103127,オーヴァルエース,ストロングリターン
2022102791,ホッコータルマエ,アグネスタキオン
2023102159,エスケンデレヤ,ドゥラメンテ
2023102211,マジェスティックウォリアー,アッミラーレ
2023103299,シニスターミニスター,ダイワメジャー
2023100571,アメリカンペイトリオット,ダイタクリーヴァ
2023100512,サトノクラウン,キズナ
2023100271,マジェスティックウォリアー,カリスタグローリ
2024101709,ディスクリートキャット,ダンカーク
2024108240,Yaupon,シャンハイボビー
2024106404,ナダル,シンボリクリスエス
2024103015,カリフォルニアクローム,ジャスタウェイ
2024106650,マインドユアビスケッツ,ダイワメジャー
2024105548,ヘニーヒューズ,クロフネ
2024100560,フィレンツェファイア,メジロベイリー
2024101646,ウインブライト,ロージズインメイ
2024106284,ルヴァンスレーヴ,ワイルドラッシュ
2024102381,クリソベリル,フリオーソ
2024106790,アメリカンペイトリオット,シンボリクリスエス
2024104937,フォーウィールドライブ,ディープインパクト
2024108272,Violence,Scat Daddy
2024106998,クリソベリル,ダイワメジャー
2024101333,エフフォーリア,ディープインパクト
2024107189,ルーラーシップ,ハービンジャー
2024104658,グローリーヴェイズ,キングカメハメハ
2024104822,アメリカンペイトリオット,マンハッタンカフェ
2024106449,エピファネイア,Union Rags
2024100134,モーリス,ルーラーシップ
2024103827,サートゥルナーリア,Vertiformer
2024101297,キセキ,スクリーンヒーロー
2023100131,ゴールドドリーム,アサクサキングス
2021107147,カレンブラックヒル,アグネスデジタル
2023106834,レイデオロ,ディクタット
2023101656,エスポワールシチー,ディープスカイ
2023109122,ヴァンセンヌ,ハーツクライ
2023100894,ヘンリーバローズ,キングカメハメハ
2023105043,シルバーステート,Unbridled's Song
2023106770,ジュンツバサ,ネオユニヴァース
2023105374,キズナ,Roderic O'Connor
2024100660,Too Darn Hot,Raven's Pass
2024107186,エピファネイア,キングカメハメハ
2024105183,シスキン,マンハッタンカフェ
2024106263,エピファネイア,Sunday Break
2024106712,ジャンダルム,ハーツクライ
2024107146,インディチャンプ,Exceed And Excel
2024104298,サトノクラウン,ダイワメジャー
2024106878,キズナ,シンボリクリスエス
2024106144,ドレフォン,オルフェーヴル
2024100050,ステルヴィオ,モーリス
2024104606,ハービンジャー,ドリームジャーニー
2024106687,インディチャンプ,Galileo
2024100732,コントレイル,スウェプトオーヴァーボード
2024106309,アドマイヤマーズ,キングカメハメハ
2024106044,マインドユアビスケッツ,スウェプトオーヴァーボード
2024105762,ブリックスアンドモルタル,シンボリクリスエス
2024106890,ニューイヤーズデイ,キングカメハメハ
2024106066,サリオス,ロゴタイプ
2024106587,アドマイヤマーズ,モーリス
2024101227,カリフォルニアクローム,ドリームジャーニー
2024105388,サリオス,ロードカナロア
2023100513,ダノンレジェンド,サマーバード
2023106389,ルーラーシップ,ノヴェリスト
2023105324,キズナ,Adelaide
2021105007,キズナ,Kitten's Joy
2023101359,マインドユアビスケッツ,オンファイア
2023105831,ジャスタウェイ,ディープインパクト
2024106657,サリオス,Dubawi
2024106629,シルバーステート,Frankel
2024107076,インディチャンプ,ハービンジャー
2024101005,ゴールドシップ,Dalakhani
2024107096,グローリーヴェイズ,タイキシャトル
2024106894,サートゥルナーリア,Vespone
2024100469,アルアイン,ルーラーシップ
2024102434,サリオス,トーセンラー
2024104825,リーチザクラウン,タニノギムレット
2024106052,レイデオロ,Reckless Abandon
2024105890,シスキン,マンハッタンカフェ
2024105780,サートゥルナーリア,ディープインパクト
2024103626,ダノンバラード,スウェプトオーヴァーボード
2024106843,ハイランドリール,ディープインパクト
2024104561,モーリス,ディープインパクト
2024103650,ゴールドシップ,アイルハヴアナザーI'
2024102617,マジェスティックウォリアー,マンハッタンカフェ
2024106670,キズナ,Kingsalsa
2024106443,ダノンスマッシュ,ディープインパクト
2024106585,インディチャンプ,Numerous
2024106436,ドレフォン,ディープインパクト
2024100464,キズナ,Roi Normand
2024103585,ブリックスアンドモルタル,ディープインパクト
2023105045,サートゥルナーリア,Bernstein
2020103539,キタサンブラック,Anabaa
2023101542,マジェスティックウォリアー,サクラバクシンオー
2021103651,リアルインパクト,キングカメハメハ
2023100999,アルアイン,ハービンジャー
2023102368,イスラボニータ,フレンチデピュティ
2023106675,マテラスカイ,サウスヴィグラス
2023104696,タワーオブロンドン,ダイワメジャー
2023104147,マインドユアビスケッツ,エピファネイア
2023106473,ゴールドシップ,New Approach
2023105338,ドレフォン,フジキセキ
2023106776,ディープブリランテ,エンパイアメーカー
2023103548,ハービンジャー,ゼンノロブロイ
2023106853,レイデオロ,ディープインパクト
2023100244,アメリカンペイトリオット,ディープインパクト
2023103377,モーリス,ディープインパクト
2023106424,ベンバトル,ヴィクトワールピサ
2023100930,ルーラーシップ,ディープインパクト
2023106731,フィエールマン,Violence
2021100579,ロジャーバローズ,Danehill Dancer
2023103366,モーリス,キングカメハメハ
2023104950,ヴァンゴッホ,オルフェーヴル
2023105895,ウインブライト,アイルハヴアナザーI'
2023103094,ダノンキングリー,Air Force Blue
2023101789,マジェスティックウォリアー,ダイワメジャー
2023102405,ロージズインメイ,デュランダル
2023107054,ドレフォン,キングカメハメハ
2023106390,ルヴァンスレーヴ,エンパイアメーカー
2023105612,タニノフランケル,ネオユニヴァース
2023107164,コントレイル,Custom for Carlos
2023106715,シルバーステート,Zoffany
2023106182,キセキ,ステイゴールド
2023104270,カリフォルニアクローム,タニノギムレット
2023101070,マテラスカイ,Hard Spun
2023101651,リアルスティール,Danehill Dancer
2023103675,モーリス,ネオユニヴァース
2020105794,ゴールドシップ,ロージズインメイ
2023103768,ニューイヤーズデイ,ステイゴールド
2023102870,モズアスコット,ネオユニヴァース
2023100658,トビーズコーナーToby',エンパイアメーカー
2022100485,ディーマジェスティ,ルーラーシップ
2022102045,ミッキーロケット,モーリス
2020110075,Arrogate,Tiznow
2020103021,ヴィクトワールピサ,タイキシャトル
2023100971,ミスチヴィアスアレックス,ディープインパクト
2023101810,ルヴァンスレーヴ,Northern Afleet
2023101731,ダノンレジェンド,ステイゴールド
2023103134,エスポワールシチー,カコイーシーズ
2023100087,タニノフランケル,ハービンジャー
2023101826,マジェスティックウォリアー,タイキシャトル
2023105880,マインドユアビスケッツ,スクリーンヒーロー
2023102955,マテラスカイ,キングカメハメハ
2023102824,ウインブライト,メイショウサムソン
2023103245,ホッコータルマエ,ゴールドアリュール
2023106554,サンライズソア,アグネスタキオン
2023105644,ビッグアーサー,ダイワメジャー
2023107489,マインドユアビスケッツ,ステイゴールド
2023102050,リアルインパクト,キンシャサノキセキ
2023107133,シルバーステート,スクリーンヒーロー
2023106643,ジャスタウェイ,ディープインパクト
2023102367,マインドユアビスケッツ,ブラックタイド
2023106348,ファインニードル,バゴ
2023102798,エピファネイア,デクラレーションオブウォー
2023103712,キタサンブラック,Harlan's Holiday
2020100162,ロードカナロア,Dubawi
2023100602,ノヴェリスト,ケイムホーム
2023103920,ゴールドドリーム,スマートボーイ
2023106143,ゴールドシップ,ヴィクトワールピサ
2023101364,エイシンフラッシュ,ノヴェリスト
2020103693,モーリス,マンハッタンカフェ
2023105610,ヘンリーバローズ,ヴィクトワールピサ
2023103323,ニューイヤーズデイ,ダイワメジャー
2023103482,ジャスタウェイ,Scat Daddy
2023103662,イスラボニータ,マツリダゴッホ
2023104361,レッドファルクス,ディープインパクト
2023100314,ルーラーシップ,ダイワメジャー
2023105235,エピファネイア,ワークフォース
2023102509,キタサンブラック,Violence
2023105842,ダノンプレミアム,ロードカナロア
2018104913,モーリス,キングカメハメハ
2023106102,ファインニードル,マンハッタンカフェ
2023104568,エスポワールシチー,エンドスウィープ
2023100045,ホッコータルマエ,サクラバクシンオー
2023100856,スノードラゴン,トワイニング
2023100321,ミッキーアイル,タイキシャトル
2023100509,マテラスカイ,ダンカーク
2023102196,マクフィ,アグネスデジタル
2023101283,スマートファルコン,カジノドライヴ
2023103209,ノーブルミッション,マーベラスサンデー
2023100548,ディスクリートキャット,キングカメハメハ
2023102963,フォーウィールドライブ,Orientate
2023106753,キタサンブラック,Frankel
2021103691,ヤングマンパワー,エンパイアメーカー
2023105716,ゴールドドリーム,Distorted Humor
2023106602,シュヴァルグラン,ジャングルポケット
2023105828,ダノンプレミアム,Shirocco
2023101772,ハクサンムーン,シンボリクリスエス
2023100073,ヴァンゴッホ,エピファネイア
2023106338,アルバート,スペシャルウィーク
2023100853,ルーラーシップ,ゴールドアリュール
2023105354,キタサンブラック,フレンチデピュティ
2023105617,モーリス,ロードカナロア
2023101555,フィエールマン,Kyllachy
2023100223,リアルスティール,ルーラーシップ
2023103856,サトノダイヤモンド,フレンチデピュティ
2019105292,ミッキーアイル,Giant's Causeway
2023102206,シニスターミニスター,キングカメハメハ
2023107365,ヴァンゴッホ,ダイワメジャー
2023104806,ファインニードル,Power
2023104198,レッドベルジュール,カジノドライヴ
2023100380,モズアスコット,ネオユニヴァース
2023104507,ゴールドアクター,キングカメハメハ
2023106710,サトノクラウン,ハーツクライ
2023101273,ゴールドアクター,ハービンジャー
2023104578,ジュンツバサ,ノヴェリスト
2023102311,ハービンジャー,ドリームジャーニー
2023104621,ミスターメロディ,ドゥラメンテ
2023106379,ゴールドシップ,マクフィ
2023104625,フィエールマン,カネヒキリ
2023104415,クリソベリル,Shamardal
2023100518,ルーラーシップ,ディープインパクト
2023106125,ハッピースプリント,ステイゴールド
2023102466,シニスターミニスター,Bluegrass Cat
2023106851,レイデオロ,ディープインパクト
2023110079,Gun Runner,サンダーガルチ
2021105561,ドゥラメンテ,ストリートセンス
2023109073,ラニ,ゴールドプルーフ
2023104342,ニューイヤーズデイ,サンデーサイレンス
2023102745,サートゥルナーリア,シンボリクリスエス
2022103947,スマートオーディン,アグネスデジタル
2023103072,ビッグアーサー,ケイムホーム
2023100808,ダノンレジェンド,カルストンライトオ
2023104769,ディーマジェスティ,スマートファルコン
2023106021,カリフォルニアクローム,ダイワメジャー
2023106055,キタサンブラック,ダンカーク
2023104738,ミッキーグローリー,サクラバクシンオー
2021106128,デクラレーションオブウォー,マンハッタンカフェ
2023100896,グレーターロンドン,ディープブリランテ
2023101369,トーセンラー,ノヴェリスト
2023101925,サートゥルナーリア,ロックオブジブラルタル
2023106316,マジェスティックウォリアー,サウスヴィグラス
2023101739,ホッコータルマエ,ノボジャック
2023110018,Lucky Vega,Galileo
2023106531,ドレフォン,キズナ
2023106175,リオンディーズ,Candy Ride
2020101020,ニシケンモノノフ,フリオーソ
2023102690,ファインニードル,バゴ
2023104650,フィエールマン,エピファネイア
2023106076,モーリス,ナリタトップロード
2019105752,ヴァンセンヌ,フォーティナイナー
2023102800,ミッキーアイル,ゼンノロブロイ
2023103385,シスキン,ジャングルポケット
2023102558,キズナ,Stripes Song
2018103515,オルフェーヴル,パラダイスクリーク
2023105754,ロゴタイプ,Denman
2023104922,クリソベリル,キングカメハメハ
2023105885,ニホンピロアワーズ,サムライハート
2023105211,オルフェーヴル,Munnings
2023104229,セイウンコウセイ,ハービンジャー
2023102247,ゴールドシップ,Blame
2023100850,カリフォルニアクローム,ヨハネスブルグ
2023105410,シスキン,Sholokhov
2023104290,アルアイン,ダイワメジャー
2023104382,デクラレーションオブウォー,エンパイアメーカー
2023101886,ルーラーシップ,ハーツクライ
2023104766,ルヴァンスレーヴ,ブライアンズタイムBrian'
2023101461,ジャスタウェイ,ルーラーシップ
2023103600,エピファネイア,ヴィクトワールピサ
2023100467,フリオーソ,ジャングルポケット
2023100988,ダノンレジェンド,Raven's Pass
2023103387,ロードカナロア,マンハッタンカフェ
2023106557,サトノダイヤモンド,エンパイアメーカー
2023106067,ブリックスアンドモルタル,ディープインパクト
2023106283,キズナ,Kitten's Joy
2023105041,コントレイル,Bodemeister
2023104375,Wootton Bassett,Mastercraftsman
2023102998,カリフォルニアクローム,ヴィクトワールピサ
2021102151,サンダースノー,ハービンジャー
2023101491,アルアイン,ブライアンズタイムBrian'
2023102793,クリソベリル,フサイチコンコルド
2023101710,アルアイン,ヘニーヒューズ
2023101390,アメリカンペイトリオット,パラダイスクリーク
2023110033,American Pharoah,Pulpit
2023107270,キタサンブラック,Kendargent
2023104994,エピファネイア,New Approach
2023104258,スワーヴリチャード,Bernardini
2023103426,ブリックスアンドモルタル,Elzaam
2023102724,オルフェーヴル,ウォーエンブレム
2023105878,ウインブライト,マイネルラヴ
2023104634,ルーラーシップ,ステイゴールド
2023102151,イスラボニータ,クロフネ
2023104906,ファインニードル,トーセンホマレボシ
2023102346,ビッグアーサー,ハービンジャー
2023104940,リアルスティール,シンボリクリスエス
2023104782,エポカドーロ,ディープスカイ
2023106967,サトノダイヤモンド,Medaglia d'Oro
2023102962,アドマイヤマーズ,Giant's Causeway
2023106298,パイロ,ヴィクトワールピサ
2023100267,ナダル,アフリート
2023104411,キズナ,ウィルテイクチャージ
2023101633,ビッグアーサー,ダイワメジャー
2023106006,ミッキーアイル,サクラバクシンオー
2023103098,アメリカンペイトリオット,ダイワメジャー
2023100018,レイデオロ,エンパイアメーカー
2023105681,ブリックスアンドモルタル,ディープインパクト
2023100745,リアルスティール,キングカメハメハ
2023103463,キズナ,Scat Daddy
2023102775,ゴールドシップ,カネヒキリ
2023104919,ワールドプレミア,ルーラーシップ
2023105004,コントレイル,Medaglia d'Oro
2023106548,ダノンプレミアム,バゴ
2023105385,コントレイル,Astrology
2023105372,コントレイル,American Pharoah
2023100555,マクフィ,ハーツクライ
2023101722,ミッキーアイル,クロフネ
2023105500,ダイワメジャー,ロードカナロア
2023106339,タワーオブロンドン,Sea The StarsSea the Stars
2023101396,スワーヴリチャード,Macho Uno
2023107466,トウケイヘイロー,エンパイアメーカー
2023101971,シニスターミニスター,ヘニーヒューズ
2023104966,ヴァンゴッホ,タイキシャトル
2023101415,ゴールドドリーム,サクラバクシンオー
2023104586,レッドファルクス,ロードカナロア
2023110035,Maclean's Music,A.P. Indy
2023107480,サンダースノー,キングカメハメハ
2023105232,オルフェーヴル,キングカメハメハ
2023102177,ホッコータルマエ,ハーツクライ
2023103350,マクフィ,クロフネ
2023106558,サンライズソア,サンライズペガサス
2023103380,キタサンブラック,Kitten's Joy
2023104944,ウインブライト,Invincible Spirit
2023106705,ナダル,ディープインパクト
2023100130,モズアスコット,オルフェーヴル
2023105537,ルーラーシップ,フレンチデピュティ
2020104758,ラブリーデイ,スウェプトオーヴァーボード
2021106918,レイデオロ,ダイワメジャー
2023102255,アドマイヤムーン,フォーティナイナー
2023102993,キセキ,マンハッタンカフェ
2023104344,ディープブリランテ,クロフネ
2023104864,リオンディーズ,ブラックタイド
2023104073,カリフォルニアクローム,ワイルドラッシュ
2023105641,ヴァンゴッホ,キングカメハメハ
2023105142,オーヴァルエース,クロフネ
2023100275,リアルスティール,キングカメハメハ
2023100482,オルフェーヴル,ジャングルポケット
2023102561,Kingman,Starspangledbanner
2023100701,ニューイヤーズデイ,ネオユニヴァース
2023101714,ゴールドドリーム,エイシンフラッシュ
2023102184,カリフォルニアクローム,ルーラーシップ
2023100486,ダノンプレミアム,ゴールドアリュール
2023105790,ロードカナロア,ディープインパクト
2023105647,キタサンブラック,Galileo
2023104695,ルーラーシップ,シンボリクリスエス
2023101677,アルアイン,ハービンジャー
2023104773,ノーブルミッション,マーベラスサンデー
2022106616,ワンアンドオンリー,ノヴェリスト
2021103177,シルバーステート,モンテロッソ
2022105496,キタサンブラック,ヴィクトワールピサ
2022103525,キタサンブラック,コロナドズクエストCoronado'
2023101062,クリソベリル,ヘニーヒューズ
2023105765,シルバーステート,Smarty Jones
2023100166,ミスチヴィアスアレックス,バゴ
2023104792,イスラボニータ,シンボリクリスエス
2023100107,コントレイル,ヴィクトワールピサ
2023104863,マクフィ,ハービンジャー
2023100249,フォーウィールドライブ,アドマイヤベガ
2023101937,ダノンキングリー,ケイムホーム
2023110042,Good Magic,マジェスティックウォリアー
2023106971,レイデオロ,ワークフォース
2023102773,ロジャーバローズ,クロフネ
2023103868,ゴールドドリーム,エピファネイア
2023105735,モズアスコット,サクラバクシンオー
2023100492,ラブリーデイ,スピルバーグ
2023105882,クリソベリル,キングカメハメハ
2023105019,ドレフォン,オルフェーヴル
2023103614,ブリックスアンドモルタル,アグネスタキオン
2023101665,ウォータービルド,オペラハウス
2023103343,エピファネイア,ロックオブジブラルタル
2023100990,スワーヴリチャード,クロフネ
2023105417,キタサンブラック,ロードカナロア
2023101395,スワーヴリチャード,Bernardini
2023103591,ロードカナロア,Galileo
2023104407,マクフィ,ルーラーシップ
2023101398,スワーヴリチャード,ステイゴールド
2023106639,ドレフォン,ディープインパクト
2023106552,サトノダイヤモンド,グラスワンダー
2023106668,ダノンプレミアム,ダンカーク
2023107545,Charlatan,ストリートセンス
2023104071,デクラレーションオブウォー,Roman Ruler
2023106653,ルヴァンスレーヴ,ハーツクライ
2023106000,イスラボニータ,Tale of the Cat
2023102995,シャンハイボビー,サウスヴィグラス
2023101883,ハギノハイブリッド,ディープインパクト
2023106213,アポロケンタッキー,スペシャルウィーク
2023101703,ヘニーヒューズ,エピファネイア
2023100843,ミスターメロディ,ゼンノロブロイ
2023104525,アジアエクスプレス,ハーツクライ
2020104523,アジアエクスプレス,ネオユニヴァース
2023106323,ニューイヤーズデイ,ノヴェリスト
2023106669,オウケンワールド,オルフェーヴル
2023102145,ダノンキングリー,Cape Cross
2023106186,サンダースノー,Dubawi
2023101940,ミッキーアイル,キングカメハメハ
2023107444,アドマイヤマーズ,ネオユニヴァース
2023106358,サトノアラジン,ヨハネスブルグ
2023100916,マテラスカイ,クロフネ
2023101568,コパノリッキー,オルフェーヴル
2023100566,バンドワゴン,ハーツクライ
2023106568,ホッコータルマエ,マンハッタンカフェ
2023107139,ドレフォン,Essence of Dubai
2023106917,Wootton Bassett,War Front
2023103330,エピファネイア,Tiznow
2023104938,アドマイヤマーズ,ワイルドラッシュ
2023105639,カリフォルニアクローム,ハーツクライ
2023101780,ウォータービルド,アンライバルド
2023102736,ロンドンタウン,ダイワメジャー
2023103884,ロードカナロア,Archarcharch
2023104057,クリソベリル,ルーラーシップ
2023105821,Essential Quality,Showcasing
2023104570,サトノジェネシス,ブラックホーク
2023104066,ホッコータルマエ,スズカマンボ
2023104989,ロジャーバローズ,アグネスデジタル
2023100329,クリソベリル,パイロ
2023105088,ヴァンゴッホ,キングカメハメハ
2023102125,Saxon Warrior,Showcasing
2023107432,モズアスコット,ドゥラメンテ
2023105634,タワーオブロンドン,ディープインパクト
2023105042,シルバーステート,Corinthian
2023102080,ゴールドシップ,メイショウボーラー
2023105734,モズアスコット,クロフネ
2023103359,サートゥルナーリア,ゼンノロブロイ
2023102174,ウインブライト,スマートファルコン
2023106210,キズナ,Oscar
2023102451,ベンバトル,ディープブリランテ
2023103286,インディチャンプ,Teofilo
2023102919,サトノアラジン,ブライアンズタイムBrian'
2023100868,フィエールマン,オルフェーヴル
2023104046,ドレフォン,ディープインパクト
2023102952,アルアイン,Flashy Bull
2023104252,マジェスティックウォリアー,ゴールドアリュール
2023102987,オルフェーヴル,Frankel
2023101743,シルバーステート,ヨハネスブルグ
2023107477,ニューイヤーズデイ,オルフェーヴル
2023103546,ブリックスアンドモルタル,クロフネ
2023101204,アルアイン,アグネスデジタル
2023101053,ニューイヤーズデイ,Teofilo
2023104677,アジアエクスプレス,キングヘイロー
2023105793,コントレイル,キングカメハメハ
2023106825,ブリックスアンドモルタル,ジャングルポケット
2023103460,ロードカナロア,ハーツクライ
2023104405,コントレイル,Frankel
2023104320,フィエールマン,エンパイアメーカー
2023100477,リアルスティール,エンパイアメーカー
2023105569,ワールドプレミア,モーリス
2023104546,サトノダイヤモンド,キングカメハメハ
2023105349,コントレイル,キンシャサノキセキ
2020103473,サトノダイヤモンド,Oratorio
2020103647,サトノダイヤモンド,El Corredor
2023100906,ドレフォン,スペシャルウィーク
2023103070,ゴールドドリーム,ハービンジャー
2023106550,ゴールドドリーム,エンパイアメーカー
2023100978,ディーマジェスティ,Pioneerof the Nile
2023103998,ビーチパトロール,キャプテンスティーヴ
2023103630,サトノダイヤモンド,ストリートセンス
2023101356,サトノダイヤモンド,ロードカナロア
2023103264,ファインニードル,ロードカナロア
2023105321,エピファネイア,キングヘイロー
2023105847,Night of Thunder,Sea The StarsSea the Stars
2023105470,サートゥルナーリア,ディープインパクト
2023100197,ハクサンムーン,ステイゴールド
2023102992,サトノアラジン,スウェプトオーヴァーボード
2023106804,ロードカナロア,ディープインパクト
2023100188,ビッグアーサー,アグネスタキオン
2020105539,キタサンブラック,キングカメハメハ
2023104060,ヘニーヒューズ,ハーツクライ
2023107205,アルアイン,Medaglia d'Oro
2023105163,ベンバトル,アグネスタキオン
2023102949,エピファネイア,クロフネ
2023102933,サトノダイヤモンド,ルーラーシップ
2023103890,ドレフォン,マンハッタンカフェ
2023102519,レイデオロ,メイショウサムソン
2023102187,アルアイン,Tiznow
2023102481,カリフォルニアクローム,パレスマリス
2023102609,モズアスコット,Tiznow
2021100695,レインボーライン,ジャングルポケット
2023104861,ナダル,ネオユニヴァース
2023105435,バンブーエール,ロージズインメイ
2023100709,ルヴァンスレーヴ,ディープインパクト
2023103638,タワーオブロンドン,サンデーサイレンス
2023100751,ディスクリートキャット,ステイゴールド
2023102129,シニスターミニスター,ヘニーヒューズ
2023100919,ヘニーヒューズ,ブライアンズタイムBrian'
2023103007,トランセンド,エンパイアメーカー
2023106022,ビッグアーサー,ハービンジャー
2023101499,シャンハイボビー,ロゴタイプ
2023104076,クリソベリル,エンパイアメーカー
2023104939,ホッコータルマエ,ゴールドアリュール
2023100233,ゴールドドリーム,オペラハウス
2023100235,トランセンド,ディープインパクト
2023100417,オルフェーヴル,キングカメハメハ
2023102582,シニスターミニスター,サウスヴィグラス
2023103562,イスラボニータ,ダイワメジャー
2023102930,ミスターメロディ,ハーツクライ
2023105966,キズナ,Manipulator
2023101282,ダノンバラード,マジェスティックウォリアー
2023105613,クリソベリル,カジノドライヴ
2023101523,モズアスコット,Uncle Mo
2023106399,ポエティックフレア,ハーツクライ
2023102225,シルバーステート,Mr. Greeley
2023102611,キタサンブラック,Bernardini
2023103170,コントレイル,Street Cry
2023105788,ロードカナロア,War Front
2023106566,サトノアラジン,デュランダル
2023103785,マインドユアビスケッツ,クロフネ
2023105819,アドマイヤマーズ,ロードカナロア
2023102943,アジアエクスプレス,ブライアンズタイムBrian'
2023101615,ルーラーシップ,ジェイドロバリー
2023106775,ダノンプレミアム,スクリーンヒーロー
2023100335,ロードカナロア,ジャングルポケット
2023105994,リアルスティール,ロードカナロア
2023103411,シルバーステート,Dance Brightly
2023103655,フィエールマン,ダノンシャンティ
2023105044,ゴールドシップ,ブライアンズタイムBrian'
2020104520,ヴィクトワールピサ,ブライアンズタイムBrian'
2023104277,リアルインパクト,アドマイヤコジーン
2023103893,キズナ,Istan
2023101650,ルヴァンスレーヴ,ストリートセンス
2023100855,ルヴァンスレーヴ,ダノンシャンティ
2023100505,オルフェーヴル,エイシンフラッシュ
2023102549,シニスターミニスター,ワイルドラッシュ
2023104367,フィエールマン,ヤマニンセラフィム
2023105881,リアルスティール,シンボリクリスエス
2023104608,イスラボニータ,キズナ
2023105643,コントレイル,ジャスタウェイ
2023101585,リオンディーズ,ドリームジャーニー
2023100493,マクフィ,ディープブリランテ
2023102733,イスラボニータ,ブライアンズタイムBrian'
2023104999,フィレンツェファイア,ハーツクライ
2023110083,Charlatan,Medaglia d'Oro
2023102037,サトノクラウン,タニノギムレット
2023104959,アニマルキングダム,ヨハネスブルグ
2023106237,ジョーカプチーノ,クロフネ
2023103515,シャンハイボビー,ディープインパクト
2023103819,ニューイヤーズデイ,オルフェーヴル
2023103242,サートゥルナーリア,ハーツクライ
2018101970,ノヴェリスト,ホワイトマズル
2023104012,カレンブラックヒル,ネオユニヴァース
2023107469,モーニン,ファルブラヴ
2023100786,ディーマジェスティ,キングカメハメハ
2023101069,ミスチヴィアスアレックス,メイショウボーラー
2023104385,マジェスティックウォリアー,マンハッタンカフェ
2023105993,キセキ,ダンスインザダーク
2023101924,ゴールドドリーム,ヴァーミリアン
2023100899,ダノンスマッシュ,ハーツクライ
2023106652,リオンディーズ,ハーツクライ
2023101949,ダノンスマッシュ,オレハマッテルゼ
2023103497,ロードカナロア,ハーツクライ
2022106619,キズナ,キングカメハメハ
2020104228,パイロ,キングカメハメハ
2023101691,ディスクリートキャット,ブラックタイド
2023102458,サトノダイヤモンド,エンパイアメーカー
2023101725,シャンハイボビー,マンハッタンカフェ
2023101281,ミッキーアイル,スズカマンボ
2023106322,レイデオロ,ダンスインザダーク
2023102384,マインドユアビスケッツ,Danehill Dancer
2023103315,オルフェーヴル,ジャングルポケット
2023104171,キタサンブラック,バゴ
2023100846,マクフィ,ハービンジャー
2023102185,ビッグアーサー,ヴィクトワールピサ
2023106189,シルバーステート,Zoffany
2023102214,ルーラーシップ,ディープインパクト
2023105323,キタサンブラック,Monsun
2023107543,Zoustar,Lonhro
2023104202,イスラボニータ,Street Cry
2023105126,マクフィ,キングカメハメハ
2023103808,ナダル,Sageburg
2023100050,アジアエクスプレス,ワールドエース
2023101738,シュヴァルグラン,ロードカナロア
2023104747,シャンハイボビー,ディープブリランテ
2023100582,ルーラーシップ,ディープインパクト
2023106030,サートゥルナーリア,ハーツクライ
2023102863,ダノンキングリー,Mr. Greeley
2023103260,ダノンスマッシュ,シンボリクリスエス
2023106909,Saxon Warrior,Le Havre
2023100096,ダノンスマッシュ,ディープブリランテ
2023103428,ジャスタウェイ,Almutawakel
2023101879,ベンバトル,アグネスタキオン
2023100338,アジアエクスプレス,ロードカナロア
2023107236,エピファネイア,Galileo
2023106361,ハービンジャー,Get Stormy
2022105567,ナダル,エンパイアメーカー
2023103169,デクラレーションオブウォー,ディープインパクト
2023104364,リオンディーズ,ヤマニンセラフィム
2023105086,スマートファルコン,ネオユニヴァース
2023103017,フィレンツェファイア,ネオユニヴァース
2023102483,ナダル,スズカマンボ
2023102766,シャンハイボビー,キングカメハメハ
2023102764,イスラボニータ,エピファネイア
2023103758,オルフェーヴル,Dynaformer
2023110084,Gun Runner,エンパイアメーカー
2023103192,ブリックスアンドモルタル,マンハッタンカフェ
2023107516,Frankel,Arcano
2023102022,ルヴァンスレーヴ,コロナドズクエストCoronado'
2023100552,グレーターロンドン,ディスクリートキャット
2023102232,サートゥルナーリア,キンシャサノキセキ
2023106134,モズアスコット,スニッツェル
2023102469,ナダル,マンハッタンカフェ
2023106911,サートゥルナーリア,ディープインパクト
2023105094,ホッコータルマエ,キングズベストKing'
2023103538,キズナ,Footstepsinthesand
2023103154,ダノンキングリー,クロフネ
2023101198,ベンバトル,ルーラーシップ
2023104615,ゴールドシップ,Wilburn
2023107290,サトノクラウン,ディープインパクト
2023102994,ロジャーバローズ,ジャングルポケット
2023106217,ルヴァンスレーヴ,マンハッタンカフェ
2023106070,ミッキーアイル,ゼンノロブロイ
2023101969,ヤマカツエース,シニスターミニスター
2023101700,リアルインパクト,ホワイトマズル
2023104008,キズナ,クロフネ
2023103168,フィレンツェファイア,Medaglia d'Oro
2023106194,モズアスコット,シンボリクリスエス
2023100526,ディーマジェスティ,ゼンノロブロイ
2022104796,ナダル,ゼンノロブロイ
2023102934,ルヴァンスレーヴ,ハーツクライ
2023100699,アジアエクスプレス,シニスターミニスター
2023102838,キンシャサノキセキ,Invincible Spirit
2023104987,マジェスティックウォリアー,キングカメハメハ
2023104403,ドレフォン,エピファネイア
2023106724,エピカリス,サウスヴィグラス
2023100429,キタサンブラック,ジョーカプチーノ
2023107252,サートゥルナーリア,Not for Sale
2023104605,ダノンプレミアム,ハービンジャー
2023101156,キズナ,コマンズ
2021106743,ファインニードル,オルフェーヴル
2023106616,クリソベリル,キングカメハメハ
2023101355,ブリックスアンドモルタル,ワークフォース
2023101054,サートゥルナーリア,Mr. Greeley
2023102233,アルアイン,Wildcat Heir
2023101187,イスラボニータ,タートルボウル
2023100664,ゴールドドリーム,トーセンブライト
2023104652,リオンリオン,ステイゴールド
2023107519,Curlin,First Dude
2023107309,エピファネイア,ハーツクライ
2023100905,グレーターロンドン,ブライアンズタイムBrian'
2023101439,カリフォルニアクローム,ケイムホーム
2023101989,マジェスティックウォリアー,アルデバラン
2023105675,シルバーステート,Union Rags
2023105696,ハクサンムーン,ハーツクライ
2023105302,キズナ,Reset
2023105680,ラブリーデイ,ディープインパクト
2023101934,スワーヴリチャード,オペラハウス
2023101891,キズナ,キングカメハメハ
2021107022,イスラボニータ,タヤスツヨシ
2023104947,キタサンブラック,Street Cry
2023101006,キセキ,スペシャルウィーク
2023102585,シルバーステート,クロフネ
2023100490,アルアイン,タヤスツヨシ
2023104759,ゴールドアクター,オンファイア
2022104892,ミッキーアイル,キングカメハメハ
2022103728,American Pharoah,Stripes Song
2023104326,ミスチヴィアスアレックス,ヘニーヒューズ
2023102051,ミッキーアイル,シニスターミニスター
2023102569,フィレンツェファイア,モーリス
2023104982,マクフィ,ルーラーシップ
2023106961,ドレフォン,サクラバクシンオー
2023104264,リオンディーズ,アグネスタキオン
2023105090,ブリックスアンドモルタル,ストリートセンス
2023104865,シニスターミニスター,マンハッタンカフェ
2023106302,シニスターミニスター,Hard Spun
2023102840,イスラボニータ,Pivotal
2023102035,シルバーステート,Darshaan
2023105458,スワーヴリチャード,バゴ
2023101899,リオンリオン,Elusive Quality
2023100551,サートゥルナーリア,パイロ
2023106561,ヴァンゴッホ,ブラックタイド
2023101639,デクラレーションオブウォー,マンハッタンカフェ
2023104441,パイロ,シンボリクリスエス
2023104062,サートゥルナーリア,ハーツクライ
2023101038,モーニン,アグネスタキオン
2023102020,ナダル,ロードカナロア
2023100218,リアルスティール,クロフネ
2023105221,ジャスタウェイ,エンパイアメーカー
2023101844,インディチャンプ,ヘニーヒューズ
2023105415,シルバーステート,Exceed And Excel
2023103449,サトノクラウン,ディープインパクト
2023102524,フィエールマン,ドゥラメンテ
2023110010,Yaupon,Tiznow
2023101379,サトノダイヤモンド,ストロングリターン
2023104858,ルヴァンスレーヴ,キングカメハメハ
2023105508,スクリーンヒーロー,キングカメハメハ
2023107219,リオンディーズ,モーリス
2021110160,Night of Thunder,Nayef
2023100903,マクフィ,ディープインパクト
2023103167,フォーウィールドライブ,アドマイヤムーン
2023106010,クリソベリル,ヴィクトワールピサ
2023105204,シルバーステート,オルフェーヴル
2023105399,キタサンブラック,Lion Heart
2023100918,コントレイル,Harlan's Holiday
2023104470,トゥザワールド,シーキングザダイヤ
2023104897,ホッコータルマエ,ウォーエンブレム
2023100622,グァンチャーレ,ステイゴールド
2023100568,サンライズソア,サウスヴィグラス
2023101263,ミスチヴィアスアレックス,スペシャルウィーク
2023105118,イスラボニータ,クロフネ
2023100098,クリソベリル,オルフェーヴル
2022103770,サートゥルナーリア,ハーツクライ
2019103829,キングカメハメハ,ハーツクライ
2023101759,ワールドエース,エンパイアメーカー
2023101380,ナダル,スペシャルウィーク
2023106137,シャンハイボビー,キンシャサノキセキ
2023107506,Exceedance,Lonhro
2023105017,リオンディーズ,サウスヴィグラス
2023105571,ワールドプレミア,キングカメハメハ
2023105029,ホッコータルマエ,ディープブリランテ
2023106216,ルヴァンスレーヴ,クロフネ
2023103213,ダノンスマッシュ,ゼンノロブロイ
2023100984,ファインニードル,ブラックタイド
2023101234,デクラレーションオブウォー,マンハッタンカフェ
2023102216,スワーヴリチャード,オルフェーヴル
2021107356,ドレフォン,Giant's Causeway
2023100057,コパノリッキー,プリサイスエンド
2023104745,ホッコータルマエ,ゴールドアリュール
2023105856,ベンバトル,ステイゴールド
2023107503,オーヴァルエース,ゴールドアリュール
2023101506,ビッグアーサー,ステイゴールド
2023105767,タワーオブロンドン,ディープブリランテ
2023104413,キズナ,タートルボウル
2023104921,キタノコマンドール,サウスヴィグラス
2023101175,ハービンジャー,ステイゴールド
2023107485,ディスクリートキャット,ヴィクトワールピサ
2021104310,コパノリッキー,エンパイアメーカー
2023100907,Uncle Mo,Le Havre
2023105731,ゴールドシップ,クロフネ
2023101882,ブリックスアンドモルタル,シンボリクリスエス
2023105809,ダノンスマッシュ,ハーツクライ
2023105364,キタサンブラック,Shamardal
2023103255,ダノンプレミアム,グラスワンダー
2023107040,ダノンプレミアム,ジャスタウェイ
2023107341,コントレイル,Mr. Greeley
2023100058,トーセンラー,タニノギムレット
2023101181,パイロ,ディープスカイ
2023103193,クリソベリル,チーフベアハート
2023101162,パイロ,ディープインパクト
2023106792,サトノクラウン,ジャングルポケット
2023107332,キタサンブラック,Uncle Mo
2023107308,サートゥルナーリア,ディープブリランテ
2023101876,レイデオロ,ディープインパクト
2023105494,タリスマニック,タイキシャトル
2023106918,ゴールドシップ,Noverre
2023102742,ショウナンバッハ,ロードカナロア
2023105816,ロードカナロア,Distorted Humor
2023104448,デクラレーションオブウォー,スペシャルウィーク
2023106998,ワールドエース,Zamindar
2023104667,インディチャンプ,Kitten's Joy
2023100471,クリソベリル,ワイルドラッシュ
2023106181,キタノコマンドール,Frankel
2023105804,エピファネイア,Hard Spun
2023104882,サートゥルナーリア,ステイゴールド
2023103295,シャンハイボビー,Manduro
2023104473,ミッキーアイル,エンパイアメーカー
2023105851,ゴールドシップ,ボストンハーバー
2023106799,モーリス,ハーツクライ
2023103340,サトノアラジン,ルーラーシップ
2023105740,モズアスコット,カリフォルニアクローム
2023106922,キタサンブラック,Siyouni
2023110076,Home Affairs,Zoustar
2023104230,サンダースノー,ブラックタイド
2023101803,マジェスティックウォリアー,アドマイヤオーラ
2024106614,キタサンブラック,Mizzen Mast
2024106533,サトノクラウン,アグネスタキオン
2024105967,レイデオロ,Fastnet Rock
2024106285,オルフェーヴル,El Corredor
2024105431,コントレイル,ロードカナロア
2024107011,イスラボニータ,Lope de Vega
2023105805,ダノンプレミアム,Australia
2023100497,コントレイル,Frankel
2023102228,モーリス,キングカメハメハ
2023105030,デクラレーションオブウォー,ダイワメジャー
2023101909,ヘンリーバローズ,アサクサデンエン
2023105075,リオンディーズ,ブラックタイド
2024106262,マインドユアビスケッツ,ダイワメジャー
2024106603,シスキン,リンカーン
2024103936,タニノフランケル,エピファネイア
2024106204,サトノクラウン,ダイワメジャー
2024107310,アジアエクスプレス,モーリス
2024106729,ディスクリートキャット,アグネスタキオン
2024105823,イスラボニータ,エピファネイア
2024103507,オメガパフューム,フジキセキ
2024101984,サリオス,クロフネ
2024100009,サリオス,エピファネイア
2024104426,ブラックタイド,キングカメハメハ
2023105028,レイデオロ,マンハッタンカフェ
2023101974,サトノダイヤモンド,キングカメハメハ
2024100445,グレーターロンドン,Stroll
2024106969,サリオス,Songandaprayer
2024105815,サングレーザー,ロードカナロア
2024104986,カリフォルニアクローム,タイキシャトル
2024105434,ジャンダルム,ボストンハーバー
2024104520,サリオス,ドレフォン
2024100751,デクラレーションオブウォー,ダイワメジャー
2024102560,ベンバトル,フジキセキ
2024108275,Jackie's Warrior,Bernardini
2024100498,イスラボニータ,Raven's Pass
2024100505,ウインブライト,ワークフォース
2024103097,ヘニーヒューズ,ゴールドアリュール
2024100725,ブリックスアンドモルタル,ナリタトップロード
2024103349,マインドユアビスケッツ,ダイワメジャー
2024103535,パイロ,ノヴェリスト
2024107172,クリソベリル,シンボリクリスエス
2024106350,ナダル,ハーツクライ
2024106019,ダノンキングリー,クロフネ
2024101729,ナダル,コロナドズクエストCoronado'
2024108222,Munnings,Distorted Humor
2024107177,インカンテーション,ダンカーク
2024100807,モーニン,ハーツクライ
2024106421,ドレフォン,ゴールドヘイロー
2024104216,ヒロシゲゴールド,ドゥラメンテ
2023107525,Bolt d'Oro,ダンカーク
2023101888,レッドファルクス,マイネルラヴ
2023103194,サトノダイヤモンド,ロードカナロア
2023100944,シニスターミニスター,キングカメハメハ
2024106282,エフフォーリア,フジキセキ
2024100727,キズナ,ハーツクライ
2024104698,キズナ,マンハッタンカフェ
2024106368,キタサンブラック,Laoban
2024100190,ルーラーシップ,ゼンノロブロイ
2024106944,エピファネイア,フレンチデピュティ
2024105958,ルーラーシップ,ワークフォース
2024107194,ジャスタウェイ,ディープインパクト
2019100675,アドマイヤムーン,トウカイテイオー
2023101426,カリフォルニアクローム,ヘニーヒューズ
2023101335,シルバーステート,フジキセキ
2023104330,タワーオブロンドン,ホワイトマズル
2023105010,サトノダイヤモンド,Street Cry
2024107248,サートゥルナーリア,ダイワメジャー
2024106131,ミスターメロディ,ワークフォース
2024107063,Karakontie,Frankel
2024105496,デクラレーションオブウォー,アルデバラン
2024101744,ビッグアーサー,マンハッタンカフェ
2024106654,エピファネイア,キングカメハメハ
2024100673,タワーオブロンドン,Lope de Vega
2024104988,ロードカナロア,Teofilo
2024106442,ダノンキングリー,キングカメハメハ
2023103708,キタサンブラック,クロフネ
2023102222,キズナ,Galileo
2022101603,サンダースノー,ディープインパクト
2023103096,レイデオロ,Manduro
2023103172,サトノクラウン,クロフネ
2023101029,タワーオブロンドン,タニノギムレット
2023104374,コントレイル,ロードカナロア
2023102082,シニスターミニスター,エンパイアメーカー
2023100592,アジアエクスプレス,ルーラーシップ
2023110039,American Pharoah,Hard Spun
2024100521,インディチャンプ,クロフネ
2024106461,スワーヴリチャード,Giant's Causeway
2024106976,サートゥルナーリア,Violence
2024106674,キズナ,Creative Cause
2024106229,アドマイヤマーズ,Siyouni
2024108273,Charlatan,Tapit
2024105760,スワーヴリチャード,アグネスタキオン
2024106922,ダノンキングリー,Frankel
2024106948,ロードカナロア,Equiano
2023106906,インディチャンプ,ホワイトマズル
2023105624,タワーオブロンドン,スマートファルコン
2023101866,ウォータービルド,ウォーターリーグ
2023104953,サンダースノー,エンパイアメーカー
2023106224,マクフィ,エンパイアメーカー
2023107542,I Am Invincible,Written Tycoon
2023103911,シスキン,ダイワメジャー
2023107514,Blue Point,So You Think
2023101483,モズアスコット,オルフェーヴル
2023107137,モーリス,ロードカナロア
2023102960,ダノンキングリー,Shackleford
2023101944,サトノダイヤモンド,The Leopard
2020102932,ダイワメジャー,ワークフォース
